2026-08-14 11:21:27.755 [daemon] INFO: Kotlin compiler daemon version 2.1.20-release-217
2026-08-14 11:21:27.821 [daemon] INFO: daemon JVM args: -Djava.io.tmpdir=D:/aarambh/.tmp-build -Djava.awt.headless=true -Djava.rmi.server.hostname=127.0.0.1 -Xmx2048m -XX:MaxMetaspaceSize=512m -XX:ReservedCodeCacheSize=320m -Dkotlin.environment.keepalive -ea -XX:+UseCodeCacheFlushing -XX:+UseParallelGC -Dkotlin.daemon.initiator.marker.file=D:\aarambh\.tmp-build\kotlin-compiler-in-expogradleplugin-16492466878395323379.alive --add-exports=java.base/sun.nio.ch=ALL-UNNAMED
2026-08-14 11:21:27.845 [daemon] INFO: daemon args: --daemon-runFilesPath C:\Users\USER\AppData\Local\kotlin\daemon --daemon-autoshutdownIdleSeconds=7200 --daemon-compilerClasspath C:\Users\USER\.gradle\caches\modules-2\files-2.1\org.jetbrains.kotlin\kotlin-compiler-embeddable\2.1.20\4ef56b3316798316bfac7a0ae443391c9e900ea1\kotlin-compiler-embeddable-2.1.20.jar;C:\Users\USER\.gradle\caches\modules-2\files-2.1\org.jetbrains.kotlin\kotlin-stdlib\2.1.20\aa8ca79cd50578314f6d1180c47cbe14c0fee567\kotlin-stdlib-2.1.20.jar;C:\Users\USER\.gradle\caches\modules-2\files-2.1\org.jetbrains.kotlin\kotlin-script-runtime\2.1.20\f7c623d7f7bdb01f5ccd6b437bc0a937fcd7c57e\kotlin-script-runtime-2.1.20.jar;C:\Users\USER\.gradle\caches\modules-2\files-2.1\org.jetbrains.kotlin\kotlin-reflect\1.6.10\1cbe9c92c12a94eea200d23c2bbaedaf3daf5132\kotlin-reflect-1.6.10.jar;C:\Users\USER\.gradle\caches\modules-2\files-2.1\org.jetbrains.kotlin\kotlin-daemon-embeddable\2.1.20\95670fce77befd02a70a0bc3abe8ee4533521334\kotlin-daemon-embeddable-2.1.20.jar;C:\Users\USER\.gradle\caches\modules-2\files-2.1\org.jetbrains.intellij.deps\trove4j\1.0.20200330\3afb14d5f9ceb459d724e907a21145e8ff394f02\trove4j-1.0.20200330.jar;C:\Users\USER\.gradle\caches\modules-2\files-2.1\org.jetbrains.kotlinx\kotlinx-coroutines-core-jvm\1.8.0\ac1dc37a30a93150b704022f8d895ee1bd3a36b3\kotlinx-coroutines-core-jvm-1.8.0.jar;C:\Users\USER\.gradle\caches\modules-2\files-2.1\org.jetbrains\annotations\13.0\919f0dfe192fb4e063e7dacadee7f8bb9a2672a9\annotations-13.0.jar
2026-08-14 11:21:27.925 [daemon] INFO: starting daemon
2026-08-14 11:21:28.191 [compiler] INFO: Registered a client alive file: D:\aarambh\.tmp-build\kotlin-compiler-in-expogradleplugin-16492466878395323379.alive
2026-08-14 11:21:28.192 [compiler] INFO: Periodic liveness check activities configured
2026-08-14 11:21:28.195 [daemon] INFO: daemon is listening on port: 17034
2026-08-14 11:21:28.199 [compiler] INFO: initiate elections
2026-08-14 11:21:28.363 [compiler] INFO: getDaemonJVMOptions: DaemonJVMOptions(maxMemory=2048m, maxMetaspaceSize=512m, reservedCodeCacheSize=320m, jvmParams=[-Djava.io.tmpdir=D:/aarambh/.tmp-build, -Djava.awt.headless=true, -Djava.rmi.server.hostname=127.0.0.1, -Dkotlin.environment.keepalive, -ea, -XX:+UseCodeCacheFlushing, -XX:+UseParallelGC, -Dkotlin.daemon.initiator.marker.file=D:\aarambh\.tmp-build\kotlin-compiler-in-expogradleplugin-16492466878395323379.alive, --add-exports=java.base/sun.nio.ch=ALL-UNNAMED, Dkotlin.environment.keepalive, ea])
2026-08-14 11:21:28.380 [compiler] INFO: Registered a client alive file: D:\aarambh\.tmp-build\kotlin-compiler-in-expogradleplugin-16492466878395323379.alive
2026-08-14 11:21:28.386 [compiler] INFO: leased a new session 1, session alive file: D:\aarambh\frontend\node_modules\expo-modules-autolinking\android\expo-gradle-plugin\.kotlin\sessions\kotlin-compiler-3695533039025389767.salive
2026-08-14 11:21:28.492 [compiler] INFO: Starting compilation with args: -Xallow-no-source-files -classpath C:\Users\USER\.gradle\caches\modules-2\files-2.1\org.jetbrains.kotlinx\kotlinx-serialization-json-jvm\1.6.3\2241746853abf04073e3ab0dcd9e6729d363b313\kotlinx-serialization-json-jvm-1.6.3.jar;C:\Users\USER\.gradle\caches\modules-2\files-2.1\org.jetbrains.kotlinx\kotlinx-serialization-core-jvm\1.6.3\6b6c17d0312ba7192893adea9d52959941d0119b\kotlinx-serialization-core-jvm-1.6.3.jar;C:\Users\USER\.gradle\caches\modules-2\files-2.1\org.jetbrains.kotlin\kotlin-stdlib\2.1.20\aa8ca79cd50578314f6d1180c47cbe14c0fee567\kotlin-stdlib-2.1.20.jar;C:\Users\USER\.gradle\caches\modules-2\files-2.1\org.jetbrains\annotations\13.0\919f0dfe192fb4e063e7dacadee7f8bb9a2672a9\annotations-13.0.jar -d D:\aarambh\frontend\node_modules\expo-modules-autolinking\android\expo-gradle-plugin\expo-autolinking-plugin-shared\build\classes\kotlin\main -jdk-home C:\Program Files\Eclipse Adoptium\jdk-17.0.18.8-hotspot -jvm-target 11 -module-name expo-autolinking-plugin-shared -no-reflect -no-stdlib -Xplugin=C:\Users\USER\.gradle\caches\modules-2\files-2.1\org.jetbrains.kotlin\kotlin-scripting-compiler-embeddable\2.1.20\efd094224781affbc9aa8c60c5cae926517e028f\kotlin-scripting-compiler-embeddable-2.1.20.jar,C:\Users\USER\.gradle\caches\modules-2\files-2.1\org.jetbrains.kotlin\kotlin-serialization-compiler-plugin-embeddable\2.1.20\9cbdd5225afbef5917e6f7d9430b6c901940286\kotlin-serialization-compiler-plugin-embeddable-2.1.20.jar,C:\Users\USER\.gradle\caches\modules-2\files-2.1\org.jetbrains.kotlin\kotlin-scripting-compiler-impl-embeddable\2.1.20\26fd748997fdde79281d4cd4e5dff73a9276067\kotlin-scripting-compiler-impl-embeddable-2.1.20.jar,C:\Users\USER\.gradle\caches\modules-2\files-2.1\org.jetbrains.kotlin\kotlin-scripting-jvm\2.1.20\963b49de86cb5ee7cddf8724187d1658ac85e4ef\kotlin-scripting-jvm-2.1.20.jar,C:\Users\USER\.gradle\caches\modules-2\files-2.1\org.jetbrains.kotlin\kotlin-scripting-common\2.1.20\29a91fb9489edffc21d296b565d9bb62476971b7\kotlin-scripting-common-2.1.20.jar,C:\Users\USER\.gradle\caches\modules-2\files-2.1\org.jetbrains.kotlin\kotlin-stdlib\2.1.20\aa8ca79cd50578314f6d1180c47cbe14c0fee567\kotlin-stdlib-2.1.20.jar,C:\Users\USER\.gradle\caches\modules-2\files-2.1\org.jetbrains\annotations\13.0\919f0dfe192fb4e063e7dacadee7f8bb9a2672a9\annotations-13.0.jar,C:\Users\USER\.gradle\caches\modules-2\files-2.1\org.jetbrains.kotlin\kotlin-script-runtime\2.1.20\f7c623d7f7bdb01f5ccd6b437bc0a937fcd7c57e\kotlin-script-runtime-2.1.20.jar D:\aarambh\frontend\node_modules\expo-modules-autolinking\android\expo-gradle-plugin\expo-autolinking-plugin-shared\src\main\kotlin\expo\modules\plugin\AutolinkigCommandBuilder.kt D:\aarambh\frontend\node_modules\expo-modules-autolinking\android\expo-gradle-plugin\expo-autolinking-plugin-shared\src\main\kotlin\expo\modules\plugin\configuration\ExpoAutolinkingConfig.kt D:\aarambh\frontend\node_modules\expo-modules-autolinking\android\expo-gradle-plugin\expo-autolinking-plugin-shared\src\main\kotlin\expo\modules\plugin\configuration\MavenCredentials.kt D:\aarambh\frontend\node_modules\expo-modules-autolinking\android\expo-gradle-plugin\expo-autolinking-plugin-shared\src\main\kotlin\expo\modules\plugin\ExpoGradleExtension.kt D:\aarambh\frontend\node_modules\expo-modules-autolinking\android\expo-gradle-plugin\expo-autolinking-plugin-shared\src\main\kotlin\expo\modules\plugin\Os.kt D:\aarambh\frontend\node_modules\expo-modules-autolinking\android\expo-gradle-plugin\expo-autolinking-plugin-shared\src\main\kotlin\expo\modules\plugin\text\Colors.kt D:\aarambh\frontend\node_modules\expo-modules-autolinking\android\expo-gradle-plugin\expo-autolinking-plugin-shared\src\main\kotlin\expo\modules\plugin\text\Emojis.kt
2026-08-14 11:21:41.312 [daemon] INFO: Message: logging: using Kotlin home directory <no_path>
2026-08-14 11:21:41.334 [daemon] INFO: Message: logging: configuring the compilation environment
2026-08-14 11:21:41.335 [daemon] INFO: Message: logging: using JDK home directory C:\Program Files\Eclipse Adoptium\jdk-17.0.18.8-hotspot
2026-08-14 11:21:41.337 [daemon] INFO: Message: logging: loading modules: [java.se, jdk.accessibility, jdk.attach, jdk.compiler, jdk.dynalink, jdk.httpserver, jdk.incubator.foreign, jdk.incubator.vector, jdk.jartool, jdk.javadoc, jdk.jconsole, jdk.jdi, jdk.jfr, jdk.jshell, jdk.jsobject, jdk.management, jdk.management.jfr, jdk.net, jdk.nio.mapmode, jdk.sctp, jdk.security.auth, jdk.security.jgss, jdk.unsupported, jdk.unsupported.desktop, jdk.xml.dom, java.base, java.compiler, java.datatransfer, java.desktop, java.xml, java.instrument, java.logging, java.management, java.management.rmi, java.rmi, java.naming, java.net.http, java.prefs, java.scripting, java.security.jgss, java.security.sasl, java.sql, java.transaction.xa, java.sql.rowset, java.xml.crypto, jdk.internal.jvmstat, jdk.management.agent, jdk.jdwp.agent, jdk.internal.ed, jdk.internal.le, jdk.internal.opt]
2026-08-14 11:21:41.338 [daemon] INFO: Message: output: output:
D:\aarambh\frontend\node_modules\expo-modules-autolinking\android\expo-gradle-plugin\expo-autolinking-plugin-shared\build\classes\kotlin\main\expo\modules\plugin\AutolinkingCommandBuilder.class
Sources:
D:\aarambh\frontend\node_modules\expo-modules-autolinking\android\expo-gradle-plugin\expo-autolinking-plugin-shared\src\main\kotlin\expo\modules\plugin\AutolinkigCommandBuilder.kt
2026-08-14 11:21:41.342 [daemon] INFO: Message: output: output:
D:\aarambh\frontend\node_modules\expo-modules-autolinking\android\expo-gradle-plugin\expo-autolinking-plugin-shared\build\classes\kotlin\main\expo\modules\plugin\AutolinkingCommandBuilder$Companion.class
Sources:
D:\aarambh\frontend\node_modules\expo-modules-autolinking\android\expo-gradle-plugin\expo-autolinking-plugin-shared\src\main\kotlin\expo\modules\plugin\AutolinkigCommandBuilder.kt
2026-08-14 11:21:41.344 [daemon] INFO: Message: output: output:
D:\aarambh\frontend\node_modules\expo-modules-autolinking\android\expo-gradle-plugin\expo-autolinking-plugin-shared\build\classes\kotlin\main\expo\modules\plugin\AutolinkingOptions.class
Sources:
D:\aarambh\frontend\node_modules\expo-modules-autolinking\android\expo-gradle-plugin\expo-autolinking-plugin-shared\src\main\kotlin\expo\modules\plugin\ExpoGradleExtension.kt
2026-08-14 11:21:41.345 [daemon] INFO: Message: output: output:
D:\aarambh\frontend\node_modules\expo-modules-autolinking\android\expo-gradle-plugin\expo-autolinking-plugin-shared\build\classes\kotlin\main\expo\modules\plugin\AutolinkingOptions$Companion.class
Sources:
D:\aarambh\frontend\node_modules\expo-modules-autolinking\android\expo-gradle-plugin\expo-autolinking-plugin-shared\src\main\kotlin\expo\modules\plugin\ExpoGradleExtension.kt
2026-08-14 11:21:41.347 [daemon] INFO: Message: output: output:
D:\aarambh\frontend\node_modules\expo-modules-autolinking\android\expo-gradle-plugin\expo-autolinking-plugin-shared\build\classes\kotlin\main\expo\modules\plugin\AutolinkingOptions$$serializer.class
Sources:
D:\aarambh\frontend\node_modules\expo-modules-autolinking\android\expo-gradle-plugin\expo-autolinking-plugin-shared\src\main\kotlin\expo\modules\plugin\ExpoGradleExtension.kt
2026-08-14 11:21:41.347 [daemon] INFO: Message: output: output:
D:\aarambh\frontend\node_modules\expo-modules-autolinking\android\expo-gradle-plugin\expo-autolinking-plugin-shared\build\classes\kotlin\main\expo\modules\plugin\ExpoGradleExtension.class
Sources:
D:\aarambh\frontend\node_modules\expo-modules-autolinking\android\expo-gradle-plugin\expo-autolinking-plugin-shared\src\main\kotlin\expo\modules\plugin\ExpoGradleExtension.kt
2026-08-14 11:21:41.348 [daemon] INFO: Message: output: output:
D:\aarambh\frontend\node_modules\expo-modules-autolinking\android\expo-gradle-plugin\expo-autolinking-plugin-shared\build\classes\kotlin\main\expo\modules\plugin\Os.class
Sources:
D:\aarambh\frontend\node_modules\expo-modules-autolinking\android\expo-gradle-plugin\expo-autolinking-plugin-shared\src\main\kotlin\expo\modules\plugin\Os.kt
2026-08-14 11:21:41.349 [daemon] INFO: Message: output: output:
D:\aarambh\frontend\node_modules\expo-modules-autolinking\android\expo-gradle-plugin\expo-autolinking-plugin-shared\build\classes\kotlin\main\expo\modules\plugin\configuration\ExpoAutolinkingConfig.class
Sources:
D:\aarambh\frontend\node_modules\expo-modules-autolinking\android\expo-gradle-plugin\expo-autolinking-plugin-shared\src\main\kotlin\expo\modules\plugin\configuration\ExpoAutolinkingConfig.kt
2026-08-14 11:21:41.350 [daemon] INFO: Message: output: output:
D:\aarambh\frontend\node_modules\expo-modules-autolinking\android\expo-gradle-plugin\expo-autolinking-plugin-shared\build\classes\kotlin\main\expo\modules\plugin\configuration\ExpoAutolinkingConfig$Companion.class
Sources:
D:\aarambh\frontend\node_modules\expo-modules-autolinking\android\expo-gradle-plugin\expo-autolinking-plugin-shared\src\main\kotlin\expo\modules\plugin\configuration\ExpoAutolinkingConfig.kt
2026-08-14 11:21:41.350 [daemon] INFO: Message: output: output:
D:\aarambh\frontend\node_modules\expo-modules-autolinking\android\expo-gradle-plugin\expo-autolinking-plugin-shared\build\classes\kotlin\main\expo\modules\plugin\configuration\ExpoAutolinkingConfig$$serializer.class
Sources:
D:\aarambh\frontend\node_modules\expo-modules-autolinking\android\expo-gradle-plugin\expo-autolinking-plugin-shared\src\main\kotlin\expo\modules\plugin\configuration\ExpoAutolinkingConfig.kt
2026-08-14 11:21:41.353 [daemon] INFO: Message: output: output:
D:\aarambh\frontend\node_modules\expo-modules-autolinking\android\expo-gradle-plugin\expo-autolinking-plugin-shared\build\classes\kotlin\main\expo\modules\plugin\configuration\Configuration.class
Sources:
D:\aarambh\frontend\node_modules\expo-modules-autolinking\android\expo-gradle-plugin\expo-autolinking-plugin-shared\src\main\kotlin\expo\modules\plugin\configuration\ExpoAutolinkingConfig.kt
2026-08-14 11:21:41.355 [daemon] INFO: Message: output: output:
D:\aarambh\frontend\node_modules\expo-modules-autolinking\android\expo-gradle-plugin\expo-autolinking-plugin-shared\build\classes\kotlin\main\expo\modules\plugin\configuration\Configuration$Companion.class
Sources:
D:\aarambh\frontend\node_modules\expo-modules-autolinking\android\expo-gradle-plugin\expo-autolinking-plugin-shared\src\main\kotlin\expo\modules\plugin\configuration\ExpoAutolinkingConfig.kt
2026-08-14 11:21:41.356 [daemon] INFO: Message: output: output:
D:\aarambh\frontend\node_modules\expo-modules-autolinking\android\expo-gradle-plugin\expo-autolinking-plugin-shared\build\classes\kotlin\main\expo\modules\plugin\configuration\Configuration$$serializer.class
Sources:
D:\aarambh\frontend\node_modules\expo-modules-autolinking\android\expo-gradle-plugin\expo-autolinking-plugin-shared\src\main\kotlin\expo\modules\plugin\configuration\ExpoAutolinkingConfig.kt
2026-08-14 11:21:41.357 [daemon] INFO: Message: output: output:
D:\aarambh\frontend\node_modules\expo-modules-autolinking\android\expo-gradle-plugin\expo-autolinking-plugin-shared\build\classes\kotlin\main\expo\modules\plugin\configuration\MavenRepo.class
Sources:
D:\aarambh\frontend\node_modules\expo-modules-autolinking\android\expo-gradle-plugin\expo-autolinking-plugin-shared\src\main\kotlin\expo\modules\plugin\configuration\ExpoAutolinkingConfig.kt
2026-08-14 11:21:41.359 [daemon] INFO: Message: output: output:
D:\aarambh\frontend\node_modules\expo-modules-autolinking\android\expo-gradle-plugin\expo-autolinking-plugin-shared\build\classes\kotlin\main\expo\modules\plugin\configuration\MavenRepo$Companion.class
Sources:
D:\aarambh\frontend\node_modules\expo-modules-autolinking\android\expo-gradle-plugin\expo-autolinking-plugin-shared\src\main\kotlin\expo\modules\plugin\configuration\ExpoAutolinkingConfig.kt
2026-08-14 11:21:41.360 [daemon] INFO: Message: output: output:
D:\aarambh\frontend\node_modules\expo-modules-autolinking\android\expo-gradle-plugin\expo-autolinking-plugin-shared\build\classes\kotlin\main\expo\modules\plugin\configuration\MavenRepo$$serializer.class
Sources:
D:\aarambh\frontend\node_modules\expo-modules-autolinking\android\expo-gradle-plugin\expo-autolinking-plugin-shared\src\main\kotlin\expo\modules\plugin\configuration\ExpoAutolinkingConfig.kt
2026-08-14 11:21:41.361 [daemon] INFO: Message: output: output:
D:\aarambh\frontend\node_modules\expo-modules-autolinking\android\expo-gradle-plugin\expo-autolinking-plugin-shared\build\classes\kotlin\main\expo\modules\plugin\configuration\ExpoModule.class
Sources:
D:\aarambh\frontend\node_modules\expo-modules-autolinking\android\expo-gradle-plugin\expo-autolinking-plugin-shared\src\main\kotlin\expo\modules\plugin\configuration\ExpoAutolinkingConfig.kt
2026-08-14 11:21:41.362 [daemon] INFO: Message: output: output:
D:\aarambh\frontend\node_modules\expo-modules-autolinking\android\expo-gradle-plugin\expo-autolinking-plugin-shared\build\classes\kotlin\main\expo\modules\plugin\configuration\ExpoModule$Companion.class
Sources:
D:\aarambh\frontend\node_modules\expo-modules-autolinking\android\expo-gradle-plugin\expo-autolinking-plugin-shared\src\main\kotlin\expo\modules\plugin\configuration\ExpoAutolinkingConfig.kt
2026-08-14 11:21:41.362 [daemon] INFO: Message: output: output:
D:\aarambh\frontend\node_modules\expo-modules-autolinking\android\expo-gradle-plugin\expo-autolinking-plugin-shared\build\classes\kotlin\main\expo\modules\plugin\configuration\ExpoModule$$serializer.class
Sources:
D:\aarambh\frontend\node_modules\expo-modules-autolinking\android\expo-gradle-plugin\expo-autolinking-plugin-shared\src\main\kotlin\expo\modules\plugin\configuration\ExpoAutolinkingConfig.kt
2026-08-14 11:21:41.364 [daemon] INFO: Message: output: output:
D:\aarambh\frontend\node_modules\expo-modules-autolinking\android\expo-gradle-plugin\expo-autolinking-plugin-shared\build\classes\kotlin\main\expo\modules\plugin\configuration\Publication.class
Sources:
D:\aarambh\frontend\node_modules\expo-modules-autolinking\android\expo-gradle-plugin\expo-autolinking-plugin-shared\src\main\kotlin\expo\modules\plugin\configuration\ExpoAutolinkingConfig.kt
2026-08-14 11:21:41.365 [daemon] INFO: Message: output: output:
D:\aarambh\frontend\node_modules\expo-modules-autolinking\android\expo-gradle-plugin\expo-autolinking-plugin-shared\build\classes\kotlin\main\expo\modules\plugin\configuration\Publication$Companion.class
Sources:
D:\aarambh\frontend\node_modules\expo-modules-autolinking\android\expo-gradle-plugin\expo-autolinking-plugin-shared\src\main\kotlin\expo\modules\plugin\configuration\ExpoAutolinkingConfig.kt
2026-08-14 11:21:41.367 [daemon] INFO: Message: output: output:
D:\aarambh\frontend\node_modules\expo-modules-autolinking\android\expo-gradle-plugin\expo-autolinking-plugin-shared\build\classes\kotlin\main\expo\modules\plugin\configuration\Publication$$serializer.class
Sources:
D:\aarambh\frontend\node_modules\expo-modules-autolinking\android\expo-gradle-plugin\expo-autolinking-plugin-shared\src\main\kotlin\expo\modules\plugin\configuration\ExpoAutolinkingConfig.kt
2026-08-14 11:21:41.367 [daemon] INFO: Message: output: output:
D:\aarambh\frontend\node_modules\expo-modules-autolinking\android\expo-gradle-plugin\expo-autolinking-plugin-shared\build\classes\kotlin\main\expo\modules\plugin\configuration\GradleProject.class
Sources:
D:\aarambh\frontend\node_modules\expo-modules-autolinking\android\expo-gradle-plugin\expo-autolinking-plugin-shared\src\main\kotlin\expo\modules\plugin\configuration\ExpoAutolinkingConfig.kt
2026-08-14 11:21:41.368 [daemon] INFO: Message: output: output:
D:\aarambh\frontend\node_modules\expo-modules-autolinking\android\expo-gradle-plugin\expo-autolinking-plugin-shared\build\classes\kotlin\main\expo\modules\plugin\configuration\GradleProject$Companion.class
Sources:
D:\aarambh\frontend\node_modules\expo-modules-autolinking\android\expo-gradle-plugin\expo-autolinking-plugin-shared\src\main\kotlin\expo\modules\plugin\configuration\ExpoAutolinkingConfig.kt
2026-08-14 11:21:41.369 [daemon] INFO: Message: output: output:
D:\aarambh\frontend\node_modules\expo-modules-autolinking\android\expo-gradle-plugin\expo-autolinking-plugin-shared\build\classes\kotlin\main\expo\modules\plugin\configuration\GradleProject$$serializer.class
Sources:
D:\aarambh\frontend\node_modules\expo-modules-autolinking\android\expo-gradle-plugin\expo-autolinking-plugin-shared\src\main\kotlin\expo\modules\plugin\configuration\ExpoAutolinkingConfig.kt
2026-08-14 11:21:41.370 [daemon] INFO: Message: output: output:
D:\aarambh\frontend\node_modules\expo-modules-autolinking\android\expo-gradle-plugin\expo-autolinking-plugin-shared\build\classes\kotlin\main\expo\modules\plugin\configuration\GradleProjectConfiguration.class
Sources:
D:\aarambh\frontend\node_modules\expo-modules-autolinking\android\expo-gradle-plugin\expo-autolinking-plugin-shared\src\main\kotlin\expo\modules\plugin\configuration\ExpoAutolinkingConfig.kt
2026-08-14 11:21:41.371 [daemon] INFO: Message: output: output:
D:\aarambh\frontend\node_modules\expo-modules-autolinking\android\expo-gradle-plugin\expo-autolinking-plugin-shared\build\classes\kotlin\main\expo\modules\plugin\configuration\GradlePlugin.class
Sources:
D:\aarambh\frontend\node_modules\expo-modules-autolinking\android\expo-gradle-plugin\expo-autolinking-plugin-shared\src\main\kotlin\expo\modules\plugin\configuration\ExpoAutolinkingConfig.kt
2026-08-14 11:21:41.373 [daemon] INFO: Message: output: output:
D:\aarambh\frontend\node_modules\expo-modules-autolinking\android\expo-gradle-plugin\expo-autolinking-plugin-shared\build\classes\kotlin\main\expo\modules\plugin\configuration\GradlePlugin$Companion.class
Sources:
D:\aarambh\frontend\node_modules\expo-modules-autolinking\android\expo-gradle-plugin\expo-autolinking-plugin-shared\src\main\kotlin\expo\modules\plugin\configuration\ExpoAutolinkingConfig.kt
2026-08-14 11:21:41.374 [daemon] INFO: Message: output: output:
D:\aarambh\frontend\node_modules\expo-modules-autolinking\android\expo-gradle-plugin\expo-autolinking-plugin-shared\build\classes\kotlin\main\expo\modules\plugin\configuration\GradlePlugin$$serializer.class
Sources:
D:\aarambh\frontend\node_modules\expo-modules-autolinking\android\expo-gradle-plugin\expo-autolinking-plugin-shared\src\main\kotlin\expo\modules\plugin\configuration\ExpoAutolinkingConfig.kt
2026-08-14 11:21:41.374 [daemon] INFO: Message: output: output:
D:\aarambh\frontend\node_modules\expo-modules-autolinking\android\expo-gradle-plugin\expo-autolinking-plugin-shared\build\classes\kotlin\main\expo\modules\plugin\configuration\GradleAarProject.class
Sources:
D:\aarambh\frontend\node_modules\expo-modules-autolinking\android\expo-gradle-plugin\expo-autolinking-plugin-shared\src\main\kotlin\expo\modules\plugin\configuration\ExpoAutolinkingConfig.kt
2026-08-14 11:21:41.375 [daemon] INFO: Message: output: output:
D:\aarambh\frontend\node_modules\expo-modules-autolinking\android\expo-gradle-plugin\expo-autolinking-plugin-shared\build\classes\kotlin\main\expo\modules\plugin\configuration\GradleAarProject$Companion.class
Sources:
D:\aarambh\frontend\node_modules\expo-modules-autolinking\android\expo-gradle-plugin\expo-autolinking-plugin-shared\src\main\kotlin\expo\modules\plugin\configuration\ExpoAutolinkingConfig.kt
2026-08-14 11:21:41.376 [daemon] INFO: Message: output: output:
D:\aarambh\frontend\node_modules\expo-modules-autolinking\android\expo-gradle-plugin\expo-autolinking-plugin-shared\build\classes\kotlin\main\expo\modules\plugin\configuration\GradleAarProject$$serializer.class
Sources:
D:\aarambh\frontend\node_modules\expo-modules-autolinking\android\expo-gradle-plugin\expo-autolinking-plugin-shared\src\main\kotlin\expo\modules\plugin\configuration\ExpoAutolinkingConfig.kt
2026-08-14 11:21:41.376 [daemon] INFO: Message: output: output:
D:\aarambh\frontend\node_modules\expo-modules-autolinking\android\expo-gradle-plugin\expo-autolinking-plugin-shared\build\classes\kotlin\main\expo\modules\plugin\configuration\MavenCredentials.class
Sources:
D:\aarambh\frontend\node_modules\expo-modules-autolinking\android\expo-gradle-plugin\expo-autolinking-plugin-shared\src\main\kotlin\expo\modules\plugin\configuration\MavenCredentials.kt
2026-08-14 11:21:41.377 [daemon] INFO: Message: output: output:
D:\aarambh\frontend\node_modules\expo-modules-autolinking\android\expo-gradle-plugin\expo-autolinking-plugin-shared\build\classes\kotlin\main\expo\modules\plugin\configuration\BasicMavenCredentials.class
Sources:
D:\aarambh\frontend\node_modules\expo-modules-autolinking\android\expo-gradle-plugin\expo-autolinking-plugin-shared\src\main\kotlin\expo\modules\plugin\configuration\MavenCredentials.kt
2026-08-14 11:21:41.377 [daemon] INFO: Message: output: output:
D:\aarambh\frontend\node_modules\expo-modules-autolinking\android\expo-gradle-plugin\expo-autolinking-plugin-shared\build\classes\kotlin\main\expo\modules\plugin\configuration\BasicMavenCredentials$Companion.class
Sources:
D:\aarambh\frontend\node_modules\expo-modules-autolinking\android\expo-gradle-plugin\expo-autolinking-plugin-shared\src\main\kotlin\expo\modules\plugin\configuration\MavenCredentials.kt
2026-08-14 11:21:41.379 [daemon] INFO: Message: output: output:
D:\aarambh\frontend\node_modules\expo-modules-autolinking\android\expo-gradle-plugin\expo-autolinking-plugin-shared\build\classes\kotlin\main\expo\modules\plugin\configuration\BasicMavenCredentials$$serializer.class
Sources:
D:\aarambh\frontend\node_modules\expo-modules-autolinking\android\expo-gradle-plugin\expo-autolinking-plugin-shared\src\main\kotlin\expo\modules\plugin\configuration\MavenCredentials.kt
2026-08-14 11:21:41.380 [daemon] INFO: Message: output: output:
D:\aarambh\frontend\node_modules\expo-modules-autolinking\android\expo-gradle-plugin\expo-autolinking-plugin-shared\build\classes\kotlin\main\expo\modules\plugin\configuration\HttpHeaderMavenCredentials.class
Sources:
D:\aarambh\frontend\node_modules\expo-modules-autolinking\android\expo-gradle-plugin\expo-autolinking-plugin-shared\src\main\kotlin\expo\modules\plugin\configuration\MavenCredentials.kt
2026-08-14 11:21:41.380 [daemon] INFO: Message: output: output:
D:\aarambh\frontend\node_modules\expo-modules-autolinking\android\expo-gradle-plugin\expo-autolinking-plugin-shared\build\classes\kotlin\main\expo\modules\plugin\configuration\HttpHeaderMavenCredentials$Companion.class
Sources:
D:\aarambh\frontend\node_modules\expo-modules-autolinking\android\expo-gradle-plugin\expo-autolinking-plugin-shared\src\main\kotlin\expo\modules\plugin\configuration\MavenCredentials.kt
2026-08-14 11:21:41.381 [daemon] INFO: Message: output: output:
D:\aarambh\frontend\node_modules\expo-modules-autolinking\android\expo-gradle-plugin\expo-autolinking-plugin-shared\build\classes\kotlin\main\expo\modules\plugin\configuration\HttpHeaderMavenCredentials$$serializer.class
Sources:
D:\aarambh\frontend\node_modules\expo-modules-autolinking\android\expo-gradle-plugin\expo-autolinking-plugin-shared\src\main\kotlin\expo\modules\plugin\configuration\MavenCredentials.kt
2026-08-14 11:21:41.382 [daemon] INFO: Message: output: output:
D:\aarambh\frontend\node_modules\expo-modules-autolinking\android\expo-gradle-plugin\expo-autolinking-plugin-shared\build\classes\kotlin\main\expo\modules\plugin\configuration\AWSMavenCredentials.class
Sources:
D:\aarambh\frontend\node_modules\expo-modules-autolinking\android\expo-gradle-plugin\expo-autolinking-plugin-shared\src\main\kotlin\expo\modules\plugin\configuration\MavenCredentials.kt
2026-08-14 11:21:41.383 [daemon] INFO: Message: output: output:
D:\aarambh\frontend\node_modules\expo-modules-autolinking\android\expo-gradle-plugin\expo-autolinking-plugin-shared\build\classes\kotlin\main\expo\modules\plugin\configuration\AWSMavenCredentials$Companion.class
Sources:
D:\aarambh\frontend\node_modules\expo-modules-autolinking\android\expo-gradle-plugin\expo-autolinking-plugin-shared\src\main\kotlin\expo\modules\plugin\configuration\MavenCredentials.kt
2026-08-14 11:21:41.384 [daemon] INFO: Message: output: output:
D:\aarambh\frontend\node_modules\expo-modules-autolinking\android\expo-gradle-plugin\expo-autolinking-plugin-shared\build\classes\kotlin\main\expo\modules\plugin\configuration\AWSMavenCredentials$$serializer.class
Sources:
D:\aarambh\frontend\node_modules\expo-modules-autolinking\android\expo-gradle-plugin\expo-autolinking-plugin-shared\src\main\kotlin\expo\modules\plugin\configuration\MavenCredentials.kt
2026-08-14 11:21:41.385 [daemon] INFO: Message: output: output:
D:\aarambh\frontend\node_modules\expo-modules-autolinking\android\expo-gradle-plugin\expo-autolinking-plugin-shared\build\classes\kotlin\main\expo\modules\plugin\configuration\MavenCredentialsSerializer.class
Sources:
D:\aarambh\frontend\node_modules\expo-modules-autolinking\android\expo-gradle-plugin\expo-autolinking-plugin-shared\src\main\kotlin\expo\modules\plugin\configuration\MavenCredentials.kt
2026-08-14 11:21:41.386 [daemon] INFO: Message: output: output:
D:\aarambh\frontend\node_modules\expo-modules-autolinking\android\expo-gradle-plugin\expo-autolinking-plugin-shared\build\classes\kotlin\main\expo\modules\plugin\text\Colors.class
Sources:
D:\aarambh\frontend\node_modules\expo-modules-autolinking\android\expo-gradle-plugin\expo-autolinking-plugin-shared\src\main\kotlin\expo\modules\plugin\text\Colors.kt
2026-08-14 11:21:41.388 [daemon] INFO: Message: output: output:
D:\aarambh\frontend\node_modules\expo-modules-autolinking\android\expo-gradle-plugin\expo-autolinking-plugin-shared\build\classes\kotlin\main\expo\modules\plugin\text\ColorsKt.class
Sources:
D:\aarambh\frontend\node_modules\expo-modules-autolinking\android\expo-gradle-plugin\expo-autolinking-plugin-shared\src\main\kotlin\expo\modules\plugin\text\Colors.kt
2026-08-14 11:21:41.388 [daemon] INFO: Message: output: output:
D:\aarambh\frontend\node_modules\expo-modules-autolinking\android\expo-gradle-plugin\expo-autolinking-plugin-shared\build\classes\kotlin\main\expo\modules\plugin\text\Emojis.class
Sources:
D:\aarambh\frontend\node_modules\expo-modules-autolinking\android\expo-gradle-plugin\expo-autolinking-plugin-shared\src\main\kotlin\expo\modules\plugin\text\Emojis.kt
2026-08-14 11:21:41.390 [daemon] INFO: Message: output: output:
D:\aarambh\frontend\node_modules\expo-modules-autolinking\android\expo-gradle-plugin\expo-autolinking-plugin-shared\build\classes\kotlin\main\META-INF\expo-autolinking-plugin-shared.kotlin_module
Sources:
D:\aarambh\frontend\node_modules\expo-modules-autolinking\android\expo-gradle-plugin\expo-autolinking-plugin-shared\src\main\kotlin\expo\modules\plugin\AutolinkigCommandBuilder.kt
D:\aarambh\frontend\node_modules\expo-modules-autolinking\android\expo-gradle-plugin\expo-autolinking-plugin-shared\src\main\kotlin\expo\modules\plugin\ExpoGradleExtension.kt
D:\aarambh\frontend\node_modules\expo-modules-autolinking\android\expo-gradle-plugin\expo-autolinking-plugin-shared\src\main\kotlin\expo\modules\plugin\configuration\ExpoAutolinkingConfig.kt
D:\aarambh\frontend\node_modules\expo-modules-autolinking\android\expo-gradle-plugin\expo-autolinking-plugin-shared\src\main\kotlin\expo\modules\plugin\configuration\MavenCredentials.kt
D:\aarambh\frontend\node_modules\expo-modules-autolinking\android\expo-gradle-plugin\expo-autolinking-plugin-shared\src\main\kotlin\expo\modules\plugin\Os.kt
D:\aarambh\frontend\node_modules\expo-modules-autolinking\android\expo-gradle-plugin\expo-autolinking-plugin-shared\src\main\kotlin\expo\modules\plugin\text\Emojis.kt
D:\aarambh\frontend\node_modules\expo-modules-autolinking\android\expo-gradle-plugin\expo-autolinking-plugin-shared\src\main\kotlin\expo\modules\plugin\text\Colors.kt
2026-08-14 11:21:42.750 [compiler] INFO: Done with result 0
2026-08-14 11:21:42.761 [compiler] INFO: cleaning after session 1
2026-08-14 11:21:46.738 [compiler] INFO: getDaemonJVMOptions: DaemonJVMOptions(maxMemory=2048m, maxMetaspaceSize=512m, reservedCodeCacheSize=320m, jvmParams=[-Djava.io.tmpdir=D:/aarambh/.tmp-build, -Djava.awt.headless=true, -Djava.rmi.server.hostname=127.0.0.1, -Dkotlin.environment.keepalive, -ea, -XX:+UseCodeCacheFlushing, -XX:+UseParallelGC, -Dkotlin.daemon.initiator.marker.file=D:\aarambh\.tmp-build\kotlin-compiler-in-expogradleplugin-16492466878395323379.alive, --add-exports=java.base/sun.nio.ch=ALL-UNNAMED, Dkotlin.environment.keepalive, ea])
2026-08-14 11:21:46.741 [compiler] INFO: Registered a client alive file: D:\aarambh\.tmp-build\kotlin-compiler-in-expogradleplugin-16492466878395323379.alive
2026-08-14 11:21:46.743 [compiler] INFO: leased a new session 2, session alive file: D:\aarambh\frontend\node_modules\expo-modules-autolinking\android\expo-gradle-plugin\.kotlin\sessions\kotlin-compiler-3695533039025389767.salive
2026-08-14 11:21:46.766 [compiler] INFO: Starting compilation with args: -Xallow-no-source-files -classpath C:\Users\USER\.gradle\caches\8.14.3\generated-gradle-jars\gradle-api-8.14.3.jar;C:\Users\USER\.gradle\wrapper\dists\gradle-8.14.3-bin\cv11ve7ro1n3o1j4so8xd9n66\gradle-8.14.3\lib\groovy-3.0.24.jar;C:\Users\USER\.gradle\wrapper\dists\gradle-8.14.3-bin\cv11ve7ro1n3o1j4so8xd9n66\gradle-8.14.3\lib\groovy-ant-3.0.24.jar;C:\Users\USER\.gradle\wrapper\dists\gradle-8.14.3-bin\cv11ve7ro1n3o1j4so8xd9n66\gradle-8.14.3\lib\groovy-astbuilder-3.0.24.jar;C:\Users\USER\.gradle\wrapper\dists\gradle-8.14.3-bin\cv11ve7ro1n3o1j4so8xd9n66\gradle-8.14.3\lib\groovy-console-3.0.24.jar;C:\Users\USER\.gradle\wrapper\dists\gradle-8.14.3-bin\cv11ve7ro1n3o1j4so8xd9n66\gradle-8.14.3\lib\groovy-datetime-3.0.24.jar;C:\Users\USER\.gradle\wrapper\dists\gradle-8.14.3-bin\cv11ve7ro1n3o1j4so8xd9n66\gradle-8.14.3\lib\groovy-dateutil-3.0.24.jar;C:\Users\USER\.gradle\wrapper\dists\gradle-8.14.3-bin\cv11ve7ro1n3o1j4so8xd9n66\gradle-8.14.3\lib\groovy-groovydoc-3.0.24.jar;C:\Users\USER\.gradle\wrapper\dists\gradle-8.14.3-bin\cv11ve7ro1n3o1j4so8xd9n66\gradle-8.14.3\lib\groovy-json-3.0.24.jar;C:\Users\USER\.gradle\wrapper\dists\gradle-8.14.3-bin\cv11ve7ro1n3o1j4so8xd9n66\gradle-8.14.3\lib\groovy-nio-3.0.24.jar;C:\Users\USER\.gradle\wrapper\dists\gradle-8.14.3-bin\cv11ve7ro1n3o1j4so8xd9n66\gradle-8.14.3\lib\groovy-sql-3.0.24.jar;C:\Users\USER\.gradle\wrapper\dists\gradle-8.14.3-bin\cv11ve7ro1n3o1j4so8xd9n66\gradle-8.14.3\lib\groovy-templates-3.0.24.jar;C:\Users\USER\.gradle\wrapper\dists\gradle-8.14.3-bin\cv11ve7ro1n3o1j4so8xd9n66\gradle-8.14.3\lib\groovy-test-3.0.24.jar;C:\Users\USER\.gradle\wrapper\dists\gradle-8.14.3-bin\cv11ve7ro1n3o1j4so8xd9n66\gradle-8.14.3\lib\groovy-xml-3.0.24.jar;C:\Users\USER\.gradle\wrapper\dists\gradle-8.14.3-bin\cv11ve7ro1n3o1j4so8xd9n66\gradle-8.14.3\lib\javaparser-core-3.17.0.jar;C:\Users\USER\.gradle\wrapper\dists\gradle-8.14.3-bin\cv11ve7ro1n3o1j4so8xd9n66\gradle-8.14.3\lib\kotlin-stdlib-2.0.21.jar;C:\Users\USER\.gradle\wrapper\dists\gradle-8.14.3-bin\cv11ve7ro1n3o1j4so8xd9n66\gradle-8.14.3\lib\kotlin-reflect-2.0.21.jar;C:\Users\USER\.gradle\wrapper\dists\gradle-8.14.3-bin\cv11ve7ro1n3o1j4so8xd9n66\gradle-8.14.3\lib\gradle-installation-beacon-8.14.3.jar;D:\aarambh\frontend\node_modules\expo-modules-autolinking\android\expo-gradle-plugin\expo-autolinking-plugin-shared\build\libs\expo-autolinking-plugin-shared-1.0.jar;C:\Users\USER\.gradle\caches\modules-2\files-2.1\org.jetbrains.kotlinx\kotlinx-serialization-core-jvm\1.6.3\6b6c17d0312ba7192893adea9d52959941d0119b\kotlinx-serialization-core-jvm-1.6.3.jar;C:\Users\USER\.gradle\caches\modules-2\files-2.1\org.jetbrains.kotlinx\kotlinx-serialization-json-jvm\1.6.3\2241746853abf04073e3ab0dcd9e6729d363b313\kotlinx-serialization-json-jvm-1.6.3.jar;C:\Users\USER\.gradle\caches\modules-2\files-2.1\org.jetbrains.kotlin\kotlin-stdlib\2.1.20\aa8ca79cd50578314f6d1180c47cbe14c0fee567\kotlin-stdlib-2.1.20.jar;C:\Users\USER\.gradle\caches\modules-2\files-2.1\com.android.tools.build\gradle\8.5.0\6213739508088918191d45f66824b05b49e996db\gradle-8.5.0.jar;C:\Users\USER\.gradle\caches\modules-2\files-2.1\org.jetbrains\annotations\13.0\919f0dfe192fb4e063e7dacadee7f8bb9a2672a9\annotations-13.0.jar;C:\Users\USER\.gradle\caches\modules-2\files-2.1\com.android.tools.build\builder\8.5.0\b67b3f37071bee0d38a4b1e7ce5b9da9ba9ca139\builder-8.5.0.jar;C:\Users\USER\.gradle\caches\modules-2\files-2.1\com.android.tools.build\builder-model\8.5.0\370d4f5f5e9620fa7631c442309c424400d2942a\builder-model-8.5.0.jar;C:\Users\USER\.gradle\caches\modules-2\files-2.1\com.android.tools.build\gradle-api\8.5.0\556cacdea68f119d7c435dd231d6b155e8b88f07\gradle-api-8.5.0.jar;C:\Users\USER\.gradle\caches\modules-2\files-2.1\com.android.tools.build\manifest-merger\31.5.0\690c32078aec5b6c99f01756f1b329392a638bd2\manifest-merger-31.5.0.jar;C:\Users\USER\.gradle\caches\modules-2\files-2.1\com.android\zipflinger\8.5.0\de8e3267995699af356740cf562cbedb485f5763\zipflinger-8.5.0.jar;C:\Users\USER\.gradle\caches\modules-2\files-2.1\com.android.tools.build\apksig\8.5.0\d51ecbc4a5b7a2c7832586a4dde18f61d92810a4\apksig-8.5.0.jar;C:\Users\USER\.gradle\caches\modules-2\files-2.1\com.android.tools.build\apkzlib\8.5.0\d656b52facbb301b8bdc1e40a5ae008bcf335fe9\apkzlib-8.5.0.jar;C:\Users\USER\.gradle\caches\modules-2\files-2.1\com.squareup\javawriter\2.5.0\81241ff7078ef14f42ea2a8995fa09c096256e6b\javawriter-2.5.0.jar;C:\Users\USER\.gradle\caches\modules-2\files-2.1\org.ow2.asm\asm\9.6\aa205cf0a06dbd8e04ece91c0b37c3f5d567546a\asm-9.6.jar -d D:\aarambh\frontend\node_modules\expo-modules-autolinking\android\expo-gradle-plugin\expo-autolinking-settings-plugin\build\classes\kotlin\main -jdk-home C:\Program Files\Eclipse Adoptium\jdk-17.0.18.8-hotspot -jvm-target 11 -module-name expo-autolinking-settings-plugin -no-reflect -no-stdlib -Xplugin=C:\Users\USER\.gradle\caches\modules-2\files-2.1\org.jetbrains.kotlin\kotlin-scripting-compiler-embeddable\2.1.20\efd094224781affbc9aa8c60c5cae926517e028f\kotlin-scripting-compiler-embeddable-2.1.20.jar,C:\Users\USER\.gradle\caches\modules-2\files-2.1\org.jetbrains.kotlin\kotlin-scripting-compiler-impl-embeddable\2.1.20\26fd748997fdde79281d4cd4e5dff73a9276067\kotlin-scripting-compiler-impl-embeddable-2.1.20.jar,C:\Users\USER\.gradle\caches\modules-2\files-2.1\org.jetbrains.kotlin\kotlin-scripting-jvm\2.1.20\963b49de86cb5ee7cddf8724187d1658ac85e4ef\kotlin-scripting-jvm-2.1.20.jar,C:\Users\USER\.gradle\caches\modules-2\files-2.1\org.jetbrains.kotlin\kotlin-scripting-common\2.1.20\29a91fb9489edffc21d296b565d9bb62476971b7\kotlin-scripting-common-2.1.20.jar,C:\Users\USER\.gradle\caches\modules-2\files-2.1\org.jetbrains.kotlin\kotlin-stdlib\2.1.20\aa8ca79cd50578314f6d1180c47cbe14c0fee567\kotlin-stdlib-2.1.20.jar,C:\Users\USER\.gradle\caches\modules-2\files-2.1\org.jetbrains\annotations\13.0\919f0dfe192fb4e063e7dacadee7f8bb9a2672a9\annotations-13.0.jar,C:\Users\USER\.gradle\caches\modules-2\files-2.1\org.jetbrains.kotlin\kotlin-script-runtime\2.1.20\f7c623d7f7bdb01f5ccd6b437bc0a937fcd7c57e\kotlin-script-runtime-2.1.20.jar D:\aarambh\frontend\node_modules\expo-modules-autolinking\android\expo-gradle-plugin\expo-autolinking-settings-plugin\src\main\kotlin\expo\modules\plugin\ExpoAutolinkingConfigExtensions.kt D:\aarambh\frontend\node_modules\expo-modules-autolinking\android\expo-gradle-plugin\expo-autolinking-settings-plugin\src\main\kotlin\expo\modules\plugin\ExpoAutolinkingSettingsExtension.kt D:\aarambh\frontend\node_modules\expo-modules-autolinking\android\expo-gradle-plugin\expo-autolinking-settings-plugin\src\main\kotlin\expo\modules\plugin\ExpoAutolinkingSettingsPlugin.kt D:\aarambh\frontend\node_modules\expo-modules-autolinking\android\expo-gradle-plugin\expo-autolinking-settings-plugin\src\main\kotlin\expo\modules\plugin\gradle\GradleExtension.kt D:\aarambh\frontend\node_modules\expo-modules-autolinking\android\expo-gradle-plugin\expo-autolinking-settings-plugin\src\main\kotlin\expo\modules\plugin\gradle\MavenArtifactRepositoryExtension.kt D:\aarambh\frontend\node_modules\expo-modules-autolinking\android\expo-gradle-plugin\expo-autolinking-settings-plugin\src\main\kotlin\expo\modules\plugin\gradle\ProjectExtension.kt D:\aarambh\frontend\node_modules\expo-modules-autolinking\android\expo-gradle-plugin\expo-autolinking-settings-plugin\src\main\kotlin\expo\modules\plugin\gradle\SettingsExtension.kt D:\aarambh\frontend\node_modules\expo-modules-autolinking\android\expo-gradle-plugin\expo-autolinking-settings-plugin\src\main\kotlin\expo\modules\plugin\SettingsManager.kt D:\aarambh\frontend\node_modules\expo-modules-autolinking\android\expo-gradle-plugin\expo-autolinking-settings-plugin\src\main\kotlin\expo\modules\plugin\utils\Env.kt
2026-08-14 11:21:52.384 [daemon] INFO: Message: logging: using Kotlin home directory <no_path>
2026-08-14 11:21:52.385 [daemon] INFO: Message: logging: configuring the compilation environment
2026-08-14 11:21:52.387 [daemon] INFO: Message: logging: using JDK home directory C:\Program Files\Eclipse Adoptium\jdk-17.0.18.8-hotspot
2026-08-14 11:21:52.387 [daemon] INFO: Message: logging: loading modules: [java.se, jdk.accessibility, jdk.attach, jdk.compiler, jdk.dynalink, jdk.httpserver, jdk.incubator.foreign, jdk.incubator.vector, jdk.jartool, jdk.javadoc, jdk.jconsole, jdk.jdi, jdk.jfr, jdk.jshell, jdk.jsobject, jdk.management, jdk.management.jfr, jdk.net, jdk.nio.mapmode, jdk.sctp, jdk.security.auth, jdk.security.jgss, jdk.unsupported, jdk.unsupported.desktop, jdk.xml.dom, java.base, java.compiler, java.datatransfer, java.desktop, java.xml, java.instrument, java.logging, java.management, java.management.rmi, java.rmi, java.naming, java.net.http, java.prefs, java.scripting, java.security.jgss, java.security.sasl, java.sql, java.transaction.xa, java.sql.rowset, java.xml.crypto, jdk.internal.jvmstat, jdk.management.agent, jdk.jdwp.agent, jdk.internal.ed, jdk.internal.le, jdk.internal.opt]
2026-08-14 11:21:52.388 [daemon] INFO: Message: output: output:
D:\aarambh\frontend\node_modules\expo-modules-autolinking\android\expo-gradle-plugin\expo-autolinking-settings-plugin\build\classes\kotlin\main\expo\modules\plugin\ExpoAutolinkingConfigExtensionsKt.class
Sources:
D:\aarambh\frontend\node_modules\expo-modules-autolinking\android\expo-gradle-plugin\expo-autolinking-settings-plugin\src\main\kotlin\expo\modules\plugin\ExpoAutolinkingConfigExtensions.kt
2026-08-14 11:21:52.389 [daemon] INFO: Message: output: output:
D:\aarambh\frontend\node_modules\expo-modules-autolinking\android\expo-gradle-plugin\expo-autolinking-settings-plugin\build\classes\kotlin\main\expo\modules\plugin\ExpoAutolinkingSettingsExtension.class
Sources:
D:\aarambh\frontend\node_modules\expo-modules-autolinking\android\expo-gradle-plugin\expo-autolinking-settings-plugin\src\main\kotlin\expo\modules\plugin\ExpoAutolinkingSettingsExtension.kt
2026-08-14 11:21:52.390 [daemon] INFO: Message: output: output:
D:\aarambh\frontend\node_modules\expo-modules-autolinking\android\expo-gradle-plugin\expo-autolinking-settings-plugin\build\classes\kotlin\main\expo\modules\plugin\ExpoAutolinkingSettingsPlugin.class
Sources:
D:\aarambh\frontend\node_modules\expo-modules-autolinking\android\expo-gradle-plugin\expo-autolinking-settings-plugin\src\main\kotlin\expo\modules\plugin\ExpoAutolinkingSettingsPlugin.kt
2026-08-14 11:21:52.392 [daemon] INFO: Message: output: output:
D:\aarambh\frontend\node_modules\expo-modules-autolinking\android\expo-gradle-plugin\expo-autolinking-settings-plugin\build\classes\kotlin\main\expo\modules\plugin\gradle\GradleExtensionKt.class
Sources:
D:\aarambh\frontend\node_modules\expo-modules-autolinking\android\expo-gradle-plugin\expo-autolinking-settings-plugin\src\main\kotlin\expo\modules\plugin\gradle\GradleExtension.kt
2026-08-14 11:21:52.393 [daemon] INFO: Message: output: output:
D:\aarambh\frontend\node_modules\expo-modules-autolinking\android\expo-gradle-plugin\expo-autolinking-settings-plugin\build\classes\kotlin\main\expo\modules\plugin\gradle\GradleExtensionKt$beforeRootProject$1.class
Sources:
D:\aarambh\frontend\node_modules\expo-modules-autolinking\android\expo-gradle-plugin\expo-autolinking-settings-plugin\src\main\kotlin\expo\modules\plugin\gradle\GradleExtension.kt
2026-08-14 11:21:52.394 [daemon] INFO: Message: output: output:
D:\aarambh\frontend\node_modules\expo-modules-autolinking\android\expo-gradle-plugin\expo-autolinking-settings-plugin\build\classes\kotlin\main\expo\modules\plugin\ExpoAutolinkingSettingsPlugin$apply$$inlined$beforeRootProject$1.class
Sources:
D:\aarambh\frontend\node_modules\expo-modules-autolinking\android\expo-gradle-plugin\expo-autolinking-settings-plugin\src\main\kotlin\expo\modules\plugin\ExpoAutolinkingSettingsPlugin.kt
2026-08-14 11:21:52.395 [daemon] INFO: Message: output: output:
D:\aarambh\frontend\node_modules\expo-modules-autolinking\android\expo-gradle-plugin\expo-autolinking-settings-plugin\build\classes\kotlin\main\expo\modules\plugin\SettingsManager.class
Sources:
D:\aarambh\frontend\node_modules\expo-modules-autolinking\android\expo-gradle-plugin\expo-autolinking-settings-plugin\src\main\kotlin\expo\modules\plugin\SettingsManager.kt
2026-08-14 11:21:52.396 [daemon] INFO: Message: output: output:
D:\aarambh\frontend\node_modules\expo-modules-autolinking\android\expo-gradle-plugin\expo-autolinking-settings-plugin\build\classes\kotlin\main\expo\modules\plugin\gradle\GradleExtensionKt$beforeProject$1.class
Sources:
D:\aarambh\frontend\node_modules\expo-modules-autolinking\android\expo-gradle-plugin\expo-autolinking-settings-plugin\src\main\kotlin\expo\modules\plugin\gradle\GradleExtension.kt
2026-08-14 11:21:52.396 [daemon] INFO: Message: output: output:
D:\aarambh\frontend\node_modules\expo-modules-autolinking\android\expo-gradle-plugin\expo-autolinking-settings-plugin\build\classes\kotlin\main\expo\modules\plugin\SettingsManager$useExpoModules$$inlined$beforeProject$1.class
Sources:
D:\aarambh\frontend\node_modules\expo-modules-autolinking\android\expo-gradle-plugin\expo-autolinking-settings-plugin\src\main\kotlin\expo\modules\plugin\SettingsManager.kt
2026-08-14 11:21:52.398 [daemon] INFO: Message: output: output:
D:\aarambh\frontend\node_modules\expo-modules-autolinking\android\expo-gradle-plugin\expo-autolinking-settings-plugin\build\classes\kotlin\main\expo\modules\plugin\SettingsManager$useExpoModules$3$2.class
Sources:
D:\aarambh\frontend\node_modules\expo-modules-autolinking\android\expo-gradle-plugin\expo-autolinking-settings-plugin\src\main\kotlin\expo\modules\plugin\SettingsManager.kt
2026-08-14 11:21:52.399 [daemon] INFO: Message: output: output:
D:\aarambh\frontend\node_modules\expo-modules-autolinking\android\expo-gradle-plugin\expo-autolinking-settings-plugin\build\classes\kotlin\main\expo\modules\plugin\SettingsManager$useExpoModules$3$4.class
Sources:
D:\aarambh\frontend\node_modules\expo-modules-autolinking\android\expo-gradle-plugin\expo-autolinking-settings-plugin\src\main\kotlin\expo\modules\plugin\SettingsManager.kt
2026-08-14 11:21:52.399 [daemon] INFO: Message: output: output:
D:\aarambh\frontend\node_modules\expo-modules-autolinking\android\expo-gradle-plugin\expo-autolinking-settings-plugin\build\classes\kotlin\main\expo\modules\plugin\SettingsManager$useExpoModules$$inlined$beforeRootProject$1.class
Sources:
D:\aarambh\frontend\node_modules\expo-modules-autolinking\android\expo-gradle-plugin\expo-autolinking-settings-plugin\src\main\kotlin\expo\modules\plugin\SettingsManager.kt
2026-08-14 11:21:52.400 [daemon] INFO: Message: output: output:
D:\aarambh\frontend\node_modules\expo-modules-autolinking\android\expo-gradle-plugin\expo-autolinking-settings-plugin\build\classes\kotlin\main\expo\modules\plugin\gradle\GradleExtensionKt$afterAndroidApplicationProject$1.class
Sources:
D:\aarambh\frontend\node_modules\expo-modules-autolinking\android\expo-gradle-plugin\expo-autolinking-settings-plugin\src\main\kotlin\expo\modules\plugin\gradle\GradleExtension.kt
2026-08-14 11:21:52.401 [daemon] INFO: Message: output: output:
D:\aarambh\frontend\node_modules\expo-modules-autolinking\android\expo-gradle-plugin\expo-autolinking-settings-plugin\build\classes\kotlin\main\expo\modules\plugin\SettingsManager$useExpoModules$$inlined$afterAndroidApplicationProject$1.class
Sources:
D:\aarambh\frontend\node_modules\expo-modules-autolinking\android\expo-gradle-plugin\expo-autolinking-settings-plugin\src\main\kotlin\expo\modules\plugin\SettingsManager.kt
2026-08-14 11:21:52.405 [daemon] INFO: Message: output: output:
D:\aarambh\frontend\node_modules\expo-modules-autolinking\android\expo-gradle-plugin\expo-autolinking-settings-plugin\build\classes\kotlin\main\expo\modules\plugin\SettingsManager$sam$org_gradle_api_Action$0.class
Sources:
D:\aarambh\frontend\node_modules\expo-modules-autolinking\android\expo-gradle-plugin\expo-autolinking-settings-plugin\src\main\kotlin\expo\modules\plugin\SettingsManager.kt
2026-08-14 11:21:52.415 [daemon] INFO: Message: output: output:
D:\aarambh\frontend\node_modules\expo-modules-autolinking\android\expo-gradle-plugin\expo-autolinking-settings-plugin\build\classes\kotlin\main\expo\modules\plugin\gradle\GradleExtensionKt$sam$i$org_gradle_api_Action$0.class
Sources:
D:\aarambh\frontend\node_modules\expo-modules-autolinking\android\expo-gradle-plugin\expo-autolinking-settings-plugin\src\main\kotlin\expo\modules\plugin\gradle\GradleExtension.kt
2026-08-14 11:21:52.420 [daemon] INFO: Message: output: output:
D:\aarambh\frontend\node_modules\expo-modules-autolinking\android\expo-gradle-plugin\expo-autolinking-settings-plugin\build\classes\kotlin\main\expo\modules\plugin\gradle\MavenArtifactRepositoryExtensionKt.class
Sources:
D:\aarambh\frontend\node_modules\expo-modules-autolinking\android\expo-gradle-plugin\expo-autolinking-settings-plugin\src\main\kotlin\expo\modules\plugin\gradle\MavenArtifactRepositoryExtension.kt
2026-08-14 11:21:52.422 [daemon] INFO: Message: output: output:
D:\aarambh\frontend\node_modules\expo-modules-autolinking\android\expo-gradle-plugin\expo-autolinking-settings-plugin\build\classes\kotlin\main\expo\modules\plugin\gradle\ProjectExtensionKt.class
Sources:
D:\aarambh\frontend\node_modules\expo-modules-autolinking\android\expo-gradle-plugin\expo-autolinking-settings-plugin\src\main\kotlin\expo\modules\plugin\gradle\ProjectExtension.kt
2026-08-14 11:21:52.423 [daemon] INFO: Message: output: output:
D:\aarambh\frontend\node_modules\expo-modules-autolinking\android\expo-gradle-plugin\expo-autolinking-settings-plugin\build\classes\kotlin\main\expo\modules\plugin\gradle\SettingsExtensionKt.class
Sources:
D:\aarambh\frontend\node_modules\expo-modules-autolinking\android\expo-gradle-plugin\expo-autolinking-settings-plugin\src\main\kotlin\expo\modules\plugin\gradle\SettingsExtension.kt
2026-08-14 11:21:52.424 [daemon] INFO: Message: output: output:
D:\aarambh\frontend\node_modules\expo-modules-autolinking\android\expo-gradle-plugin\expo-autolinking-settings-plugin\build\classes\kotlin\main\expo\modules\plugin\utils\Env.class
Sources:
D:\aarambh\frontend\node_modules\expo-modules-autolinking\android\expo-gradle-plugin\expo-autolinking-settings-plugin\src\main\kotlin\expo\modules\plugin\utils\Env.kt
2026-08-14 11:21:52.425 [daemon] INFO: Message: output: output:
D:\aarambh\frontend\node_modules\expo-modules-autolinking\android\expo-gradle-plugin\expo-autolinking-settings-plugin\build\classes\kotlin\main\META-INF\expo-autolinking-settings-plugin.kotlin_module
Sources:
D:\aarambh\frontend\node_modules\expo-modules-autolinking\android\expo-gradle-plugin\expo-autolinking-settings-plugin\src\main\kotlin\expo\modules\plugin\SettingsManager.kt
D:\aarambh\frontend\node_modules\expo-modules-autolinking\android\expo-gradle-plugin\expo-autolinking-settings-plugin\src\main\kotlin\expo\modules\plugin\gradle\MavenArtifactRepositoryExtension.kt
D:\aarambh\frontend\node_modules\expo-modules-autolinking\android\expo-gradle-plugin\expo-autolinking-settings-plugin\src\main\kotlin\expo\modules\plugin\gradle\GradleExtension.kt
D:\aarambh\frontend\node_modules\expo-modules-autolinking\android\expo-gradle-plugin\expo-autolinking-settings-plugin\src\main\kotlin\expo\modules\plugin\gradle\SettingsExtension.kt
D:\aarambh\frontend\node_modules\expo-modules-autolinking\android\expo-gradle-plugin\expo-autolinking-settings-plugin\src\main\kotlin\expo\modules\plugin\gradle\ProjectExtension.kt
D:\aarambh\frontend\node_modules\expo-modules-autolinking\android\expo-gradle-plugin\expo-autolinking-settings-plugin\src\main\kotlin\expo\modules\plugin\ExpoAutolinkingSettingsExtension.kt
D:\aarambh\frontend\node_modules\expo-modules-autolinking\android\expo-gradle-plugin\expo-autolinking-settings-plugin\src\main\kotlin\expo\modules\plugin\ExpoAutolinkingConfigExtensions.kt
D:\aarambh\frontend\node_modules\expo-modules-autolinking\android\expo-gradle-plugin\expo-autolinking-settings-plugin\src\main\kotlin\expo\modules\plugin\ExpoAutolinkingSettingsPlugin.kt
D:\aarambh\frontend\node_modules\expo-modules-autolinking\android\expo-gradle-plugin\expo-autolinking-settings-plugin\src\main\kotlin\expo\modules\plugin\utils\Env.kt
2026-08-14 11:21:54.045 [compiler] INFO: Done with result 0
2026-08-14 11:21:54.047 [compiler] INFO: cleaning after session 2
2026-08-14 11:22:58.380 [compiler] INFO: getDaemonJVMOptions: DaemonJVMOptions(maxMemory=2048m, maxMetaspaceSize=512m, reservedCodeCacheSize=320m, jvmParams=[-Djava.io.tmpdir=D:/aarambh/.tmp-build, -Djava.awt.headless=true, -Djava.rmi.server.hostname=127.0.0.1, -Dkotlin.environment.keepalive, -ea, -XX:+UseCodeCacheFlushing, -XX:+UseParallelGC, -Dkotlin.daemon.initiator.marker.file=D:\aarambh\.tmp-build\kotlin-compiler-in-expogradleplugin-16492466878395323379.alive, --add-exports=java.base/sun.nio.ch=ALL-UNNAMED, Dkotlin.environment.keepalive, ea])
2026-08-14 11:22:58.382 [compiler] INFO: Registered a client alive file: D:\aarambh\.tmp-build\kotlin-compiler-in-expogradleplugin-16492466878395323379.alive
2026-08-14 11:22:58.383 [compiler] INFO: leased a new session 3, session alive file: D:\aarambh\frontend\node_modules\expo-modules-autolinking\android\expo-gradle-plugin\.kotlin\sessions\kotlin-compiler-3695533039025389767.salive
2026-08-14 11:22:58.395 [compiler] INFO: Starting compilation with args: -Xallow-no-source-files -classpath C:\Users\USER\.gradle\caches\8.14.3\generated-gradle-jars\gradle-api-8.14.3.jar;C:\Users\USER\.gradle\wrapper\dists\gradle-8.14.3-bin\cv11ve7ro1n3o1j4so8xd9n66\gradle-8.14.3\lib\groovy-3.0.24.jar;C:\Users\USER\.gradle\wrapper\dists\gradle-8.14.3-bin\cv11ve7ro1n3o1j4so8xd9n66\gradle-8.14.3\lib\groovy-ant-3.0.24.jar;C:\Users\USER\.gradle\wrapper\dists\gradle-8.14.3-bin\cv11ve7ro1n3o1j4so8xd9n66\gradle-8.14.3\lib\groovy-astbuilder-3.0.24.jar;C:\Users\USER\.gradle\wrapper\dists\gradle-8.14.3-bin\cv11ve7ro1n3o1j4so8xd9n66\gradle-8.14.3\lib\groovy-console-3.0.24.jar;C:\Users\USER\.gradle\wrapper\dists\gradle-8.14.3-bin\cv11ve7ro1n3o1j4so8xd9n66\gradle-8.14.3\lib\groovy-datetime-3.0.24.jar;C:\Users\USER\.gradle\wrapper\dists\gradle-8.14.3-bin\cv11ve7ro1n3o1j4so8xd9n66\gradle-8.14.3\lib\groovy-dateutil-3.0.24.jar;C:\Users\USER\.gradle\wrapper\dists\gradle-8.14.3-bin\cv11ve7ro1n3o1j4so8xd9n66\gradle-8.14.3\lib\groovy-groovydoc-3.0.24.jar;C:\Users\USER\.gradle\wrapper\dists\gradle-8.14.3-bin\cv11ve7ro1n3o1j4so8xd9n66\gradle-8.14.3\lib\groovy-json-3.0.24.jar;C:\Users\USER\.gradle\wrapper\dists\gradle-8.14.3-bin\cv11ve7ro1n3o1j4so8xd9n66\gradle-8.14.3\lib\groovy-nio-3.0.24.jar;C:\Users\USER\.gradle\wrapper\dists\gradle-8.14.3-bin\cv11ve7ro1n3o1j4so8xd9n66\gradle-8.14.3\lib\groovy-sql-3.0.24.jar;C:\Users\USER\.gradle\wrapper\dists\gradle-8.14.3-bin\cv11ve7ro1n3o1j4so8xd9n66\gradle-8.14.3\lib\groovy-templates-3.0.24.jar;C:\Users\USER\.gradle\wrapper\dists\gradle-8.14.3-bin\cv11ve7ro1n3o1j4so8xd9n66\gradle-8.14.3\lib\groovy-test-3.0.24.jar;C:\Users\USER\.gradle\wrapper\dists\gradle-8.14.3-bin\cv11ve7ro1n3o1j4so8xd9n66\gradle-8.14.3\lib\groovy-xml-3.0.24.jar;C:\Users\USER\.gradle\wrapper\dists\gradle-8.14.3-bin\cv11ve7ro1n3o1j4so8xd9n66\gradle-8.14.3\lib\javaparser-core-3.17.0.jar;C:\Users\USER\.gradle\wrapper\dists\gradle-8.14.3-bin\cv11ve7ro1n3o1j4so8xd9n66\gradle-8.14.3\lib\kotlin-stdlib-2.0.21.jar;C:\Users\USER\.gradle\wrapper\dists\gradle-8.14.3-bin\cv11ve7ro1n3o1j4so8xd9n66\gradle-8.14.3\lib\kotlin-reflect-2.0.21.jar;C:\Users\USER\.gradle\wrapper\dists\gradle-8.14.3-bin\cv11ve7ro1n3o1j4so8xd9n66\gradle-8.14.3\lib\gradle-installation-beacon-8.14.3.jar;D:\aarambh\frontend\node_modules\expo-modules-autolinking\android\expo-gradle-plugin\expo-autolinking-plugin-shared\build\libs\expo-autolinking-plugin-shared-1.0.jar;C:\Users\USER\.gradle\caches\modules-2\files-2.1\org.jetbrains.kotlinx\kotlinx-serialization-core-jvm\1.6.3\6b6c17d0312ba7192893adea9d52959941d0119b\kotlinx-serialization-core-jvm-1.6.3.jar;C:\Users\USER\.gradle\caches\modules-2\files-2.1\org.jetbrains.kotlinx\kotlinx-serialization-json-jvm\1.6.3\2241746853abf04073e3ab0dcd9e6729d363b313\kotlinx-serialization-json-jvm-1.6.3.jar;C:\Users\USER\.gradle\caches\modules-2\files-2.1\org.jetbrains.kotlin\kotlin-stdlib\2.1.20\aa8ca79cd50578314f6d1180c47cbe14c0fee567\kotlin-stdlib-2.1.20.jar;C:\Users\USER\.gradle\caches\modules-2\files-2.1\com.android.tools.build\gradle\8.5.0\6213739508088918191d45f66824b05b49e996db\gradle-8.5.0.jar;C:\Users\USER\.gradle\caches\modules-2\files-2.1\org.jetbrains\annotations\13.0\919f0dfe192fb4e063e7dacadee7f8bb9a2672a9\annotations-13.0.jar;C:\Users\USER\.gradle\caches\modules-2\files-2.1\com.android.tools.build\builder\8.5.0\b67b3f37071bee0d38a4b1e7ce5b9da9ba9ca139\builder-8.5.0.jar;C:\Users\USER\.gradle\caches\modules-2\files-2.1\com.android.tools.build\builder-model\8.5.0\370d4f5f5e9620fa7631c442309c424400d2942a\builder-model-8.5.0.jar;C:\Users\USER\.gradle\caches\modules-2\files-2.1\com.android.tools.build\gradle-api\8.5.0\556cacdea68f119d7c435dd231d6b155e8b88f07\gradle-api-8.5.0.jar;C:\Users\USER\.gradle\caches\modules-2\files-2.1\com.android.tools.build\manifest-merger\31.5.0\690c32078aec5b6c99f01756f1b329392a638bd2\manifest-merger-31.5.0.jar;C:\Users\USER\.gradle\caches\modules-2\files-2.1\com.android\zipflinger\8.5.0\de8e3267995699af356740cf562cbedb485f5763\zipflinger-8.5.0.jar;C:\Users\USER\.gradle\caches\modules-2\files-2.1\com.android.tools.build\apksig\8.5.0\d51ecbc4a5b7a2c7832586a4dde18f61d92810a4\apksig-8.5.0.jar;C:\Users\USER\.gradle\caches\modules-2\files-2.1\com.android.tools.build\apkzlib\8.5.0\d656b52facbb301b8bdc1e40a5ae008bcf335fe9\apkzlib-8.5.0.jar;C:\Users\USER\.gradle\caches\modules-2\files-2.1\com.squareup\javawriter\2.5.0\81241ff7078ef14f42ea2a8995fa09c096256e6b\javawriter-2.5.0.jar;C:\Users\USER\.gradle\caches\modules-2\files-2.1\org.ow2.asm\asm\9.6\aa205cf0a06dbd8e04ece91c0b37c3f5d567546a\asm-9.6.jar -d D:\aarambh\frontend\node_modules\expo-modules-autolinking\android\expo-gradle-plugin\expo-autolinking-plugin\build\classes\kotlin\main -jdk-home C:\Program Files\Eclipse Adoptium\jdk-17.0.18.8-hotspot -jvm-target 11 -module-name expo-autolinking-plugin -no-reflect -no-stdlib -Xplugin=C:\Users\USER\.gradle\caches\modules-2\files-2.1\org.jetbrains.kotlin\kotlin-scripting-compiler-embeddable\2.1.20\efd094224781affbc9aa8c60c5cae926517e028f\kotlin-scripting-compiler-embeddable-2.1.20.jar,C:\Users\USER\.gradle\caches\modules-2\files-2.1\org.jetbrains.kotlin\kotlin-scripting-compiler-impl-embeddable\2.1.20\26fd748997fdde79281d4cd4e5dff73a9276067\kotlin-scripting-compiler-impl-embeddable-2.1.20.jar,C:\Users\USER\.gradle\caches\modules-2\files-2.1\org.jetbrains.kotlin\kotlin-scripting-jvm\2.1.20\963b49de86cb5ee7cddf8724187d1658ac85e4ef\kotlin-scripting-jvm-2.1.20.jar,C:\Users\USER\.gradle\caches\modules-2\files-2.1\org.jetbrains.kotlin\kotlin-scripting-common\2.1.20\29a91fb9489edffc21d296b565d9bb62476971b7\kotlin-scripting-common-2.1.20.jar,C:\Users\USER\.gradle\caches\modules-2\files-2.1\org.jetbrains.kotlin\kotlin-stdlib\2.1.20\aa8ca79cd50578314f6d1180c47cbe14c0fee567\kotlin-stdlib-2.1.20.jar,C:\Users\USER\.gradle\caches\modules-2\files-2.1\org.jetbrains\annotations\13.0\919f0dfe192fb4e063e7dacadee7f8bb9a2672a9\annotations-13.0.jar,C:\Users\USER\.gradle\caches\modules-2\files-2.1\org.jetbrains.kotlin\kotlin-script-runtime\2.1.20\f7c623d7f7bdb01f5ccd6b437bc0a937fcd7c57e\kotlin-script-runtime-2.1.20.jar D:\aarambh\frontend\node_modules\expo-modules-autolinking\android\expo-gradle-plugin\expo-autolinking-plugin\src\main\kotlin\expo\modules\plugin\ExpoAutolinkingPlugin.kt D:\aarambh\frontend\node_modules\expo-modules-autolinking\android\expo-gradle-plugin\expo-autolinking-plugin\src\main\kotlin\expo\modules\plugin\ExpoRootProjectPlugin.kt D:\aarambh\frontend\node_modules\expo-modules-autolinking\android\expo-gradle-plugin\expo-autolinking-plugin\src\main\kotlin\expo\modules\plugin\GeneratePackagesListTask.kt D:\aarambh\frontend\node_modules\expo-modules-autolinking\android\expo-gradle-plugin\expo-autolinking-plugin\src\main\kotlin\expo\modules\plugin\KSPLookup.kt D:\aarambh\frontend\node_modules\expo-modules-autolinking\android\expo-gradle-plugin\expo-autolinking-plugin\src\main\kotlin\expo\modules\plugin\ProjectExtension.kt
2026-08-14 11:23:04.281 [daemon] INFO: Message: logging: using Kotlin home directory <no_path>
2026-08-14 11:23:04.282 [daemon] INFO: Message: logging: configuring the compilation environment
2026-08-14 11:23:04.283 [daemon] INFO: Message: logging: using JDK home directory C:\Program Files\Eclipse Adoptium\jdk-17.0.18.8-hotspot
2026-08-14 11:23:04.283 [daemon] INFO: Message: logging: loading modules: [java.se, jdk.accessibility, jdk.attach, jdk.compiler, jdk.dynalink, jdk.httpserver, jdk.incubator.foreign, jdk.incubator.vector, jdk.jartool, jdk.javadoc, jdk.jconsole, jdk.jdi, jdk.jfr, jdk.jshell, jdk.jsobject, jdk.management, jdk.management.jfr, jdk.net, jdk.nio.mapmode, jdk.sctp, jdk.security.auth, jdk.security.jgss, jdk.unsupported, jdk.unsupported.desktop, jdk.xml.dom, java.base, java.compiler, java.datatransfer, java.desktop, java.xml, java.instrument, java.logging, java.management, java.management.rmi, java.rmi, java.naming, java.net.http, java.prefs, java.scripting, java.security.jgss, java.security.sasl, java.sql, java.transaction.xa, java.sql.rowset, java.xml.crypto, jdk.internal.jvmstat, jdk.management.agent, jdk.jdwp.agent, jdk.internal.ed, jdk.internal.le, jdk.internal.opt]
2026-08-14 11:23:04.285 [daemon] INFO: Message: output: output:
D:\aarambh\frontend\node_modules\expo-modules-autolinking\android\expo-gradle-plugin\expo-autolinking-plugin\build\classes\kotlin\main\expo\modules\plugin\ExpoAutolinkingPlugin.class
Sources:
D:\aarambh\frontend\node_modules\expo-modules-autolinking\android\expo-gradle-plugin\expo-autolinking-plugin\src\main\kotlin\expo\modules\plugin\ExpoAutolinkingPlugin.kt
2026-08-14 11:23:04.289 [daemon] INFO: Message: output: output:
D:\aarambh\frontend\node_modules\expo-modules-autolinking\android\expo-gradle-plugin\expo-autolinking-plugin\build\classes\kotlin\main\expo\modules\plugin\ExpoAutolinkingPlugin$apply$5.class
Sources:
D:\aarambh\frontend\node_modules\expo-modules-autolinking\android\expo-gradle-plugin\expo-autolinking-plugin\src\main\kotlin\expo\modules\plugin\ExpoAutolinkingPlugin.kt
2026-08-14 11:23:04.298 [daemon] INFO: Message: output: output:
D:\aarambh\frontend\node_modules\expo-modules-autolinking\android\expo-gradle-plugin\expo-autolinking-plugin\build\classes\kotlin\main\expo\modules\plugin\ExpoAutolinkingPluginKt.class
Sources:
D:\aarambh\frontend\node_modules\expo-modules-autolinking\android\expo-gradle-plugin\expo-autolinking-plugin\src\main\kotlin\expo\modules\plugin\ExpoAutolinkingPlugin.kt
2026-08-14 11:23:04.299 [daemon] INFO: Message: output: output:
D:\aarambh\frontend\node_modules\expo-modules-autolinking\android\expo-gradle-plugin\expo-autolinking-plugin\build\classes\kotlin\main\expo\modules\plugin\ExpoRootProjectPlugin.class
Sources:
D:\aarambh\frontend\node_modules\expo-modules-autolinking\android\expo-gradle-plugin\expo-autolinking-plugin\src\main\kotlin\expo\modules\plugin\ExpoRootProjectPlugin.kt
2026-08-14 11:23:04.300 [daemon] INFO: Message: output: output:
D:\aarambh\frontend\node_modules\expo-modules-autolinking\android\expo-gradle-plugin\expo-autolinking-plugin\build\classes\kotlin\main\expo\modules\plugin\ExpoRootProjectPluginKt.class
Sources:
D:\aarambh\frontend\node_modules\expo-modules-autolinking\android\expo-gradle-plugin\expo-autolinking-plugin\src\main\kotlin\expo\modules\plugin\ExpoRootProjectPlugin.kt
2026-08-14 11:23:04.301 [daemon] INFO: Message: output: output:
D:\aarambh\frontend\node_modules\expo-modules-autolinking\android\expo-gradle-plugin\expo-autolinking-plugin\build\classes\kotlin\main\expo\modules\plugin\GeneratePackagesListTask.class
Sources:
D:\aarambh\frontend\node_modules\expo-modules-autolinking\android\expo-gradle-plugin\expo-autolinking-plugin\src\main\kotlin\expo\modules\plugin\GeneratePackagesListTask.kt
2026-08-14 11:23:04.301 [daemon] INFO: Message: output: output:
D:\aarambh\frontend\node_modules\expo-modules-autolinking\android\expo-gradle-plugin\expo-autolinking-plugin\build\classes\kotlin\main\expo\modules\plugin\KSPLookupKt.class
Sources:
D:\aarambh\frontend\node_modules\expo-modules-autolinking\android\expo-gradle-plugin\expo-autolinking-plugin\src\main\kotlin\expo\modules\plugin\KSPLookup.kt
2026-08-14 11:23:04.302 [daemon] INFO: Message: output: output:
D:\aarambh\frontend\node_modules\expo-modules-autolinking\android\expo-gradle-plugin\expo-autolinking-plugin\build\classes\kotlin\main\expo\modules\plugin\ProjectExtensionKt.class
Sources:
D:\aarambh\frontend\node_modules\expo-modules-autolinking\android\expo-gradle-plugin\expo-autolinking-plugin\src\main\kotlin\expo\modules\plugin\ProjectExtension.kt
2026-08-14 11:23:04.302 [daemon] INFO: Message: output: output:
D:\aarambh\frontend\node_modules\expo-modules-autolinking\android\expo-gradle-plugin\expo-autolinking-plugin\build\classes\kotlin\main\META-INF\expo-autolinking-plugin.kotlin_module
Sources:
D:\aarambh\frontend\node_modules\expo-modules-autolinking\android\expo-gradle-plugin\expo-autolinking-plugin\src\main\kotlin\expo\modules\plugin\ExpoRootProjectPlugin.kt
D:\aarambh\frontend\node_modules\expo-modules-autolinking\android\expo-gradle-plugin\expo-autolinking-plugin\src\main\kotlin\expo\modules\plugin\KSPLookup.kt
D:\aarambh\frontend\node_modules\expo-modules-autolinking\android\expo-gradle-plugin\expo-autolinking-plugin\src\main\kotlin\expo\modules\plugin\ExpoAutolinkingPlugin.kt
D:\aarambh\frontend\node_modules\expo-modules-autolinking\android\expo-gradle-plugin\expo-autolinking-plugin\src\main\kotlin\expo\modules\plugin\GeneratePackagesListTask.kt
D:\aarambh\frontend\node_modules\expo-modules-autolinking\android\expo-gradle-plugin\expo-autolinking-plugin\src\main\kotlin\expo\modules\plugin\ProjectExtension.kt
2026-08-14 11:23:05.023 [compiler] INFO: Done with result 0
2026-08-14 11:23:05.025 [compiler] INFO: cleaning after session 3
2026-08-14 11:34:59.193 [compiler] INFO: getDaemonJVMOptions: DaemonJVMOptions(maxMemory=2048m, maxMetaspaceSize=512m, reservedCodeCacheSize=320m, jvmParams=[-Djava.io.tmpdir=D:/aarambh/.tmp-build, -Djava.awt.headless=true, -Djava.rmi.server.hostname=127.0.0.1, -Dkotlin.environment.keepalive, -ea, -XX:+UseCodeCacheFlushing, -XX:+UseParallelGC, -Dkotlin.daemon.initiator.marker.file=D:\aarambh\.tmp-build\kotlin-compiler-in-expogradleplugin-16492466878395323379.alive, --add-exports=java.base/sun.nio.ch=ALL-UNNAMED, Dkotlin.environment.keepalive, ea])
2026-08-14 11:35:00.196 [compiler] INFO: Registered a client alive file: D:\aarambh\.tmp-build\kotlin-compiler-in-hms-8567579073821835045.alive
2026-08-14 11:35:00.265 [compiler] INFO: leased a new session 4, session alive file: D:\aarambh\frontend\android\.kotlin\sessions\kotlin-compiler-15786901465648546014.salive
2026-08-14 11:35:00.771 [compiler] INFO: getDaemonJVMOptions: DaemonJVMOptions(maxMemory=2048m, maxMetaspaceSize=512m, reservedCodeCacheSize=320m, jvmParams=[-Djava.io.tmpdir=D:/aarambh/.tmp-build, -Djava.awt.headless=true, -Djava.rmi.server.hostname=127.0.0.1, -Dkotlin.environment.keepalive, -ea, -XX:+UseCodeCacheFlushing, -XX:+UseParallelGC, -Dkotlin.daemon.initiator.marker.file=D:\aarambh\.tmp-build\kotlin-compiler-in-expogradleplugin-16492466878395323379.alive, --add-exports=java.base/sun.nio.ch=ALL-UNNAMED, Dkotlin.environment.keepalive, ea])
2026-08-14 11:35:00.806 [compiler] INFO: Registered a client alive file: D:\aarambh\.tmp-build\kotlin-compiler-in-hms-8567579073821835045.alive
2026-08-14 11:35:00.807 [compiler] INFO: leased a new session 5, session alive file: D:\aarambh\frontend\android\.kotlin\sessions\kotlin-compiler-15786901465648546014.salive
2026-08-14 11:35:01.909 [compiler] INFO: Starting compilation with args: -Xallow-no-source-files -classpath C:\Users\USER\AppData\Local\Android\Sdk\platforms\android-35\android.jar;C:\Users\USER\AppData\Local\Android\Sdk\build-tools\35.0.0\core-lambda-stubs.jar;D:\aarambh\frontend\node_modules\react-native-gesture-handler\android\build\intermediates\compile_r_class_jar\release\generateReleaseRFile\R.jar;C:\Users\USER\.gradle\caches\8.14.3\transforms\d1ff2d2667f7d4e152e45f9118f2ba54\transformed\react-android-0.81.5-release-api.jar;D:\aarambh\frontend\node_modules\react-native-reanimated\android\build\intermediates\compile_library_classes_jar\release\bundleLibCompileToJarRelease\classes.jar;D:\aarambh\frontend\node_modules\react-native-svg\android\build\intermediates\compile_library_classes_jar\release\bundleLibCompileToJarRelease\classes.jar;C:\Users\USER\.gradle\caches\8.14.3\transforms\81b01510b9ce8e4e2e5859bbbe10e3c3\transformed\appcompat-resources-1.7.0-api.jar;C:\Users\USER\.gradle\caches\8.14.3\transforms\85646afd59b508f9f9efb49f3e51cd31\transformed\appcompat-1.7.0-api.jar;C:\Users\USER\.gradle\caches\8.14.3\transforms\c460eb590b0f6beb0f9946f0bce8f08e\transformed\fragment-1.5.4-api.jar;C:\Users\USER\.gradle\caches\8.14.3\transforms\202c63e3b2d96408c85716254691bbf3\transformed\activity-1.7.0-api.jar;C:\Users\USER\.gradle\caches\8.14.3\transforms\6e738d9f7137c038d33487deec09956f\transformed\swiperefreshlayout-1.1.0-api.jar;C:\Users\USER\.gradle\caches\8.14.3\transforms\8c4d73a67a927c2fc1a0e415d4127a6f\transformed\drawerlayout-1.0.0-api.jar;C:\Users\USER\.gradle\caches\8.14.3\transforms\73dd28ce8c5b7965336a8642ba9d0c6b\transformed\vectordrawable-animated-1.1.0-api.jar;C:\Users\USER\.gradle\caches\8.14.3\transforms\9dcf144118bd36515d2f9f5e19d892e8\transformed\vectordrawable-1.1.0-api.jar;C:\Users\USER\.gradle\caches\8.14.3\transforms\d980fb07799502ea8fbc668cb38687e3\transformed\viewpager-1.0.0-api.jar;C:\Users\USER\.gradle\caches\8.14.3\transforms\7bb9bee32eb95885e69ad729cf192403\transformed\customview-1.0.0-api.jar;C:\Users\USER\.gradle\caches\8.14.3\transforms\83befa9fe345790bcb86999c9ab833a9\transformed\loader-1.0.0-api.jar;C:\Users\USER\.gradle\caches\8.14.3\transforms\92e2ecfb0439f1971c6445fb46f17a02\transformed\core-1.16.0-api.jar;C:\Users\USER\.gradle\caches\8.14.3\transforms\5b9dc94874c69aceffcbcf1289f733a5\transformed\lifecycle-livedata-2.6.2-api.jar;C:\Users\USER\.gradle\caches\modules-2\files-2.1\androidx.lifecycle\lifecycle-common\2.6.2\10f354fdb64868baecd67128560c5a0d6312c495\lifecycle-common-2.6.2.jar;C:\Users\USER\.gradle\caches\8.14.3\transforms\2aab3f128cbfa120a57c7d864ad46606\transformed\lifecycle-livedata-core-2.6.2-api.jar;C:\Users\USER\.gradle\caches\8.14.3\transforms\d639df3c93d57cde14d3952cacc96571\transformed\lifecycle-viewmodel-2.6.2-api.jar;C:\Users\USER\.gradle\caches\8.14.3\transforms\e3f9a29beb4bf4a081a9fa6d3130cda0\transformed\lifecycle-runtime-2.6.2-api.jar;C:\Users\USER\.gradle\caches\8.14.3\transforms\8e120a65084baef22be3a36d56477435\transformed\lifecycle-viewmodel-savedstate-2.6.2-api.jar;C:\Users\USER\.gradle\caches\8.14.3\transforms\49916e7a4f16b2e211f9b89330231325\transformed\core-ktx-1.16.0-api.jar;C:\Users\USER\.gradle\caches\8.14.3\transforms\a8355b39797f4cf2f67a0fa6d49c06c4\transformed\fresco-3.6.0-api.jar;C:\Users\USER\.gradle\caches\8.14.3\transforms\671cb54975d8f40a4a1e92a0e3d032e4\transformed\imagepipeline-okhttp3-3.6.0-api.jar;C:\Users\USER\.gradle\caches\8.14.3\transforms\64d0fa98e2fdd18bd92058f853bb2b86\transformed\middleware-3.6.0-api.jar;C:\Users\USER\.gradle\caches\8.14.3\transforms\a202ed36926b5a76a703cb7e2f2c5751\transformed\ui-common-3.6.0-api.jar;C:\Users\USER\.gradle\caches\modules-2\files-2.1\com.squareup.okhttp3\okhttp-urlconnection\4.9.2\3b9e64d3d56370bc7488ed8b336d17a8013cb336\okhttp-urlconnection-4.9.2.jar;C:\Users\USER\.gradle\caches\modules-2\files-2.1\com.squareup.okhttp3\okhttp\4.9.2\5302714ee9320b64cf65ed865e5f65981ef9ba46\okhttp-4.9.2.jar;C:\Users\USER\.gradle\caches\modules-2\files-2.1\com.squareup.okio\okio\2.9.0\dcc813b08ce5933f8bdfd1dfbab4ad4bd170e7a\okio-jvm-2.9.0.jar;C:\Users\USER\.gradle\caches\8.14.3\transforms\f32a874dc8eeb4a88ed7b518904d2cb5\transformed\savedstate-1.2.1-api.jar;C:\Users\USER\.gradle\caches\8.14.3\transforms\4e4010baa57e6a86d782abc833c927fd\transformed\fbcore-3.6.0-api.jar;C:\Users\USER\.gradle\caches\8.14.3\transforms\0de1c15f3e05c31c8d70661bfd1d6a47\transformed\drawee-3.6.0-api.jar;C:\Users\USER\.gradle\caches\modules-2\files-2.1\org.jetbrains.kotlinx\kotlinx-coroutines-core-jvm\1.6.4\2c997cd1c0ef33f3e751d3831929aeff1390cb30\kotlinx-coroutines-core-jvm-1.6.4.jar;C:\Users\USER\.gradle\caches\modules-2\files-2.1\org.jetbrains.kotlinx\kotlinx-coroutines-android\1.6.4\f955fc8b2ad196e2f4429598440e15f7492eeb2b\kotlinx-coroutines-android-1.6.4.jar;C:\Users\USER\.gradle\caches\modules-2\files-2.1\org.jetbrains.kotlin\kotlin-stdlib-jdk8\1.8.0\ed04f49e186a116753ad70d34f0ac2925d1d8020\kotlin-stdlib-jdk8-1.8.0.jar;C:\Users\USER\.gradle\caches\8.14.3\transforms\3a775bbafbb9cb49a1391eb92850dd8c\transformed\cursoradapter-1.0.0-api.jar;C:\Users\USER\.gradle\caches\8.14.3\transforms\36fc2506a8d74a32e2907d227725bcb5\transformed\interpolator-1.0.0-api.jar;C:\Users\USER\.gradle\caches\8.14.3\transforms\94bb797470a6866e2e8007defe3e14d1\transformed\versionedparcelable-1.1.1-api.jar;C:\Users\USER\.gradle\caches\8.14.3\transforms\2ab20d9d5d474cf53e1e3f253abb1f2d\transformed\core-runtime-2.2.0-api.jar;C:\Users\USER\.gradle\caches\modules-2\files-2.1\androidx.arch.core\core-common\2.2.0\5e1b8b81dfd5f52c56a8d53b18ca759c19a301f3\core-common-2.2.0.jar;C:\Users\USER\.gradle\caches\modules-2\files-2.1\androidx.collection\collection-jvm\1.4.2\bc60b5568a66d765a9fe8e266fd0c6c727e0b50b\collection-jvm-1.4.2.jar;C:\Users\USER\.gradle\caches\modules-2\files-2.1\androidx.annotation\annotation-jvm\1.8.1\b8a16fe526014b7941c1debaccaf9c5153692dbb\annotation-jvm-1.8.1.jar;C:\Users\USER\.gradle\caches\8.14.3\transforms\e1e52e548cd431bef86ab3a75a5c57de\transformed\annotation-experimental-1.4.1-api.jar;C:\Users\USER\.gradle\caches\8.14.3\transforms\8adfab36472f614a17fa5af86baffe30\transformed\core-viewtree-1.0.0-api.jar;C:\Users\USER\.gradle\caches\8.14.3\transforms\b1e85b97fa94f4b4f51a96cf3bc4a184\transformed\ui-core-3.6.0-api.jar;C:\Users\USER\.gradle\caches\8.14.3\transforms\4c3663dde0ea3f7565f2c57944c8f1e4\transformed\imagepipeline-3.6.0-api.jar;C:\Users\USER\.gradle\caches\8.14.3\transforms\befab0bcb77e7b2e3959c99126ce0b97\transformed\imagepipeline-base-3.6.0-api.jar;C:\Users\USER\.gradle\caches\modules-2\files-2.1\org.jetbrains.kotlin\kotlin-stdlib-jdk7\1.8.0\3c91271347f678c239607abb676d4032a7898427\kotlin-stdlib-jdk7-1.8.0.jar;C:\Users\USER\.gradle\caches\modules-2\files-2.1\org.jetbrains.kotlin\kotlin-stdlib\2.1.20\aa8ca79cd50578314f6d1180c47cbe14c0fee567\kotlin-stdlib-2.1.20.jar;C:\Users\USER\.gradle\caches\modules-2\files-2.1\org.jetbrains\annotations\13.0\919f0dfe192fb4e063e7dacadee7f8bb9a2672a9\annotations-13.0.jar;C:\Users\USER\.gradle\caches\8.14.3\transforms\4da89da7893dafdd0519ee6d5f348d7c\transformed\tracing-1.2.0-api.jar;C:\Users\USER\.gradle\caches\modules-2\files-2.1\org.jspecify\jspecify\1.0.0\7425a601c1c7ec76645a78d22b8c6a627edee507\jspecify-1.0.0.jar;C:\Users\USER\.gradle\caches\8.14.3\transforms\4e111bc800d855cf56e037e7617c86e0\transformed\autofill-1.1.0-api.jar;C:\Users\USER\.gradle\caches\8.14.3\transforms\6f43cc58917cfcc57bfebe52d8937386\transformed\fbjni-0.7.0-api.jar;C:\Users\USER\.gradle\caches\8.14.3\transforms\706c4a8633264bb32af03ccd4b8da323\transformed\soloader-0.12.1-api.jar;C:\Users\USER\.gradle\caches\modules-2\files-2.1\com.facebook.soloader\nativeloader\0.12.1\492cc5082540e19b29328f2f56c53255cb6e7cc6\nativeloader-0.12.1.jar;C:\Users\USER\.gradle\caches\modules-2\files-2.1\com.facebook.soloader\annotation\0.12.1\945ada76f62253ba8e72cbf755d0e85ea7362cfe\annotation-0.12.1.jar;C:\Users\USER\.gradle\caches\modules-2\files-2.1\com.facebook.infer.annotation\infer-annotation\0.18.0\27539793fe93ed7d92b6376281c16cda8278ab2f\infer-annotation-0.18.0.jar;C:\Users\USER\.gradle\caches\modules-2\files-2.1\com.google.code.findbugs\jsr305\3.0.2\25ea2e8b0c338a877313bd4672d3fe056ea78f0d\jsr305-3.0.2.jar;C:\Users\USER\.gradle\caches\modules-2\files-2.1\org.jetbrains.kotlin\kotlin-annotations-jvm\1.3.72\7dba6c57de526588d8080317bda0c14cd88c8055\kotlin-annotations-jvm-1.3.72.jar;C:\Users\USER\.gradle\caches\8.14.3\transforms\f979db765c17764c8b881882b62e00c4\transformed\imagepipeline-native-3.6.0-api.jar;C:\Users\USER\.gradle\caches\8.14.3\transforms\c7fc4207dda0e4117bf7889d48864637\transformed\memory-type-ashmem-3.6.0-api.jar;C:\Users\USER\.gradle\caches\8.14.3\transforms\c8c7746c931f093cab61effeec53d35c\transformed\memory-type-native-3.6.0-api.jar;C:\Users\USER\.gradle\caches\8.14.3\transforms\31ba3c11c4274d08ea298783793ef95a\transformed\memory-type-java-3.6.0-api.jar;C:\Users\USER\.gradle\caches\8.14.3\transforms\2944c452ee02efe4f56aa06f0da44f09\transformed\nativeimagefilters-3.6.0-api.jar;C:\Users\USER\.gradle\caches\8.14.3\transforms\2ba82a540b29b924e7c18ccec0c9febd\transformed\nativeimagetranscoder-3.6.0-api.jar;C:\Users\USER\.gradle\caches\modules-2\files-2.1\com.facebook.yoga\proguard-annotations\1.19.0\fcbbb39052e6490eaaf6a6959c49c3a4fbe87c63\proguard-annotations-1.19.0.jar;C:\Users\USER\.gradle\caches\modules-2\files-2.1\javax.inject\javax.inject\1\6975da39a7040257bd51d21a231b76c915872d38\javax.inject-1.jar -d D:\aarambh\frontend\node_modules\react-native-gesture-handler\android\build\tmp\kotlin-classes\release -jvm-target 17 -module-name react-native-gesture-handler_release -no-jdk -no-reflect -no-stdlib D:\aarambh\frontend\node_modules\react-native-gesture-handler\android\src\main\java\com\swmansion\gesturehandler\core\ScaleGestureDetector.java D:\aarambh\frontend\node_modules\react-native-gesture-handler\android\fabric\src\main\java\com\swmansion\gesturehandler\RNGestureHandlerComponentsRegistry.java D:\aarambh\frontend\node_modules\react-native-gesture-handler\android\build\generated\source\codegen\java\com\facebook\react\viewmanagers\RNGestureHandlerButtonManagerDelegate.java D:\aarambh\frontend\node_modules\react-native-gesture-handler\android\build\generated\source\codegen\java\com\facebook\react\viewmanagers\RNGestureHandlerButtonManagerInterface.java D:\aarambh\frontend\node_modules\react-native-gesture-handler\android\build\generated\source\codegen\java\com\facebook\react\viewmanagers\RNGestureHandlerRootViewManagerDelegate.java D:\aarambh\frontend\node_modules\react-native-gesture-handler\android\build\generated\source\codegen\java\com\facebook\react\viewmanagers\RNGestureHandlerRootViewManagerInterface.java D:\aarambh\frontend\node_modules\react-native-gesture-handler\android\build\generated\source\codegen\java\com\swmansion\gesturehandler\NativeRNGestureHandlerModuleSpec.java D:\aarambh\frontend\node_modules\react-native-gesture-handler\android\build\generated\source\buildConfig\release\com\swmansion\gesturehandler\BuildConfig.java D:\aarambh\frontend\node_modules\react-native-gesture-handler\android\src\main\java\com\swmansion\gesturehandler\core\DiagonalDirections.kt D:\aarambh\frontend\node_modules\react-native-gesture-handler\android\src\main\java\com\swmansion\gesturehandler\core\FlingGestureHandler.kt D:\aarambh\frontend\node_modules\react-native-gesture-handler\android\src\main\java\com\swmansion\gesturehandler\core\GestureHandler.kt D:\aarambh\frontend\node_modules\react-native-gesture-handler\android\src\main\java\com\swmansion\gesturehandler\core\GestureHandlerInteractionController.kt D:\aarambh\frontend\node_modules\react-native-gesture-handler\android\src\main\java\com\swmansion\gesturehandler\core\GestureHandlerOrchestrator.kt D:\aarambh\frontend\node_modules\react-native-gesture-handler\android\src\main\java\com\swmansion\gesturehandler\core\GestureHandlerRegistry.kt D:\aarambh\frontend\node_modules\react-native-gesture-handler\android\src\main\java\com\swmansion\gesturehandler\core\GestureUtils.kt D:\aarambh\frontend\node_modules\react-native-gesture-handler\android\src\main\java\com\swmansion\gesturehandler\core\HoverGestureHandler.kt D:\aarambh\frontend\node_modules\react-native-gesture-handler\android\src\main\java\com\swmansion\gesturehandler\core\LongPressGestureHandler.kt D:\aarambh\frontend\node_modules\react-native-gesture-handler\android\src\main\java\com\swmansion\gesturehandler\core\ManualGestureHandler.kt D:\aarambh\frontend\node_modules\react-native-gesture-handler\android\src\main\java\com\swmansion\gesturehandler\core\NativeViewGestureHandler.kt D:\aarambh\frontend\node_modules\react-native-gesture-handler\android\src\main\java\com\swmansion\gesturehandler\core\OnTouchEventListener.kt D:\aarambh\frontend\node_modules\react-native-gesture-handler\android\src\main\java\com\swmansion\gesturehandler\core\PanGestureHandler.kt D:\aarambh\frontend\node_modules\react-native-gesture-handler\android\src\main\java\com\swmansion\gesturehandler\core\PinchGestureHandler.kt D:\aarambh\frontend\node_modules\react-native-gesture-handler\android\src\main\java\com\swmansion\gesturehandler\core\PointerEventsConfig.kt D:\aarambh\frontend\node_modules\react-native-gesture-handler\android\src\main\java\com\swmansion\gesturehandler\core\RotationGestureDetector.kt D:\aarambh\frontend\node_modules\react-native-gesture-handler\android\src\main\java\com\swmansion\gesturehandler\core\RotationGestureHandler.kt D:\aarambh\frontend\node_modules\react-native-gesture-handler\android\src\main\java\com\swmansion\gesturehandler\core\StylusData.kt D:\aarambh\frontend\node_modules\react-native-gesture-handler\android\src\main\java\com\swmansion\gesturehandler\core\TapGestureHandler.kt D:\aarambh\frontend\node_modules\react-native-gesture-handler\android\src\main\java\com\swmansion\gesturehandler\core\Vector.kt D:\aarambh\frontend\node_modules\react-native-gesture-handler\android\src\main\java\com\swmansion\gesturehandler\core\ViewConfigurationHelper.kt D:\aarambh\frontend\node_modules\react-native-gesture-handler\android\src\main\java\com\swmansion\gesturehandler\react\eventbuilders\FlingGestureHandlerEventDataBuilder.kt D:\aarambh\frontend\node_modules\react-native-gesture-handler\android\src\main\java\com\swmansion\gesturehandler\react\eventbuilders\GestureHandlerEventDataBuilder.kt D:\aarambh\frontend\node_modules\react-native-gesture-handler\android\src\main\java\com\swmansion\gesturehandler\react\eventbuilders\HoverGestureHandlerEventDataBuilder.kt D:\aarambh\frontend\node_modules\react-native-gesture-handler\android\src\main\java\com\swmansion\gesturehandler\react\eventbuilders\LongPressGestureHandlerEventDataBuilder.kt D:\aarambh\frontend\node_modules\react-native-gesture-handler\android\src\main\java\com\swmansion\gesturehandler\react\eventbuilders\ManualGestureHandlerEventDataBuilder.kt D:\aarambh\frontend\node_modules\react-native-gesture-handler\android\src\main\java\com\swmansion\gesturehandler\react\eventbuilders\NativeGestureHandlerEventDataBuilder.kt D:\aarambh\frontend\node_modules\react-native-gesture-handler\android\src\main\java\com\swmansion\gesturehandler\react\eventbuilders\PanGestureHandlerEventDataBuilder.kt D:\aarambh\frontend\node_modules\react-native-gesture-handler\android\src\main\java\com\swmansion\gesturehandler\react\eventbuilders\PinchGestureHandlerEventDataBuilder.kt D:\aarambh\frontend\node_modules\react-native-gesture-handler\android\src\main\java\com\swmansion\gesturehandler\react\eventbuilders\RotationGestureHandlerEventDataBuilder.kt D:\aarambh\frontend\node_modules\react-native-gesture-handler\android\src\main\java\com\swmansion\gesturehandler\react\eventbuilders\TapGestureHandlerEventDataBuilder.kt D:\aarambh\frontend\node_modules\react-native-gesture-handler\android\src\main\java\com\swmansion\gesturehandler\react\Extensions.kt D:\aarambh\frontend\node_modules\react-native-gesture-handler\android\src\main\java\com\swmansion\gesturehandler\react\RNGestureHandlerButtonViewManager.kt D:\aarambh\frontend\node_modules\react-native-gesture-handler\android\src\main\java\com\swmansion\gesturehandler\react\RNGestureHandlerEnabledRootView.kt D:\aarambh\frontend\node_modules\react-native-gesture-handler\android\src\main\java\com\swmansion\gesturehandler\react\RNGestureHandlerEvent.kt D:\aarambh\frontend\node_modules\react-native-gesture-handler\android\src\main\java\com\swmansion\gesturehandler\react\RNGestureHandlerEventDispatcher.kt D:\aarambh\frontend\node_modules\react-native-gesture-handler\android\src\main\java\com\swmansion\gesturehandler\react\RNGestureHandlerFactoryUtil.kt D:\aarambh\frontend\node_modules\react-native-gesture-handler\android\src\main\java\com\swmansion\gesturehandler\react\RNGestureHandlerInteractionManager.kt D:\aarambh\frontend\node_modules\react-native-gesture-handler\android\src\main\java\com\swmansion\gesturehandler\react\RNGestureHandlerModule.kt D:\aarambh\frontend\node_modules\react-native-gesture-handler\android\src\main\java\com\swmansion\gesturehandler\react\RNGestureHandlerRegistry.kt D:\aarambh\frontend\node_modules\react-native-gesture-handler\android\src\main\java\com\swmansion\gesturehandler\react\RNGestureHandlerRootHelper.kt D:\aarambh\frontend\node_modules\react-native-gesture-handler\android\src\main\java\com\swmansion\gesturehandler\react\RNGestureHandlerRootInterface.kt D:\aarambh\frontend\node_modules\react-native-gesture-handler\android\src\main\java\com\swmansion\gesturehandler\react\RNGestureHandlerRootView.kt D:\aarambh\frontend\node_modules\react-native-gesture-handler\android\src\main\java\com\swmansion\gesturehandler\react\RNGestureHandlerRootViewManager.kt D:\aarambh\frontend\node_modules\react-native-gesture-handler\android\src\main\java\com\swmansion\gesturehandler\react\RNGestureHandlerStateChangeEvent.kt D:\aarambh\frontend\node_modules\react-native-gesture-handler\android\src\main\java\com\swmansion\gesturehandler\react\RNGestureHandlerTouchEvent.kt D:\aarambh\frontend\node_modules\react-native-gesture-handler\android\src\main\java\com\swmansion\gesturehandler\react\RNViewConfigurationHelper.kt D:\aarambh\frontend\node_modules\react-native-gesture-handler\android\src\main\java\com\swmansion\gesturehandler\RNGestureHandlerPackage.kt D:\aarambh\frontend\node_modules\react-native-gesture-handler\android\reanimated\src\main\java\com\swmansion\gesturehandler\ReanimatedEventDispatcher.kt D:\aarambh\frontend\node_modules\react-native-gesture-handler\android\svg\src\main\java\com\swmansion\gesturehandler\RNSVGHitTester.kt D:\aarambh\frontend\node_modules\react-native-gesture-handler\android\fabric\src\main\java\com\swmansion\gesturehandler\ReactContextExtensions.kt
2026-08-14 11:35:01.909 [compiler] INFO: Starting compilation with args: -Xallow-no-source-files -classpath C:\Users\USER\AppData\Local\Android\Sdk\platforms\android-35\android.jar;C:\Users\USER\AppData\Local\Android\Sdk\build-tools\35.0.0\core-lambda-stubs.jar;D:\aarambh\frontend\node_modules\react-native-keyboard-controller\android\build\intermediates\compile_r_class_jar\release\generateReleaseRFile\R.jar;C:\Users\USER\.gradle\caches\8.14.3\transforms\d1ff2d2667f7d4e152e45f9118f2ba54\transformed\react-android-0.81.5-release-api.jar;C:\Users\USER\.gradle\caches\8.14.3\transforms\81b01510b9ce8e4e2e5859bbbe10e3c3\transformed\appcompat-resources-1.7.0-api.jar;C:\Users\USER\.gradle\caches\8.14.3\transforms\85646afd59b508f9f9efb49f3e51cd31\transformed\appcompat-1.7.0-api.jar;C:\Users\USER\.gradle\caches\8.14.3\transforms\c460eb590b0f6beb0f9946f0bce8f08e\transformed\fragment-1.5.4-api.jar;C:\Users\USER\.gradle\caches\8.14.3\transforms\202c63e3b2d96408c85716254691bbf3\transformed\activity-1.7.0-api.jar;C:\Users\USER\.gradle\caches\8.14.3\transforms\6e738d9f7137c038d33487deec09956f\transformed\swiperefreshlayout-1.1.0-api.jar;C:\Users\USER\.gradle\caches\8.14.3\transforms\d518510efcfe8a13c56d4d1fe41cb637\transformed\dynamicanimation-ktx-1.0.0-alpha03-api.jar;C:\Users\USER\.gradle\caches\8.14.3\transforms\eab986081852f49399c9e461dfec1f4f\transformed\dynamicanimation-1.1.0-alpha03-api.jar;C:\Users\USER\.gradle\caches\8.14.3\transforms\8c4d73a67a927c2fc1a0e415d4127a6f\transformed\drawerlayout-1.0.0-api.jar;C:\Users\USER\.gradle\caches\8.14.3\transforms\73dd28ce8c5b7965336a8642ba9d0c6b\transformed\vectordrawable-animated-1.1.0-api.jar;C:\Users\USER\.gradle\caches\8.14.3\transforms\9dcf144118bd36515d2f9f5e19d892e8\transformed\vectordrawable-1.1.0-api.jar;C:\Users\USER\.gradle\caches\8.14.3\transforms\d980fb07799502ea8fbc668cb38687e3\transformed\viewpager-1.0.0-api.jar;C:\Users\USER\.gradle\caches\8.14.3\transforms\7bb9bee32eb95885e69ad729cf192403\transformed\customview-1.0.0-api.jar;C:\Users\USER\.gradle\caches\8.14.3\transforms\83befa9fe345790bcb86999c9ab833a9\transformed\loader-1.0.0-api.jar;C:\Users\USER\.gradle\caches\8.14.3\transforms\d318b0cd10ef97c153883e0296921532\transformed\core-1.13.1-api.jar;C:\Users\USER\.gradle\caches\8.14.3\transforms\5b9dc94874c69aceffcbcf1289f733a5\transformed\lifecycle-livedata-2.6.2-api.jar;C:\Users\USER\.gradle\caches\modules-2\files-2.1\androidx.lifecycle\lifecycle-common\2.6.2\10f354fdb64868baecd67128560c5a0d6312c495\lifecycle-common-2.6.2.jar;C:\Users\USER\.gradle\caches\8.14.3\transforms\2aab3f128cbfa120a57c7d864ad46606\transformed\lifecycle-livedata-core-2.6.2-api.jar;C:\Users\USER\.gradle\caches\8.14.3\transforms\d639df3c93d57cde14d3952cacc96571\transformed\lifecycle-viewmodel-2.6.2-api.jar;C:\Users\USER\.gradle\caches\8.14.3\transforms\e3f9a29beb4bf4a081a9fa6d3130cda0\transformed\lifecycle-runtime-2.6.2-api.jar;C:\Users\USER\.gradle\caches\8.14.3\transforms\8e120a65084baef22be3a36d56477435\transformed\lifecycle-viewmodel-savedstate-2.6.2-api.jar;C:\Users\USER\.gradle\caches\8.14.3\transforms\4a0ca62bd78b1f68356b71f965088457\transformed\core-ktx-1.13.1-api.jar;C:\Users\USER\.gradle\caches\8.14.3\transforms\a8355b39797f4cf2f67a0fa6d49c06c4\transformed\fresco-3.6.0-api.jar;C:\Users\USER\.gradle\caches\8.14.3\transforms\671cb54975d8f40a4a1e92a0e3d032e4\transformed\imagepipeline-okhttp3-3.6.0-api.jar;C:\Users\USER\.gradle\caches\8.14.3\transforms\64d0fa98e2fdd18bd92058f853bb2b86\transformed\middleware-3.6.0-api.jar;C:\Users\USER\.gradle\caches\8.14.3\transforms\a202ed36926b5a76a703cb7e2f2c5751\transformed\ui-common-3.6.0-api.jar;C:\Users\USER\.gradle\caches\modules-2\files-2.1\com.squareup.okhttp3\okhttp-urlconnection\4.9.2\3b9e64d3d56370bc7488ed8b336d17a8013cb336\okhttp-urlconnection-4.9.2.jar;C:\Users\USER\.gradle\caches\modules-2\files-2.1\com.squareup.okhttp3\okhttp\4.9.2\5302714ee9320b64cf65ed865e5f65981ef9ba46\okhttp-4.9.2.jar;C:\Users\USER\.gradle\caches\modules-2\files-2.1\com.squareup.okio\okio\2.9.0\dcc813b08ce5933f8bdfd1dfbab4ad4bd170e7a\okio-jvm-2.9.0.jar;C:\Users\USER\.gradle\caches\8.14.3\transforms\f32a874dc8eeb4a88ed7b518904d2cb5\transformed\savedstate-1.2.1-api.jar;C:\Users\USER\.gradle\caches\8.14.3\transforms\4e4010baa57e6a86d782abc833c927fd\transformed\fbcore-3.6.0-api.jar;C:\Users\USER\.gradle\caches\8.14.3\transforms\0de1c15f3e05c31c8d70661bfd1d6a47\transformed\drawee-3.6.0-api.jar;C:\Users\USER\.gradle\caches\modules-2\files-2.1\org.jetbrains.kotlinx\kotlinx-coroutines-core-jvm\1.6.4\2c997cd1c0ef33f3e751d3831929aeff1390cb30\kotlinx-coroutines-core-jvm-1.6.4.jar;C:\Users\USER\.gradle\caches\modules-2\files-2.1\org.jetbrains.kotlinx\kotlinx-coroutines-android\1.6.4\f955fc8b2ad196e2f4429598440e15f7492eeb2b\kotlinx-coroutines-android-1.6.4.jar;C:\Users\USER\.gradle\caches\modules-2\files-2.1\org.jetbrains.kotlin\kotlin-stdlib-jdk8\1.8.0\ed04f49e186a116753ad70d34f0ac2925d1d8020\kotlin-stdlib-jdk8-1.8.0.jar;C:\Users\USER\.gradle\caches\8.14.3\transforms\3a775bbafbb9cb49a1391eb92850dd8c\transformed\cursoradapter-1.0.0-api.jar;C:\Users\USER\.gradle\caches\8.14.3\transforms\36fc2506a8d74a32e2907d227725bcb5\transformed\interpolator-1.0.0-api.jar;C:\Users\USER\.gradle\caches\8.14.3\transforms\94bb797470a6866e2e8007defe3e14d1\transformed\versionedparcelable-1.1.1-api.jar;C:\Users\USER\.gradle\caches\modules-2\files-2.1\androidx.collection\collection\1.1.0\1f27220b47669781457de0d600849a5de0e89909\collection-1.1.0.jar;C:\Users\USER\.gradle\caches\8.14.3\transforms\2ab20d9d5d474cf53e1e3f253abb1f2d\transformed\core-runtime-2.2.0-api.jar;C:\Users\USER\.gradle\caches\modules-2\files-2.1\androidx.arch.core\core-common\2.2.0\5e1b8b81dfd5f52c56a8d53b18ca759c19a301f3\core-common-2.2.0.jar;C:\Users\USER\.gradle\caches\modules-2\files-2.1\androidx.annotation\annotation-jvm\1.6.0\a7257339a052df0f91433cf9651231bbb802b502\annotation-jvm-1.6.0.jar;C:\Users\USER\.gradle\caches\8.14.3\transforms\fe4765dadb362e889f4ccdd9a1c954c0\transformed\annotation-experimental-1.4.0-api.jar;C:\Users\USER\.gradle\caches\8.14.3\transforms\b1e85b97fa94f4b4f51a96cf3bc4a184\transformed\ui-core-3.6.0-api.jar;C:\Users\USER\.gradle\caches\8.14.3\transforms\4c3663dde0ea3f7565f2c57944c8f1e4\transformed\imagepipeline-3.6.0-api.jar;C:\Users\USER\.gradle\caches\8.14.3\transforms\befab0bcb77e7b2e3959c99126ce0b97\transformed\imagepipeline-base-3.6.0-api.jar;C:\Users\USER\.gradle\caches\modules-2\files-2.1\org.jetbrains.kotlin\kotlin-stdlib-jdk7\1.8.0\3c91271347f678c239607abb676d4032a7898427\kotlin-stdlib-jdk7-1.8.0.jar;C:\Users\USER\.gradle\caches\modules-2\files-2.1\org.jetbrains.kotlin\kotlin-stdlib\2.1.20\aa8ca79cd50578314f6d1180c47cbe14c0fee567\kotlin-stdlib-2.1.20.jar;C:\Users\USER\.gradle\caches\modules-2\files-2.1\org.jetbrains\annotations\13.0\919f0dfe192fb4e063e7dacadee7f8bb9a2672a9\annotations-13.0.jar;C:\Users\USER\.gradle\caches\8.14.3\transforms\7fedb247c1b302c6820532a94e3ac2b6\transformed\tracing-1.1.0-api.jar;C:\Users\USER\.gradle\caches\8.14.3\transforms\4e111bc800d855cf56e037e7617c86e0\transformed\autofill-1.1.0-api.jar;C:\Users\USER\.gradle\caches\8.14.3\transforms\6f43cc58917cfcc57bfebe52d8937386\transformed\fbjni-0.7.0-api.jar;C:\Users\USER\.gradle\caches\8.14.3\transforms\706c4a8633264bb32af03ccd4b8da323\transformed\soloader-0.12.1-api.jar;C:\Users\USER\.gradle\caches\modules-2\files-2.1\com.facebook.soloader\nativeloader\0.12.1\492cc5082540e19b29328f2f56c53255cb6e7cc6\nativeloader-0.12.1.jar;C:\Users\USER\.gradle\caches\modules-2\files-2.1\com.facebook.soloader\annotation\0.12.1\945ada76f62253ba8e72cbf755d0e85ea7362cfe\annotation-0.12.1.jar;C:\Users\USER\.gradle\caches\modules-2\files-2.1\com.facebook.infer.annotation\infer-annotation\0.18.0\27539793fe93ed7d92b6376281c16cda8278ab2f\infer-annotation-0.18.0.jar;C:\Users\USER\.gradle\caches\modules-2\files-2.1\com.google.code.findbugs\jsr305\3.0.2\25ea2e8b0c338a877313bd4672d3fe056ea78f0d\jsr305-3.0.2.jar;C:\Users\USER\.gradle\caches\modules-2\files-2.1\org.jetbrains.kotlin\kotlin-annotations-jvm\1.3.72\7dba6c57de526588d8080317bda0c14cd88c8055\kotlin-annotations-jvm-1.3.72.jar;C:\Users\USER\.gradle\caches\8.14.3\transforms\f979db765c17764c8b881882b62e00c4\transformed\imagepipeline-native-3.6.0-api.jar;C:\Users\USER\.gradle\caches\8.14.3\transforms\c7fc4207dda0e4117bf7889d48864637\transformed\memory-type-ashmem-3.6.0-api.jar;C:\Users\USER\.gradle\caches\8.14.3\transforms\c8c7746c931f093cab61effeec53d35c\transformed\memory-type-native-3.6.0-api.jar;C:\Users\USER\.gradle\caches\8.14.3\transforms\31ba3c11c4274d08ea298783793ef95a\transformed\memory-type-java-3.6.0-api.jar;C:\Users\USER\.gradle\caches\8.14.3\transforms\2944c452ee02efe4f56aa06f0da44f09\transformed\nativeimagefilters-3.6.0-api.jar;C:\Users\USER\.gradle\caches\8.14.3\transforms\2ba82a540b29b924e7c18ccec0c9febd\transformed\nativeimagetranscoder-3.6.0-api.jar;C:\Users\USER\.gradle\caches\modules-2\files-2.1\com.facebook.yoga\proguard-annotations\1.19.0\fcbbb39052e6490eaaf6a6959c49c3a4fbe87c63\proguard-annotations-1.19.0.jar;C:\Users\USER\.gradle\caches\modules-2\files-2.1\javax.inject\javax.inject\1\6975da39a7040257bd51d21a231b76c915872d38\javax.inject-1.jar -d D:\aarambh\frontend\node_modules\react-native-keyboard-controller\android\build\tmp\kotlin-classes\release -jvm-target 17 -module-name react-native-keyboard-controller_release -no-jdk -no-reflect -no-stdlib D:\aarambh\frontend\node_modules\react-native-keyboard-controller\android\build\generated\source\codegen\java\com\facebook\react\viewmanagers\KeyboardBackgroundViewManagerDelegate.java D:\aarambh\frontend\node_modules\react-native-keyboard-controller\android\build\generated\source\codegen\java\com\facebook\react\viewmanagers\KeyboardBackgroundViewManagerInterface.java D:\aarambh\frontend\node_modules\react-native-keyboard-controller\android\build\generated\source\codegen\java\com\facebook\react\viewmanagers\KeyboardControllerViewManagerDelegate.java D:\aarambh\frontend\node_modules\react-native-keyboard-controller\android\build\generated\source\codegen\java\com\facebook\react\viewmanagers\KeyboardControllerViewManagerInterface.java D:\aarambh\frontend\node_modules\react-native-keyboard-controller\android\build\generated\source\codegen\java\com\facebook\react\viewmanagers\KeyboardGestureAreaManagerDelegate.java D:\aarambh\frontend\node_modules\react-native-keyboard-controller\android\build\generated\source\codegen\java\com\facebook\react\viewmanagers\KeyboardGestureAreaManagerInterface.java D:\aarambh\frontend\node_modules\react-native-keyboard-controller\android\build\generated\source\codegen\java\com\facebook\react\viewmanagers\OverKeyboardViewManagerDelegate.java D:\aarambh\frontend\node_modules\react-native-keyboard-controller\android\build\generated\source\codegen\java\com\facebook\react\viewmanagers\OverKeyboardViewManagerInterface.java D:\aarambh\frontend\node_modules\react-native-keyboard-controller\android\build\generated\source\codegen\java\com\reactnativekeyboardcontroller\NativeKeyboardControllerSpec.java D:\aarambh\frontend\node_modules\react-native-keyboard-controller\android\build\generated\source\codegen\java\com\reactnativekeyboardcontroller\NativeStatusBarManagerCompatSpec.java D:\aarambh\frontend\node_modules\react-native-keyboard-controller\android\build\generated\source\buildConfig\release\com\reactnativekeyboardcontroller\BuildConfig.java D:\aarambh\frontend\node_modules\react-native-keyboard-controller\android\src\main\java\com\reactnativekeyboardcontroller\constants\Keyboard.kt D:\aarambh\frontend\node_modules\react-native-keyboard-controller\android\src\main\java\com\reactnativekeyboardcontroller\events\FocusedInputLayoutChangedEvent.kt D:\aarambh\frontend\node_modules\react-native-keyboard-controller\android\src\main\java\com\reactnativekeyboardcontroller\events\FocusedInputSelectionChangedEvent.kt D:\aarambh\frontend\node_modules\react-native-keyboard-controller\android\src\main\java\com\reactnativekeyboardcontroller\events\FocusedInputTextChangedEvent.kt D:\aarambh\frontend\node_modules\react-native-keyboard-controller\android\src\main\java\com\reactnativekeyboardcontroller\events\KeyboardTransitionEvent.kt D:\aarambh\frontend\node_modules\react-native-keyboard-controller\android\src\main\java\com\reactnativekeyboardcontroller\extensions\Context.kt D:\aarambh\frontend\node_modules\react-native-keyboard-controller\android\src\main\java\com\reactnativekeyboardcontroller\extensions\EditText.kt D:\aarambh\frontend\node_modules\react-native-keyboard-controller\android\src\main\java\com\reactnativekeyboardcontroller\extensions\Float.kt D:\aarambh\frontend\node_modules\react-native-keyboard-controller\android\src\main\java\com\reactnativekeyboardcontroller\extensions\ReactContext.kt D:\aarambh\frontend\node_modules\react-native-keyboard-controller\android\src\main\java\com\reactnativekeyboardcontroller\extensions\ThemedReactContext.kt D:\aarambh\frontend\node_modules\react-native-keyboard-controller\android\src\main\java\com\reactnativekeyboardcontroller\extensions\View.kt D:\aarambh\frontend\node_modules\react-native-keyboard-controller\android\src\main\java\com\reactnativekeyboardcontroller\extensions\ViewGroup.kt D:\aarambh\frontend\node_modules\react-native-keyboard-controller\android\src\main\java\com\reactnativekeyboardcontroller\extensions\WindowInsetsAnimationCompat.kt D:\aarambh\frontend\node_modules\react-native-keyboard-controller\android\src\main\java\com\reactnativekeyboardcontroller\interactive\InteractiveKeyboardProvider.kt D:\aarambh\frontend\node_modules\react-native-keyboard-controller\android\src\main\java\com\reactnativekeyboardcontroller\interactive\interpolators\Interpolator.kt D:\aarambh\frontend\node_modules\react-native-keyboard-controller\android\src\main\java\com\reactnativekeyboardcontroller\interactive\interpolators\IosInterpolator.kt D:\aarambh\frontend\node_modules\react-native-keyboard-controller\android\src\main\java\com\reactnativekeyboardcontroller\interactive\interpolators\LinearInterpolator.kt D:\aarambh\frontend\node_modules\react-native-keyboard-controller\android\src\main\java\com\reactnativekeyboardcontroller\interactive\KeyboardAnimationController.kt D:\aarambh\frontend\node_modules\react-native-keyboard-controller\android\src\main\java\com\reactnativekeyboardcontroller\listeners\FocusedInputObserver.kt D:\aarambh\frontend\node_modules\react-native-keyboard-controller\android\src\main\java\com\reactnativekeyboardcontroller\listeners\KeyboardAnimationCallback.kt D:\aarambh\frontend\node_modules\react-native-keyboard-controller\android\src\main\java\com\reactnativekeyboardcontroller\listeners\WindowDimensionListener.kt D:\aarambh\frontend\node_modules\react-native-keyboard-controller\android\src\main\java\com\reactnativekeyboardcontroller\log\Logger.kt D:\aarambh\frontend\node_modules\react-native-keyboard-controller\android\src\main\java\com\reactnativekeyboardcontroller\managers\KeyboardBackgroundViewManagerImpl.kt D:\aarambh\frontend\node_modules\react-native-keyboard-controller\android\src\main\java\com\reactnativekeyboardcontroller\managers\KeyboardControllerViewManagerImpl.kt D:\aarambh\frontend\node_modules\react-native-keyboard-controller\android\src\main\java\com\reactnativekeyboardcontroller\managers\KeyboardGestureAreaViewManagerImpl.kt D:\aarambh\frontend\node_modules\react-native-keyboard-controller\android\src\main\java\com\reactnativekeyboardcontroller\managers\OverKeyboardViewManagerImpl.kt D:\aarambh\frontend\node_modules\react-native-keyboard-controller\android\src\main\java\com\reactnativekeyboardcontroller\modal\ModalAttachedWatcher.kt D:\aarambh\frontend\node_modules\react-native-keyboard-controller\android\src\main\java\com\reactnativekeyboardcontroller\modules\KeyboardControllerModuleImpl.kt D:\aarambh\frontend\node_modules\react-native-keyboard-controller\android\src\main\java\com\reactnativekeyboardcontroller\modules\statusbar\StatusBarManagerCompatModuleImpl.kt D:\aarambh\frontend\node_modules\react-native-keyboard-controller\android\src\main\java\com\reactnativekeyboardcontroller\modules\statusbar\StatusBarModuleProxy.kt D:\aarambh\frontend\node_modules\react-native-keyboard-controller\android\src\main\java\com\reactnativekeyboardcontroller\traversal\FocusedInputHolder.kt D:\aarambh\frontend\node_modules\react-native-keyboard-controller\android\src\main\java\com\reactnativekeyboardcontroller\traversal\ViewHierarchyNavigator.kt D:\aarambh\frontend\node_modules\react-native-keyboard-controller\android\src\main\java\com\reactnativekeyboardcontroller\views\background\KeyboardBackgroundViewGroup.kt D:\aarambh\frontend\node_modules\react-native-keyboard-controller\android\src\main\java\com\reactnativekeyboardcontroller\views\background\Skins.kt D:\aarambh\frontend\node_modules\react-native-keyboard-controller\android\src\main\java\com\reactnativekeyboardcontroller\views\EdgeToEdgeReactViewGroup.kt D:\aarambh\frontend\node_modules\react-native-keyboard-controller\android\src\main\java\com\reactnativekeyboardcontroller\views\KeyboardGestureAreaReactViewGroup.kt D:\aarambh\frontend\node_modules\react-native-keyboard-controller\android\src\main\java\com\reactnativekeyboardcontroller\views\overlay\JSPointerDispatcherCompat.kt D:\aarambh\frontend\node_modules\react-native-keyboard-controller\android\src\main\java\com\reactnativekeyboardcontroller\views\overlay\OverKeyboardHostShadowNode.kt D:\aarambh\frontend\node_modules\react-native-keyboard-controller\android\src\main\java\com\reactnativekeyboardcontroller\views\overlay\OverKeyboardViewGroup.kt D:\aarambh\frontend\node_modules\react-native-keyboard-controller\android\src\main\java\com\reactnativekeyboardcontroller\views\overlay\RootViewCompat.kt D:\aarambh\frontend\node_modules\react-native-keyboard-controller\android\src\fabric\java\com\reactnativekeyboardcontroller\KeyboardBackgroundViewManager.kt D:\aarambh\frontend\node_modules\react-native-keyboard-controller\android\src\fabric\java\com\reactnativekeyboardcontroller\KeyboardControllerModule.kt D:\aarambh\frontend\node_modules\react-native-keyboard-controller\android\src\fabric\java\com\reactnativekeyboardcontroller\KeyboardControllerViewManager.kt D:\aarambh\frontend\node_modules\react-native-keyboard-controller\android\src\fabric\java\com\reactnativekeyboardcontroller\KeyboardGestureAreaViewManager.kt D:\aarambh\frontend\node_modules\react-native-keyboard-controller\android\src\fabric\java\com\reactnativekeyboardcontroller\OverKeyboardViewManager.kt D:\aarambh\frontend\node_modules\react-native-keyboard-controller\android\src\fabric\java\com\reactnativekeyboardcontroller\StatusBarManagerCompatModule.kt D:\aarambh\frontend\node_modules\react-native-keyboard-controller\android\src\base\java\com\reactnativekeyboardcontroller\KeyboardControllerPackage.kt
2026-08-14 11:36:03.829 [daemon] INFO: Message: logging: using Kotlin home directory <no_path>
2026-08-14 11:36:03.832 [daemon] INFO: Message: logging: exception on loading scripting plugin: java.lang.ClassNotFoundException: org.jetbrains.kotlin.scripting.compiler.plugin.ScriptingCompilerConfigurationComponentRegistrar
2026-08-14 11:36:03.832 [daemon] INFO: Message: logging: scripting plugin will not be loaded: not all required jars are present in the classpath (missing files: [.\kotlin-scripting-compiler.jar, .\kotlin-scripting-compiler-impl.jar, .\kotlin-scripting-common.jar, .\kotlin-scripting-jvm.jar])
2026-08-14 11:36:03.832 [daemon] INFO: Message: logging: configuring the compilation environment
2026-08-14 11:36:03.833 [daemon] INFO: Message: output: output:
D:\aarambh\frontend\node_modules\react-native-keyboard-controller\android\build\tmp\kotlin-classes\release\com\reactnativekeyboardcontroller\KeyboardControllerPackage.class
Sources:
D:\aarambh\frontend\node_modules\react-native-keyboard-controller\android\src\base\java\com\reactnativekeyboardcontroller\KeyboardControllerPackage.kt
2026-08-14 11:36:03.838 [daemon] INFO: Message: output: output:
D:\aarambh\frontend\node_modules\react-native-keyboard-controller\android\build\tmp\kotlin-classes\release\com\reactnativekeyboardcontroller\KeyboardBackgroundViewManager.class
Sources:
D:\aarambh\frontend\node_modules\react-native-keyboard-controller\android\src\fabric\java\com\reactnativekeyboardcontroller\KeyboardBackgroundViewManager.kt
2026-08-14 11:36:03.838 [daemon] INFO: Message: output: output:
D:\aarambh\frontend\node_modules\react-native-keyboard-controller\android\build\tmp\kotlin-classes\release\com\reactnativekeyboardcontroller\KeyboardControllerModule.class
Sources:
D:\aarambh\frontend\node_modules\react-native-keyboard-controller\android\src\fabric\java\com\reactnativekeyboardcontroller\KeyboardControllerModule.kt
2026-08-14 11:36:03.843 [daemon] INFO: Message: output: output:
D:\aarambh\frontend\node_modules\react-native-keyboard-controller\android\build\tmp\kotlin-classes\release\com\reactnativekeyboardcontroller\KeyboardControllerViewManager.class
Sources:
D:\aarambh\frontend\node_modules\react-native-keyboard-controller\android\src\fabric\java\com\reactnativekeyboardcontroller\KeyboardControllerViewManager.kt
2026-08-14 11:36:03.843 [daemon] INFO: Message: output: output:
D:\aarambh\frontend\node_modules\react-native-keyboard-controller\android\build\tmp\kotlin-classes\release\com\reactnativekeyboardcontroller\KeyboardGestureAreaViewManager.class
Sources:
D:\aarambh\frontend\node_modules\react-native-keyboard-controller\android\src\fabric\java\com\reactnativekeyboardcontroller\KeyboardGestureAreaViewManager.kt
2026-08-14 11:36:03.844 [daemon] INFO: Message: output: output:
D:\aarambh\frontend\node_modules\react-native-keyboard-controller\android\build\tmp\kotlin-classes\release\com\reactnativekeyboardcontroller\OverKeyboardViewManager.class
Sources:
D:\aarambh\frontend\node_modules\react-native-keyboard-controller\android\src\fabric\java\com\reactnativekeyboardcontroller\OverKeyboardViewManager.kt
2026-08-14 11:36:03.845 [daemon] INFO: Message: output: output:
D:\aarambh\frontend\node_modules\react-native-keyboard-controller\android\build\tmp\kotlin-classes\release\com\reactnativekeyboardcontroller\StatusBarManagerCompatModule.class
Sources:
D:\aarambh\frontend\node_modules\react-native-keyboard-controller\android\src\fabric\java\com\reactnativekeyboardcontroller\StatusBarManagerCompatModule.kt
2026-08-14 11:36:03.847 [daemon] INFO: Message: output: output:
D:\aarambh\frontend\node_modules\react-native-keyboard-controller\android\build\tmp\kotlin-classes\release\com\reactnativekeyboardcontroller\constants\Keyboard.class
Sources:
D:\aarambh\frontend\node_modules\react-native-keyboard-controller\android\src\main\java\com\reactnativekeyboardcontroller\constants\Keyboard.kt
2026-08-14 11:36:03.848 [daemon] INFO: Message: output: output:
D:\aarambh\frontend\node_modules\react-native-keyboard-controller\android\build\tmp\kotlin-classes\release\com\reactnativekeyboardcontroller\events\FocusedInputLayoutChangedEventData.class
Sources:
D:\aarambh\frontend\node_modules\react-native-keyboard-controller\android\src\main\java\com\reactnativekeyboardcontroller\events\FocusedInputLayoutChangedEvent.kt
2026-08-14 11:36:03.848 [daemon] INFO: Message: output: output:
D:\aarambh\frontend\node_modules\react-native-keyboard-controller\android\build\tmp\kotlin-classes\release\com\reactnativekeyboardcontroller\events\FocusedInputLayoutChangedEvent.class
Sources:
D:\aarambh\frontend\node_modules\react-native-keyboard-controller\android\src\main\java\com\reactnativekeyboardcontroller\events\FocusedInputLayoutChangedEvent.kt
2026-08-14 11:36:03.849 [daemon] INFO: Message: output: output:
D:\aarambh\frontend\node_modules\react-native-keyboard-controller\android\build\tmp\kotlin-classes\release\com\reactnativekeyboardcontroller\events\FocusedInputLayoutChangedEvent$Companion.class
Sources:
D:\aarambh\frontend\node_modules\react-native-keyboard-controller\android\src\main\java\com\reactnativekeyboardcontroller\events\FocusedInputLayoutChangedEvent.kt
2026-08-14 11:36:03.850 [daemon] INFO: Message: output: output:
D:\aarambh\frontend\node_modules\react-native-keyboard-controller\android\build\tmp\kotlin-classes\release\com\reactnativekeyboardcontroller\events\FocusedInputSelectionChangedEventData.class
Sources:
D:\aarambh\frontend\node_modules\react-native-keyboard-controller\android\src\main\java\com\reactnativekeyboardcontroller\events\FocusedInputSelectionChangedEvent.kt
2026-08-14 11:36:03.851 [daemon] INFO: Message: output: output:
D:\aarambh\frontend\node_modules\react-native-keyboard-controller\android\build\tmp\kotlin-classes\release\com\reactnativekeyboardcontroller\events\FocusedInputSelectionChangedEvent.class
Sources:
D:\aarambh\frontend\node_modules\react-native-keyboard-controller\android\src\main\java\com\reactnativekeyboardcontroller\events\FocusedInputSelectionChangedEvent.kt
2026-08-14 11:36:03.852 [daemon] INFO: Message: output: output:
D:\aarambh\frontend\node_modules\react-native-keyboard-controller\android\build\tmp\kotlin-classes\release\com\reactnativekeyboardcontroller\events\FocusedInputSelectionChangedEvent$Companion.class
Sources:
D:\aarambh\frontend\node_modules\react-native-keyboard-controller\android\src\main\java\com\reactnativekeyboardcontroller\events\FocusedInputSelectionChangedEvent.kt
2026-08-14 11:36:03.853 [daemon] INFO: Message: output: output:
D:\aarambh\frontend\node_modules\react-native-keyboard-controller\android\build\tmp\kotlin-classes\release\com\reactnativekeyboardcontroller\events\FocusedInputTextChangedEvent.class
Sources:
D:\aarambh\frontend\node_modules\react-native-keyboard-controller\android\src\main\java\com\reactnativekeyboardcontroller\events\FocusedInputTextChangedEvent.kt
2026-08-14 11:36:03.853 [daemon] INFO: Message: output: output:
D:\aarambh\frontend\node_modules\react-native-keyboard-controller\android\build\tmp\kotlin-classes\release\com\reactnativekeyboardcontroller\events\FocusedInputTextChangedEvent$Companion.class
Sources:
D:\aarambh\frontend\node_modules\react-native-keyboard-controller\android\src\main\java\com\reactnativekeyboardcontroller\events\FocusedInputTextChangedEvent.kt
2026-08-14 11:36:03.861 [daemon] INFO: Message: output: output:
D:\aarambh\frontend\node_modules\react-native-keyboard-controller\android\build\tmp\kotlin-classes\release\com\reactnativekeyboardcontroller\events\KeyboardTransitionEvent.class
Sources:
D:\aarambh\frontend\node_modules\react-native-keyboard-controller\android\src\main\java\com\reactnativekeyboardcontroller\events\KeyboardTransitionEvent.kt
2026-08-14 11:36:03.862 [daemon] INFO: Message: output: output:
D:\aarambh\frontend\node_modules\react-native-keyboard-controller\android\build\tmp\kotlin-classes\release\com\reactnativekeyboardcontroller\events\KeyboardTransitionEvent$Companion.class
Sources:
D:\aarambh\frontend\node_modules\react-native-keyboard-controller\android\src\main\java\com\reactnativekeyboardcontroller\events\KeyboardTransitionEvent.kt
2026-08-14 11:36:03.863 [daemon] INFO: Message: output: output:
D:\aarambh\frontend\node_modules\react-native-keyboard-controller\android\build\tmp\kotlin-classes\release\com\reactnativekeyboardcontroller\events\KeyboardTransitionEvent$Companion$EventName.class
Sources:
D:\aarambh\frontend\node_modules\react-native-keyboard-controller\android\src\main\java\com\reactnativekeyboardcontroller\events\KeyboardTransitionEvent.kt
2026-08-14 11:36:03.864 [daemon] INFO: Message: output: output:
D:\aarambh\frontend\node_modules\react-native-keyboard-controller\android\build\tmp\kotlin-classes\release\com\reactnativekeyboardcontroller\extensions\ContextKt.class
Sources:
D:\aarambh\frontend\node_modules\react-native-keyboard-controller\android\src\main\java\com\reactnativekeyboardcontroller\extensions\Context.kt
2026-08-14 11:36:03.865 [daemon] INFO: Message: output: output:
D:\aarambh\frontend\node_modules\react-native-keyboard-controller\android\build\tmp\kotlin-classes\release\com\reactnativekeyboardcontroller\extensions\KeyboardControllerSelectionWatcher.class
Sources:
D:\aarambh\frontend\node_modules\react-native-keyboard-controller\android\src\main\java\com\reactnativekeyboardcontroller\extensions\EditText.kt
2026-08-14 11:36:03.866 [daemon] INFO: Message: output: output:
D:\aarambh\frontend\node_modules\react-native-keyboard-controller\android\build\tmp\kotlin-classes\release\com\reactnativekeyboardcontroller\extensions\KeyboardControllerSelectionWatcher$preDrawListener$1.class
Sources:
D:\aarambh\frontend\node_modules\react-native-keyboard-controller\android\src\main\java\com\reactnativekeyboardcontroller\extensions\EditText.kt
2026-08-14 11:36:03.867 [daemon] INFO: Message: output: output:
D:\aarambh\frontend\node_modules\react-native-keyboard-controller\android\build\tmp\kotlin-classes\release\com\reactnativekeyboardcontroller\extensions\EditTextKt.class
Sources:
D:\aarambh\frontend\node_modules\react-native-keyboard-controller\android\src\main\java\com\reactnativekeyboardcontroller\extensions\EditText.kt
2026-08-14 11:36:03.868 [daemon] INFO: Message: output: output:
D:\aarambh\frontend\node_modules\react-native-keyboard-controller\android\build\tmp\kotlin-classes\release\com\reactnativekeyboardcontroller\extensions\EditTextKt$addOnTextChangedListener$listener$1.class
Sources:
D:\aarambh\frontend\node_modules\react-native-keyboard-controller\android\src\main\java\com\reactnativekeyboardcontroller\extensions\EditText.kt
2026-08-14 11:36:03.868 [daemon] INFO: Message: output: output:
D:\aarambh\frontend\node_modules\react-native-keyboard-controller\android\build\tmp\kotlin-classes\release\com\reactnativekeyboardcontroller\extensions\FloatKt.class
Sources:
D:\aarambh\frontend\node_modules\react-native-keyboard-controller\android\src\main\java\com\reactnativekeyboardcontroller\extensions\Float.kt
2026-08-14 11:36:03.869 [daemon] INFO: Message: output: output:
D:\aarambh\frontend\node_modules\react-native-keyboard-controller\android\build\tmp\kotlin-classes\release\com\reactnativekeyboardcontroller\extensions\ReactContextKt.class
Sources:
D:\aarambh\frontend\node_modules\react-native-keyboard-controller\android\src\main\java\com\reactnativekeyboardcontroller\extensions\ReactContext.kt
2026-08-14 11:36:03.870 [daemon] INFO: Message: output: output:
D:\aarambh\frontend\node_modules\react-native-keyboard-controller\android\build\tmp\kotlin-classes\release\com\reactnativekeyboardcontroller\extensions\ThemedReactContextKt.class
Sources:
D:\aarambh\frontend\node_modules\react-native-keyboard-controller\android\src\main\java\com\reactnativekeyboardcontroller\extensions\ThemedReactContext.kt
2026-08-14 11:36:03.871 [daemon] INFO: Message: output: output:
D:\aarambh\frontend\node_modules\react-native-keyboard-controller\android\build\tmp\kotlin-classes\release\com\reactnativekeyboardcontroller\extensions\ViewKt.class
Sources:
D:\aarambh\frontend\node_modules\react-native-keyboard-controller\android\src\main\java\com\reactnativekeyboardcontroller\extensions\View.kt
2026-08-14 11:36:03.872 [daemon] INFO: Message: output: output:
D:\aarambh\frontend\node_modules\react-native-keyboard-controller\android\build\tmp\kotlin-classes\release\com\reactnativekeyboardcontroller\extensions\ViewKt$requestApplyInsetsWhenAttached$1.class
Sources:
D:\aarambh\frontend\node_modules\react-native-keyboard-controller\android\src\main\java\com\reactnativekeyboardcontroller\extensions\View.kt
2026-08-14 11:36:03.874 [daemon] INFO: Message: output: output:
D:\aarambh\frontend\node_modules\react-native-keyboard-controller\android\build\tmp\kotlin-classes\release\com\reactnativekeyboardcontroller\extensions\ViewGroupKt.class
Sources:
D:\aarambh\frontend\node_modules\react-native-keyboard-controller\android\src\main\java\com\reactnativekeyboardcontroller\extensions\ViewGroup.kt
2026-08-14 11:36:03.876 [daemon] INFO: Message: output: output:
D:\aarambh\frontend\node_modules\react-native-keyboard-controller\android\build\tmp\kotlin-classes\release\com\reactnativekeyboardcontroller\extensions\WindowInsetsAnimationCompatKt.class
Sources:
D:\aarambh\frontend\node_modules\react-native-keyboard-controller\android\src\main\java\com\reactnativekeyboardcontroller\extensions\WindowInsetsAnimationCompat.kt
2026-08-14 11:36:03.877 [daemon] INFO: Message: output: output:
D:\aarambh\frontend\node_modules\react-native-keyboard-controller\android\build\tmp\kotlin-classes\release\com\reactnativekeyboardcontroller\interactive\InteractiveKeyboardProvider.class
Sources:
D:\aarambh\frontend\node_modules\react-native-keyboard-controller\android\src\main\java\com\reactnativekeyboardcontroller\interactive\InteractiveKeyboardProvider.kt
2026-08-14 11:36:03.879 [daemon] INFO: Message: output: output:
D:\aarambh\frontend\node_modules\react-native-keyboard-controller\android\build\tmp\kotlin-classes\release\com\reactnativekeyboardcontroller\interactive\KeyboardAnimationController.class
Sources:
D:\aarambh\frontend\node_modules\react-native-keyboard-controller\android\src\main\java\com\reactnativekeyboardcontroller\interactive\KeyboardAnimationController.kt
2026-08-14 11:36:03.880 [daemon] INFO: Message: output: output:
D:\aarambh\frontend\node_modules\react-native-keyboard-controller\android\build\tmp\kotlin-classes\release\com\reactnativekeyboardcontroller\interactive\KeyboardAnimationController$animationControlListener$2$1.class
Sources:
D:\aarambh\frontend\node_modules\react-native-keyboard-controller\android\src\main\java\com\reactnativekeyboardcontroller\interactive\KeyboardAnimationController.kt
2026-08-14 11:36:03.880 [daemon] INFO: Message: output: output:
D:\aarambh\frontend\node_modules\react-native-keyboard-controller\android\build\tmp\kotlin-classes\release\com\reactnativekeyboardcontroller\interactive\KeyboardAnimationControllerKt.class
Sources:
D:\aarambh\frontend\node_modules\react-native-keyboard-controller\android\src\main\java\com\reactnativekeyboardcontroller\interactive\KeyboardAnimationController.kt
2026-08-14 11:36:03.881 [daemon] INFO: Message: output: output:
D:\aarambh\frontend\node_modules\react-native-keyboard-controller\android\build\tmp\kotlin-classes\release\com\reactnativekeyboardcontroller\interactive\interpolators\Interpolator.class
Sources:
D:\aarambh\frontend\node_modules\react-native-keyboard-controller\android\src\main\java\com\reactnativekeyboardcontroller\interactive\interpolators\Interpolator.kt
2026-08-14 11:36:03.882 [daemon] INFO: Message: output: output:
D:\aarambh\frontend\node_modules\react-native-keyboard-controller\android\build\tmp\kotlin-classes\release\com\reactnativekeyboardcontroller\interactive\interpolators\IosInterpolator.class
Sources:
D:\aarambh\frontend\node_modules\react-native-keyboard-controller\android\src\main\java\com\reactnativekeyboardcontroller\interactive\interpolators\IosInterpolator.kt
2026-08-14 11:36:03.883 [daemon] INFO: Message: output: output:
D:\aarambh\frontend\node_modules\react-native-keyboard-controller\android\build\tmp\kotlin-classes\release\com\reactnativekeyboardcontroller\interactive\interpolators\LinearInterpolator.class
Sources:
D:\aarambh\frontend\node_modules\react-native-keyboard-controller\android\src\main\java\com\reactnativekeyboardcontroller\interactive\interpolators\LinearInterpolator.kt
2026-08-14 11:36:03.884 [daemon] INFO: Message: output: output:
D:\aarambh\frontend\node_modules\react-native-keyboard-controller\android\build\tmp\kotlin-classes\release\com\reactnativekeyboardcontroller\listeners\FocusedInputObserver.class
Sources:
D:\aarambh\frontend\node_modules\react-native-keyboard-controller\android\src\main\java\com\reactnativekeyboardcontroller\listeners\FocusedInputObserver.kt
2026-08-14 11:36:03.885 [daemon] INFO: Message: output: output:
D:\aarambh\frontend\node_modules\react-native-keyboard-controller\android\build\tmp\kotlin-classes\release\com\reactnativekeyboardcontroller\listeners\FocusedInputObserverKt.class
Sources:
D:\aarambh\frontend\node_modules\react-native-keyboard-controller\android\src\main\java\com\reactnativekeyboardcontroller\listeners\FocusedInputObserver.kt
2026-08-14 11:36:03.886 [daemon] INFO: Message: output: output:
D:\aarambh\frontend\node_modules\react-native-keyboard-controller\android\build\tmp\kotlin-classes\release\com\reactnativekeyboardcontroller\listeners\KeyboardAnimationCallbackConfig.class
Sources:
D:\aarambh\frontend\node_modules\react-native-keyboard-controller\android\src\main\java\com\reactnativekeyboardcontroller\listeners\KeyboardAnimationCallback.kt
2026-08-14 11:36:03.887 [daemon] INFO: Message: output: output:
D:\aarambh\frontend\node_modules\react-native-keyboard-controller\android\build\tmp\kotlin-classes\release\com\reactnativekeyboardcontroller\listeners\Suspendable.class
Sources:
D:\aarambh\frontend\node_modules\react-native-keyboard-controller\android\src\main\java\com\reactnativekeyboardcontroller\listeners\KeyboardAnimationCallback.kt
2026-08-14 11:36:03.887 [daemon] INFO: Message: output: output:
D:\aarambh\frontend\node_modules\react-native-keyboard-controller\android\build\tmp\kotlin-classes\release\com\reactnativekeyboardcontroller\listeners\Suspendable$DefaultImpls.class
Sources:
D:\aarambh\frontend\node_modules\react-native-keyboard-controller\android\src\main\java\com\reactnativekeyboardcontroller\listeners\KeyboardAnimationCallback.kt
2026-08-14 11:36:03.888 [daemon] INFO: Message: output: output:
D:\aarambh\frontend\node_modules\react-native-keyboard-controller\android\build\tmp\kotlin-classes\release\com\reactnativekeyboardcontroller\listeners\KeyboardAnimationCallback.class
Sources:
D:\aarambh\frontend\node_modules\react-native-keyboard-controller\android\src\main\java\com\reactnativekeyboardcontroller\listeners\KeyboardAnimationCallback.kt
2026-08-14 11:36:03.889 [daemon] INFO: Message: output: output:
D:\aarambh\frontend\node_modules\react-native-keyboard-controller\android\build\tmp\kotlin-classes\release\com\reactnativekeyboardcontroller\listeners\KeyboardAnimationCallbackKt.class
Sources:
D:\aarambh\frontend\node_modules\react-native-keyboard-controller\android\src\main\java\com\reactnativekeyboardcontroller\listeners\KeyboardAnimationCallback.kt
2026-08-14 11:36:03.892 [daemon] INFO: Message: output: output:
D:\aarambh\frontend\node_modules\react-native-keyboard-controller\android\build\tmp\kotlin-classes\release\com\reactnativekeyboardcontroller\listeners\Dimensions.class
Sources:
D:\aarambh\frontend\node_modules\react-native-keyboard-controller\android\src\main\java\com\reactnativekeyboardcontroller\listeners\WindowDimensionListener.kt
2026-08-14 11:36:03.893 [daemon] INFO: Message: output: output:
D:\aarambh\frontend\node_modules\react-native-keyboard-controller\android\build\tmp\kotlin-classes\release\com\reactnativekeyboardcontroller\listeners\WindowDimensionListener.class
Sources:
D:\aarambh\frontend\node_modules\react-native-keyboard-controller\android\src\main\java\com\reactnativekeyboardcontroller\listeners\WindowDimensionListener.kt
2026-08-14 11:36:03.894 [daemon] INFO: Message: output: output:
D:\aarambh\frontend\node_modules\react-native-keyboard-controller\android\build\tmp\kotlin-classes\release\com\reactnativekeyboardcontroller\listeners\WindowDimensionListener$Companion.class
Sources:
D:\aarambh\frontend\node_modules\react-native-keyboard-controller\android\src\main\java\com\reactnativekeyboardcontroller\listeners\WindowDimensionListener.kt
2026-08-14 11:36:03.895 [daemon] INFO: Message: output: output:
D:\aarambh\frontend\node_modules\react-native-keyboard-controller\android\build\tmp\kotlin-classes\release\com\reactnativekeyboardcontroller\log\Logger.class
Sources:
D:\aarambh\frontend\node_modules\react-native-keyboard-controller\android\src\main\java\com\reactnativekeyboardcontroller\log\Logger.kt
2026-08-14 11:36:03.895 [daemon] INFO: Message: output: output:
D:\aarambh\frontend\node_modules\react-native-keyboard-controller\android\build\tmp\kotlin-classes\release\com\reactnativekeyboardcontroller\managers\KeyboardBackgroundViewManagerImpl.class
Sources:
D:\aarambh\frontend\node_modules\react-native-keyboard-controller\android\src\main\java\com\reactnativekeyboardcontroller\managers\KeyboardBackgroundViewManagerImpl.kt
2026-08-14 11:36:03.896 [daemon] INFO: Message: output: output:
D:\aarambh\frontend\node_modules\react-native-keyboard-controller\android\build\tmp\kotlin-classes\release\com\reactnativekeyboardcontroller\managers\KeyboardBackgroundViewManagerImpl$Companion.class
Sources:
D:\aarambh\frontend\node_modules\react-native-keyboard-controller\android\src\main\java\com\reactnativekeyboardcontroller\managers\KeyboardBackgroundViewManagerImpl.kt
2026-08-14 11:36:03.897 [daemon] INFO: Message: output: output:
D:\aarambh\frontend\node_modules\react-native-keyboard-controller\android\build\tmp\kotlin-classes\release\com\reactnativekeyboardcontroller\managers\KeyboardControllerViewManagerImpl.class
Sources:
D:\aarambh\frontend\node_modules\react-native-keyboard-controller\android\src\main\java\com\reactnativekeyboardcontroller\managers\KeyboardControllerViewManagerImpl.kt
2026-08-14 11:36:03.899 [daemon] INFO: Message: output: output:
D:\aarambh\frontend\node_modules\react-native-keyboard-controller\android\build\tmp\kotlin-classes\release\com\reactnativekeyboardcontroller\managers\KeyboardControllerViewManagerImpl$Companion.class
Sources:
D:\aarambh\frontend\node_modules\react-native-keyboard-controller\android\src\main\java\com\reactnativekeyboardcontroller\managers\KeyboardControllerViewManagerImpl.kt
2026-08-14 11:36:03.899 [daemon] INFO: Message: output: output:
D:\aarambh\frontend\node_modules\react-native-keyboard-controller\android\build\tmp\kotlin-classes\release\com\reactnativekeyboardcontroller\managers\KeyboardGestureAreaViewManagerImpl.class
Sources:
D:\aarambh\frontend\node_modules\react-native-keyboard-controller\android\src\main\java\com\reactnativekeyboardcontroller\managers\KeyboardGestureAreaViewManagerImpl.kt
2026-08-14 11:36:03.900 [daemon] INFO: Message: output: output:
D:\aarambh\frontend\node_modules\react-native-keyboard-controller\android\build\tmp\kotlin-classes\release\com\reactnativekeyboardcontroller\managers\KeyboardGestureAreaViewManagerImpl$Companion.class
Sources:
D:\aarambh\frontend\node_modules\react-native-keyboard-controller\android\src\main\java\com\reactnativekeyboardcontroller\managers\KeyboardGestureAreaViewManagerImpl.kt
2026-08-14 11:36:03.901 [daemon] INFO: Message: output: output:
D:\aarambh\frontend\node_modules\react-native-keyboard-controller\android\build\tmp\kotlin-classes\release\com\reactnativekeyboardcontroller\managers\OverKeyboardViewManagerImpl.class
Sources:
D:\aarambh\frontend\node_modules\react-native-keyboard-controller\android\src\main\java\com\reactnativekeyboardcontroller\managers\OverKeyboardViewManagerImpl.kt
2026-08-14 11:36:03.902 [daemon] INFO: Message: output: output:
D:\aarambh\frontend\node_modules\react-native-keyboard-controller\android\build\tmp\kotlin-classes\release\com\reactnativekeyboardcontroller\managers\OverKeyboardViewManagerImpl$Companion.class
Sources:
D:\aarambh\frontend\node_modules\react-native-keyboard-controller\android\src\main\java\com\reactnativekeyboardcontroller\managers\OverKeyboardViewManagerImpl.kt
2026-08-14 11:36:03.903 [daemon] INFO: Message: output: output:
D:\aarambh\frontend\node_modules\react-native-keyboard-controller\android\build\tmp\kotlin-classes\release\com\reactnativekeyboardcontroller\modal\ModalAttachedWatcher.class
Sources:
D:\aarambh\frontend\node_modules\react-native-keyboard-controller\android\src\main\java\com\reactnativekeyboardcontroller\modal\ModalAttachedWatcher.kt
2026-08-14 11:36:03.903 [daemon] INFO: Message: output: output:
D:\aarambh\frontend\node_modules\react-native-keyboard-controller\android\build\tmp\kotlin-classes\release\com\reactnativekeyboardcontroller\modal\ModalAttachedWatcher$Companion.class
Sources:
D:\aarambh\frontend\node_modules\react-native-keyboard-controller\android\src\main\java\com\reactnativekeyboardcontroller\modal\ModalAttachedWatcher.kt
2026-08-14 11:36:03.904 [daemon] INFO: Message: output: output:
D:\aarambh\frontend\node_modules\react-native-keyboard-controller\android\build\tmp\kotlin-classes\release\com\reactnativekeyboardcontroller\modal\ModalAttachedWatcherKt.class
Sources:
D:\aarambh\frontend\node_modules\react-native-keyboard-controller\android\src\main\java\com\reactnativekeyboardcontroller\modal\ModalAttachedWatcher.kt
2026-08-14 11:36:03.905 [daemon] INFO: Message: output: output:
D:\aarambh\frontend\node_modules\react-native-keyboard-controller\android\build\tmp\kotlin-classes\release\com\reactnativekeyboardcontroller\modules\KeyboardControllerModuleImpl.class
Sources:
D:\aarambh\frontend\node_modules\react-native-keyboard-controller\android\src\main\java\com\reactnativekeyboardcontroller\modules\KeyboardControllerModuleImpl.kt
2026-08-14 11:36:03.905 [daemon] INFO: Message: output: output:
D:\aarambh\frontend\node_modules\react-native-keyboard-controller\android\build\tmp\kotlin-classes\release\com\reactnativekeyboardcontroller\modules\KeyboardControllerModuleImpl$Companion.class
Sources:
D:\aarambh\frontend\node_modules\react-native-keyboard-controller\android\src\main\java\com\reactnativekeyboardcontroller\modules\KeyboardControllerModuleImpl.kt
2026-08-14 11:36:03.910 [daemon] INFO: Message: output: output:
D:\aarambh\frontend\node_modules\react-native-keyboard-controller\android\build\tmp\kotlin-classes\release\com\reactnativekeyboardcontroller\modules\statusbar\StatusBarManagerCompatModuleImpl.class
Sources:
D:\aarambh\frontend\node_modules\react-native-keyboard-controller\android\src\main\java\com\reactnativekeyboardcontroller\modules\statusbar\StatusBarManagerCompatModuleImpl.kt
2026-08-14 11:36:03.911 [daemon] INFO: Message: output: output:
D:\aarambh\frontend\node_modules\react-native-keyboard-controller\android\build\tmp\kotlin-classes\release\com\reactnativekeyboardcontroller\modules\statusbar\StatusBarManagerCompatModuleImpl$Companion.class
Sources:
D:\aarambh\frontend\node_modules\react-native-keyboard-controller\android\src\main\java\com\reactnativekeyboardcontroller\modules\statusbar\StatusBarManagerCompatModuleImpl.kt
2026-08-14 11:36:03.912 [daemon] INFO: Message: output: output:
D:\aarambh\frontend\node_modules\react-native-keyboard-controller\android\build\tmp\kotlin-classes\release\com\reactnativekeyboardcontroller\modules\statusbar\StatusBarManagerCompatModuleImplKt.class
Sources:
D:\aarambh\frontend\node_modules\react-native-keyboard-controller\android\src\main\java\com\reactnativekeyboardcontroller\modules\statusbar\StatusBarManagerCompatModuleImpl.kt
2026-08-14 11:36:03.913 [daemon] INFO: Message: output: output:
D:\aarambh\frontend\node_modules\react-native-keyboard-controller\android\build\tmp\kotlin-classes\release\com\reactnativekeyboardcontroller\modules\statusbar\StatusBarModuleProxy.class
Sources:
D:\aarambh\frontend\node_modules\react-native-keyboard-controller\android\src\main\java\com\reactnativekeyboardcontroller\modules\statusbar\StatusBarModuleProxy.kt
2026-08-14 11:36:03.914 [daemon] INFO: Message: output: output:
D:\aarambh\frontend\node_modules\react-native-keyboard-controller\android\build\tmp\kotlin-classes\release\com\reactnativekeyboardcontroller\modules\statusbar\StatusBarModuleProxyKt.class
Sources:
D:\aarambh\frontend\node_modules\react-native-keyboard-controller\android\src\main\java\com\reactnativekeyboardcontroller\modules\statusbar\StatusBarModuleProxy.kt
2026-08-14 11:36:03.915 [daemon] INFO: Message: output: output:
D:\aarambh\frontend\node_modules\react-native-keyboard-controller\android\build\tmp\kotlin-classes\release\com\reactnativekeyboardcontroller\traversal\FocusedInputHolder.class
Sources:
D:\aarambh\frontend\node_modules\react-native-keyboard-controller\android\src\main\java\com\reactnativekeyboardcontroller\traversal\FocusedInputHolder.kt
2026-08-14 11:36:03.915 [daemon] INFO: Message: output: output:
D:\aarambh\frontend\node_modules\react-native-keyboard-controller\android\build\tmp\kotlin-classes\release\com\reactnativekeyboardcontroller\traversal\ViewHierarchyNavigator.class
Sources:
D:\aarambh\frontend\node_modules\react-native-keyboard-controller\android\src\main\java\com\reactnativekeyboardcontroller\traversal\ViewHierarchyNavigator.kt
2026-08-14 11:36:03.916 [daemon] INFO: Message: output: output:
D:\aarambh\frontend\node_modules\react-native-keyboard-controller\android\build\tmp\kotlin-classes\release\com\reactnativekeyboardcontroller\views\EdgeToEdgeViewRegistry.class
Sources:
D:\aarambh\frontend\node_modules\react-native-keyboard-controller\android\src\main\java\com\reactnativekeyboardcontroller\views\EdgeToEdgeReactViewGroup.kt
2026-08-14 11:36:03.917 [daemon] INFO: Message: output: output:
D:\aarambh\frontend\node_modules\react-native-keyboard-controller\android\build\tmp\kotlin-classes\release\com\reactnativekeyboardcontroller\views\EdgeToEdgeReactViewGroup.class
Sources:
D:\aarambh\frontend\node_modules\react-native-keyboard-controller\android\src\main\java\com\reactnativekeyboardcontroller\views\EdgeToEdgeReactViewGroup.kt
2026-08-14 11:36:03.918 [daemon] INFO: Message: output: output:
D:\aarambh\frontend\node_modules\react-native-keyboard-controller\android\build\tmp\kotlin-classes\release\com\reactnativekeyboardcontroller\views\EdgeToEdgeReactViewGroup$modalAttachedWatcher$1.class
Sources:
D:\aarambh\frontend\node_modules\react-native-keyboard-controller\android\src\main\java\com\reactnativekeyboardcontroller\views\EdgeToEdgeReactViewGroup.kt
2026-08-14 11:36:03.919 [daemon] INFO: Message: output: output:
D:\aarambh\frontend\node_modules\react-native-keyboard-controller\android\build\tmp\kotlin-classes\release\com\reactnativekeyboardcontroller\views\EdgeToEdgeReactViewGroupKt.class
Sources:
D:\aarambh\frontend\node_modules\react-native-keyboard-controller\android\src\main\java\com\reactnativekeyboardcontroller\views\EdgeToEdgeReactViewGroup.kt
2026-08-14 11:36:03.919 [daemon] INFO: Message: output: output:
D:\aarambh\frontend\node_modules\react-native-keyboard-controller\android\build\tmp\kotlin-classes\release\com\reactnativekeyboardcontroller\views\KeyboardGestureAreaReactViewGroup.class
Sources:
D:\aarambh\frontend\node_modules\react-native-keyboard-controller\android\src\main\java\com\reactnativekeyboardcontroller\views\KeyboardGestureAreaReactViewGroup.kt
2026-08-14 11:36:03.920 [daemon] INFO: Message: output: output:
D:\aarambh\frontend\node_modules\react-native-keyboard-controller\android\build\tmp\kotlin-classes\release\com\reactnativekeyboardcontroller\views\KeyboardGestureAreaReactViewGroup$Companion.class
Sources:
D:\aarambh\frontend\node_modules\react-native-keyboard-controller\android\src\main\java\com\reactnativekeyboardcontroller\views\KeyboardGestureAreaReactViewGroup.kt
2026-08-14 11:36:03.921 [daemon] INFO: Message: output: output:
D:\aarambh\frontend\node_modules\react-native-keyboard-controller\android\build\tmp\kotlin-classes\release\com\reactnativekeyboardcontroller\views\KeyboardGestureAreaReactViewGroupKt.class
Sources:
D:\aarambh\frontend\node_modules\react-native-keyboard-controller\android\src\main\java\com\reactnativekeyboardcontroller\views\KeyboardGestureAreaReactViewGroup.kt
2026-08-14 11:36:03.923 [daemon] INFO: Message: output: output:
D:\aarambh\frontend\node_modules\react-native-keyboard-controller\android\build\tmp\kotlin-classes\release\com\reactnativekeyboardcontroller\views\background\KeyboardBackgroundViewGroup.class
Sources:
D:\aarambh\frontend\node_modules\react-native-keyboard-controller\android\src\main\java\com\reactnativekeyboardcontroller\views\background\KeyboardBackgroundViewGroup.kt
2026-08-14 11:36:03.925 [daemon] INFO: Message: output: output:
D:\aarambh\frontend\node_modules\react-native-keyboard-controller\android\build\tmp\kotlin-classes\release\com\reactnativekeyboardcontroller\views\background\ImePackages.class
Sources:
D:\aarambh\frontend\node_modules\react-native-keyboard-controller\android\src\main\java\com\reactnativekeyboardcontroller\views\background\Skins.kt
2026-08-14 11:36:03.927 [daemon] INFO: Message: output: output:
D:\aarambh\frontend\node_modules\react-native-keyboard-controller\android\build\tmp\kotlin-classes\release\com\reactnativekeyboardcontroller\views\background\ColorProperties.class
Sources:
D:\aarambh\frontend\node_modules\react-native-keyboard-controller\android\src\main\java\com\reactnativekeyboardcontroller\views\background\Skins.kt
2026-08-14 11:36:03.928 [daemon] INFO: Message: output: output:
D:\aarambh\frontend\node_modules\react-native-keyboard-controller\android\build\tmp\kotlin-classes\release\com\reactnativekeyboardcontroller\views\background\SkinsKt.class
Sources:
D:\aarambh\frontend\node_modules\react-native-keyboard-controller\android\src\main\java\com\reactnativekeyboardcontroller\views\background\Skins.kt
2026-08-14 11:36:03.928 [daemon] INFO: Message: output: output:
D:\aarambh\frontend\node_modules\react-native-keyboard-controller\android\build\tmp\kotlin-classes\release\com\reactnativekeyboardcontroller\views\overlay\JSPointerDispatcherCompat.class
Sources:
D:\aarambh\frontend\node_modules\react-native-keyboard-controller\android\src\main\java\com\reactnativekeyboardcontroller\views\overlay\JSPointerDispatcherCompat.kt
2026-08-14 11:36:03.930 [daemon] INFO: Message: output: output:
D:\aarambh\frontend\node_modules\react-native-keyboard-controller\android\build\tmp\kotlin-classes\release\com\reactnativekeyboardcontroller\views\overlay\JSPointerDispatcherCompat$Companion.class
Sources:
D:\aarambh\frontend\node_modules\react-native-keyboard-controller\android\src\main\java\com\reactnativekeyboardcontroller\views\overlay\JSPointerDispatcherCompat.kt
2026-08-14 11:36:03.931 [daemon] INFO: Message: output: output:
D:\aarambh\frontend\node_modules\react-native-keyboard-controller\android\build\tmp\kotlin-classes\release\com\reactnativekeyboardcontroller\views\overlay\OverKeyboardHostShadowNode.class
Sources:
D:\aarambh\frontend\node_modules\react-native-keyboard-controller\android\src\main\java\com\reactnativekeyboardcontroller\views\overlay\OverKeyboardHostShadowNode.kt
2026-08-14 11:36:03.932 [daemon] INFO: Message: output: output:
D:\aarambh\frontend\node_modules\react-native-keyboard-controller\android\build\tmp\kotlin-classes\release\com\reactnativekeyboardcontroller\views\overlay\OverKeyboardHostView.class
Sources:
D:\aarambh\frontend\node_modules\react-native-keyboard-controller\android\src\main\java\com\reactnativekeyboardcontroller\views\overlay\OverKeyboardViewGroup.kt
2026-08-14 11:36:03.932 [daemon] INFO: Message: output: output:
D:\aarambh\frontend\node_modules\react-native-keyboard-controller\android\build\tmp\kotlin-classes\release\com\reactnativekeyboardcontroller\views\overlay\OverKeyboardRootViewGroup.class
Sources:
D:\aarambh\frontend\node_modules\react-native-keyboard-controller\android\src\main\java\com\reactnativekeyboardcontroller\views\overlay\OverKeyboardViewGroup.kt
2026-08-14 11:36:03.933 [daemon] INFO: Message: output: output:
D:\aarambh\frontend\node_modules\react-native-keyboard-controller\android\build\tmp\kotlin-classes\release\com\reactnativekeyboardcontroller\views\overlay\OverKeyboardViewGroupKt.class
Sources:
D:\aarambh\frontend\node_modules\react-native-keyboard-controller\android\src\main\java\com\reactnativekeyboardcontroller\views\overlay\OverKeyboardViewGroup.kt
2026-08-14 11:36:03.934 [daemon] INFO: Message: output: output:
D:\aarambh\frontend\node_modules\react-native-keyboard-controller\android\build\tmp\kotlin-classes\release\com\reactnativekeyboardcontroller\views\overlay\RootViewCompat.class
Sources:
D:\aarambh\frontend\node_modules\react-native-keyboard-controller\android\src\main\java\com\reactnativekeyboardcontroller\views\overlay\RootViewCompat.kt
2026-08-14 11:36:03.934 [daemon] INFO: Message: output: output:
D:\aarambh\frontend\node_modules\react-native-keyboard-controller\android\build\tmp\kotlin-classes\release\com\reactnativekeyboardcontroller\views\overlay\RootViewCompat$DefaultImpls.class
Sources:
D:\aarambh\frontend\node_modules\react-native-keyboard-controller\android\src\main\java\com\reactnativekeyboardcontroller\views\overlay\RootViewCompat.kt
2026-08-14 11:36:03.935 [daemon] INFO: Message: output: output:
D:\aarambh\frontend\node_modules\react-native-keyboard-controller\android\build\tmp\kotlin-classes\release\META-INF\react-native-keyboard-controller_release.kotlin_module
Sources:
D:\aarambh\frontend\node_modules\react-native-keyboard-controller\android\src\main\java\com\reactnativekeyboardcontroller\modules\statusbar\StatusBarModuleProxy.kt
D:\aarambh\frontend\node_modules\react-native-keyboard-controller\android\src\fabric\java\com\reactnativekeyboardcontroller\KeyboardGestureAreaViewManager.kt
D:\aarambh\frontend\node_modules\react-native-keyboard-controller\android\src\main\java\com\reactnativekeyboardcontroller\extensions\Context.kt
D:\aarambh\frontend\node_modules\react-native-keyboard-controller\android\src\main\java\com\reactnativekeyboardcontroller\listeners\KeyboardAnimationCallback.kt
D:\aarambh\frontend\node_modules\react-native-keyboard-controller\android\src\main\java\com\reactnativekeyboardcontroller\events\FocusedInputLayoutChangedEvent.kt
D:\aarambh\frontend\node_modules\react-native-keyboard-controller\android\src\main\java\com\reactnativekeyboardcontroller\views\overlay\OverKeyboardViewGroup.kt
D:\aarambh\frontend\node_modules\react-native-keyboard-controller\android\src\fabric\java\com\reactnativekeyboardcontroller\KeyboardControllerModule.kt
D:\aarambh\frontend\node_modules\react-native-keyboard-controller\android\src\main\java\com\reactnativekeyboardcontroller\views\overlay\OverKeyboardHostShadowNode.kt
D:\aarambh\frontend\node_modules\react-native-keyboard-controller\android\src\fabric\java\com\reactnativekeyboardcontroller\KeyboardBackgroundViewManager.kt
D:\aarambh\frontend\node_modules\react-native-keyboard-controller\android\src\fabric\java\com\reactnativekeyboardcontroller\StatusBarManagerCompatModule.kt
D:\aarambh\frontend\node_modules\react-native-keyboard-controller\android\src\main\java\com\reactnativekeyboardcontroller\views\overlay\RootViewCompat.kt
D:\aarambh\frontend\node_modules\react-native-keyboard-controller\android\src\main\java\com\reactnativekeyboardcontroller\events\FocusedInputSelectionChangedEvent.kt
D:\aarambh\frontend\node_modules\react-native-keyboard-controller\android\src\fabric\java\com\reactnativekeyboardcontroller\OverKeyboardViewManager.kt
D:\aarambh\frontend\node_modules\react-native-keyboard-controller\android\src\base\java\com\reactnativekeyboardcontroller\KeyboardControllerPackage.kt
D:\aarambh\frontend\node_modules\react-native-keyboard-controller\android\src\main\java\com\reactnativekeyboardcontroller\listeners\FocusedInputObserver.kt
D:\aarambh\frontend\node_modules\react-native-keyboard-controller\android\src\main\java\com\reactnativekeyboardcontroller\traversal\ViewHierarchyNavigator.kt
D:\aarambh\frontend\node_modules\react-native-keyboard-controller\android\src\main\java\com\reactnativekeyboardcontroller\extensions\ThemedReactContext.kt
D:\aarambh\frontend\node_modules\react-native-keyboard-controller\android\src\main\java\com\reactnativekeyboardcontroller\managers\KeyboardBackgroundViewManagerImpl.kt
D:\aarambh\frontend\node_modules\react-native-keyboard-controller\android\src\main\java\com\reactnativekeyboardcontroller\constants\Keyboard.kt
D:\aarambh\frontend\node_modules\react-native-keyboard-controller\android\src\main\java\com\reactnativekeyboardcontroller\traversal\FocusedInputHolder.kt
D:\aarambh\frontend\node_modules\react-native-keyboard-controller\android\src\main\java\com\reactnativekeyboardcontroller\views\background\KeyboardBackgroundViewGroup.kt
D:\aarambh\frontend\node_modules\react-native-keyboard-controller\android\src\main\java\com\reactnativekeyboardcontroller\extensions\ReactContext.kt
D:\aarambh\frontend\node_modules\react-native-keyboard-controller\android\src\main\java\com\reactnativekeyboardcontroller\interactive\KeyboardAnimationController.kt
D:\aarambh\frontend\node_modules\react-native-keyboard-controller\android\src\main\java\com\reactnativekeyboardcontroller\managers\KeyboardGestureAreaViewManagerImpl.kt
D:\aarambh\frontend\node_modules\react-native-keyboard-controller\android\src\main\java\com\reactnativekeyboardcontroller\modules\KeyboardControllerModuleImpl.kt
D:\aarambh\frontend\node_modules\react-native-keyboard-controller\android\src\main\java\com\reactnativekeyboardcontroller\interactive\interpolators\IosInterpolator.kt
D:\aarambh\frontend\node_modules\react-native-keyboard-controller\android\src\main\java\com\reactnativekeyboardcontroller\managers\KeyboardControllerViewManagerImpl.kt
D:\aarambh\frontend\node_modules\react-native-keyboard-controller\android\src\main\java\com\reactnativekeyboardcontroller\modules\statusbar\StatusBarManagerCompatModuleImpl.kt
D:\aarambh\frontend\node_modules\react-native-keyboard-controller\android\src\fabric\java\com\reactnativekeyboardcontroller\KeyboardControllerViewManager.kt
D:\aarambh\frontend\node_modules\react-native-keyboard-controller\android\src\main\java\com\reactnativekeyboardcontroller\views\EdgeToEdgeReactViewGroup.kt
D:\aarambh\frontend\node_modules\react-native-keyboard-controller\android\src\main\java\com\reactnativekeyboardcontroller\events\FocusedInputTextChangedEvent.kt
D:\aarambh\frontend\node_modules\react-native-keyboard-controller\android\src\main\java\com\reactnativekeyboardcontroller\listeners\WindowDimensionListener.kt
D:\aarambh\frontend\node_modules\react-native-keyboard-controller\android\src\main\java\com\reactnativekeyboardcontroller\managers\OverKeyboardViewManagerImpl.kt
D:\aarambh\frontend\node_modules\react-native-keyboard-controller\android\src\main\java\com\reactnativekeyboardcontroller\interactive\InteractiveKeyboardProvider.kt
D:\aarambh\frontend\node_modules\react-native-keyboard-controller\android\src\main\java\com\reactnativekeyboardcontroller\extensions\View.kt
D:\aarambh\frontend\node_modules\react-native-keyboard-controller\android\src\main\java\com\reactnativekeyboardcontroller\views\background\Skins.kt
D:\aarambh\frontend\node_modules\react-native-keyboard-controller\android\src\main\java\com\reactnativekeyboardcontroller\extensions\EditText.kt
D:\aarambh\frontend\node_modules\react-native-keyboard-controller\android\src\main\java\com\reactnativekeyboardcontroller\extensions\WindowInsetsAnimationCompat.kt
D:\aarambh\frontend\node_modules\react-native-keyboard-controller\android\src\main\java\com\reactnativekeyboardcontroller\modal\ModalAttachedWatcher.kt
D:\aarambh\frontend\node_modules\react-native-keyboard-controller\android\src\main\java\com\reactnativekeyboardcontroller\interactive\interpolators\LinearInterpolator.kt
D:\aarambh\frontend\node_modules\react-native-keyboard-controller\android\src\main\java\com\reactnativekeyboardcontroller\extensions\ViewGroup.kt
D:\aarambh\frontend\node_modules\react-native-keyboard-controller\android\src\main\java\com\reactnativekeyboardcontroller\extensions\Float.kt
D:\aarambh\frontend\node_modules\react-native-keyboard-controller\android\src\main\java\com\reactnativekeyboardcontroller\log\Logger.kt
D:\aarambh\frontend\node_modules\react-native-keyboard-controller\android\src\main\java\com\reactnativekeyboardcontroller\interactive\interpolators\Interpolator.kt
D:\aarambh\frontend\node_modules\react-native-keyboard-controller\android\src\main\java\com\reactnativekeyboardcontroller\events\KeyboardTransitionEvent.kt
D:\aarambh\frontend\node_modules\react-native-keyboard-controller\android\src\main\java\com\reactnativekeyboardcontroller\views\overlay\JSPointerDispatcherCompat.kt
D:\aarambh\frontend\node_modules\react-native-keyboard-controller\android\src\main\java\com\reactnativekeyboardcontroller\views\KeyboardGestureAreaReactViewGroup.kt
2026-08-14 11:36:03.937 [daemon] INFO: Message: warning: unchecked cast of 'ArrayList<*>' to 'ArrayList<TextWatcher>'.
      val textWatchListeners = listeners as ArrayList<TextWatcher>
                                         ^^^^^^^^^^^^^^^^^^^^^^^^^
2026-08-14 11:36:03.969 [daemon] INFO: Message: warning: 'static fun getWindowInsetsController(p0: View): WindowInsetsControllerCompat?' is deprecated. Deprecated in Java.
    ViewCompat.getWindowInsetsController(view)?.controlWindowInsetsAnimation(
               ^^^^^^^^^^^^^^^^^^^^^^^^^
2026-08-14 11:36:03.970 [daemon] INFO: Message: warning: 'object MapBuilder : Any' is deprecated. Use Kotlin's built-in collections extensions.
import com.facebook.react.common.MapBuilder
       ^^^^^^^^^^^^^^^^^^^^^^^^^^^^^^^^^^^^
2026-08-14 11:36:03.971 [daemon] INFO: Message: warning: 'object MapBuilder : Any' is deprecated. Use Kotlin's built-in collections extensions.
      MapBuilder.of(
      ^^^^^^^^^^
2026-08-14 11:36:03.972 [daemon] INFO: Message: warning: 'object MapBuilder : Any' is deprecated. Use Kotlin's built-in collections extensions.
        MapBuilder.of("registrationName", "onKeyboardMove"),
        ^^^^^^^^^^
2026-08-14 11:36:03.973 [daemon] INFO: Message: warning: 'object MapBuilder : Any' is deprecated. Use Kotlin's built-in collections extensions.
        MapBuilder.of("registrationName", "onKeyboardMoveStart"),
        ^^^^^^^^^^
2026-08-14 11:36:03.978 [daemon] INFO: Message: warning: 'object MapBuilder : Any' is deprecated. Use Kotlin's built-in collections extensions.
        MapBuilder.of("registrationName", "onKeyboardMoveEnd"),
        ^^^^^^^^^^
2026-08-14 11:36:03.979 [daemon] INFO: Message: warning: 'object MapBuilder : Any' is deprecated. Use Kotlin's built-in collections extensions.
        MapBuilder.of("registrationName", "onKeyboardMoveInteractive"),
        ^^^^^^^^^^
2026-08-14 11:36:03.980 [daemon] INFO: Message: warning: 'object MapBuilder : Any' is deprecated. Use Kotlin's built-in collections extensions.
        MapBuilder.of("registrationName", "onFocusedInputLayoutChanged"),
        ^^^^^^^^^^
2026-08-14 11:36:03.981 [daemon] INFO: Message: warning: 'object MapBuilder : Any' is deprecated. Use Kotlin's built-in collections extensions.
        MapBuilder.of("registrationName", "onFocusedInputTextChanged"),
        ^^^^^^^^^^
2026-08-14 11:36:03.982 [daemon] INFO: Message: warning: 'object MapBuilder : Any' is deprecated. Use Kotlin's built-in collections extensions.
        MapBuilder.of("registrationName", "onFocusedInputSelectionChanged"),
        ^^^^^^^^^^
2026-08-14 11:36:03.983 [daemon] INFO: Message: warning: 'val DEFAULT: Int' is deprecated. UIManagerType.DEFAULT will be deleted in the next release of React Native. Use [LEGACY] instead.
  private val archType = if (BuildConfig.IS_NEW_ARCHITECTURE_ENABLED) UIManagerType.FABRIC else UIManagerType.DEFAULT
                                                                                                              ^^^^^^^
2026-08-14 11:36:03.984 [daemon] INFO: Message: warning: 'var statusBarColor: Int' is deprecated. Deprecated in Java.
        val curColor: Int = window.statusBarColor
                                   ^^^^^^^^^^^^^^
2026-08-14 11:36:03.985 [daemon] INFO: Message: warning: 'var statusBarColor: Int' is deprecated. Deprecated in Java.
          window.statusBarColor = animator.animatedValue as Int
                 ^^^^^^^^^^^^^^
2026-08-14 11:36:03.985 [daemon] INFO: Message: warning: 'var statusBarColor: Int' is deprecated. Deprecated in Java.
        window.statusBarColor = color
               ^^^^^^^^^^^^^^
2026-08-14 11:36:03.986 [daemon] INFO: Message: warning: 'fun replaceSystemWindowInsets(p0: Int, p1: Int, p2: Int, p3: Int): WindowInsetsCompat' is deprecated. Deprecated in Java.
        defaultInsets.replaceSystemWindowInsets(
                      ^^^^^^^^^^^^^^^^^^^^^^^^^
2026-08-14 11:36:03.987 [daemon] INFO: Message: warning: 'val systemWindowInsetLeft: Int' is deprecated. Deprecated in Java.
          defaultInsets.systemWindowInsetLeft,
                        ^^^^^^^^^^^^^^^^^^^^^
2026-08-14 11:36:03.988 [daemon] INFO: Message: warning: 'val systemWindowInsetTop: Int' is deprecated. Deprecated in Java.
          if (this.isStatusBarTranslucent) 0 else defaultInsets.systemWindowInsetTop,
                                                                ^^^^^^^^^^^^^^^^^^^^
2026-08-14 11:36:03.989 [daemon] INFO: Message: warning: 'val systemWindowInsetRight: Int' is deprecated. Deprecated in Java.
          defaultInsets.systemWindowInsetRight,
                        ^^^^^^^^^^^^^^^^^^^^^^
2026-08-14 11:36:03.994 [daemon] INFO: Message: warning: 'val systemWindowInsetBottom: Int' is deprecated. Deprecated in Java.
          defaultInsets.systemWindowInsetBottom,
                        ^^^^^^^^^^^^^^^^^^^^^^^
2026-08-14 11:36:03.995 [daemon] INFO: Message: warning: 'object ReactFeatureFlags : Any' is deprecated. Use com.facebook.react.internal.featureflags.ReactNativeFeatureFlags instead.
import com.facebook.react.config.ReactFeatureFlags
       ^^^^^^^^^^^^^^^^^^^^^^^^^^^^^^^^^^^^^^^^^^^
2026-08-14 11:36:03.996 [daemon] INFO: Message: warning: the corresponding parameter in the supertype 'ReactViewGroup' is named 'left'. This may cause problems when calling this function with named arguments.
    l: Int,
    ^
2026-08-14 11:36:03.997 [daemon] INFO: Message: warning: the corresponding parameter in the supertype 'ReactViewGroup' is named 'top'. This may cause problems when calling this function with named arguments.
    t: Int,
    ^
2026-08-14 11:36:03.998 [daemon] INFO: Message: warning: the corresponding parameter in the supertype 'ReactViewGroup' is named 'right'. This may cause problems when calling this function with named arguments.
    r: Int,
    ^
2026-08-14 11:36:03.999 [daemon] INFO: Message: warning: the corresponding parameter in the supertype 'ReactViewGroup' is named 'bottom'. This may cause problems when calling this function with named arguments.
    b: Int,
    ^
2026-08-14 11:36:04.000 [daemon] INFO: Message: warning: 'object ReactFeatureFlags : Any' is deprecated. Use com.facebook.react.internal.featureflags.ReactNativeFeatureFlags instead.
    if (ReactFeatureFlags.dispatchPointerEvents) {
        ^^^^^^^^^^^^^^^^^
2026-08-14 11:36:04.001 [daemon] INFO: Message: warning: the corresponding parameter in the supertype 'ReactViewGroup' is named 'w'. This may cause problems when calling this function with named arguments.
    width: Int,
    ^^^^^
2026-08-14 11:36:04.001 [daemon] INFO: Message: warning: the corresponding parameter in the supertype 'ReactViewGroup' is named 'h'. This may cause problems when calling this function with named arguments.
    height: Int,
    ^^^^^^
2026-08-14 11:36:04.002 [daemon] INFO: Message: warning: the corresponding parameter in the supertype 'ReactViewGroup' is named 'oldw'. This may cause problems when calling this function with named arguments.
    oldWidth: Int,
    ^^^^^^^^
2026-08-14 11:36:04.003 [daemon] INFO: Message: warning: the corresponding parameter in the supertype 'ReactViewGroup' is named 'oldh'. This may cause problems when calling this function with named arguments.
    oldHeight: Int,
    ^^^^^^^^^
2026-08-14 11:36:04.903 [daemon] INFO: Message: logging: using Kotlin home directory <no_path>
2026-08-14 11:36:04.904 [daemon] INFO: Message: logging: exception on loading scripting plugin: java.lang.ClassNotFoundException: org.jetbrains.kotlin.scripting.compiler.plugin.ScriptingCompilerConfigurationComponentRegistrar
2026-08-14 11:36:04.904 [daemon] INFO: Message: logging: scripting plugin will not be loaded: not all required jars are present in the classpath (missing files: [.\kotlin-scripting-compiler.jar, .\kotlin-scripting-compiler-impl.jar, .\kotlin-scripting-common.jar, .\kotlin-scripting-jvm.jar])
2026-08-14 11:36:04.904 [daemon] INFO: Message: logging: configuring the compilation environment
2026-08-14 11:36:04.904 [daemon] INFO: Message: output: output:
D:\aarambh\frontend\node_modules\react-native-gesture-handler\android\build\tmp\kotlin-classes\release\com\swmansion\gesturehandler\ReactContextExtensionsKt.class
Sources:
D:\aarambh\frontend\node_modules\react-native-gesture-handler\android\fabric\src\main\java\com\swmansion\gesturehandler\ReactContextExtensions.kt
2026-08-14 11:36:04.905 [daemon] INFO: Message: output: output:
D:\aarambh\frontend\node_modules\react-native-gesture-handler\android\build\tmp\kotlin-classes\release\com\swmansion\gesturehandler\ReanimatedEventDispatcher.class
Sources:
D:\aarambh\frontend\node_modules\react-native-gesture-handler\android\reanimated\src\main\java\com\swmansion\gesturehandler\ReanimatedEventDispatcher.kt
2026-08-14 11:36:04.905 [daemon] INFO: Message: output: output:
D:\aarambh\frontend\node_modules\react-native-gesture-handler\android\build\tmp\kotlin-classes\release\com\swmansion\gesturehandler\RNGestureHandlerPackage.class
Sources:
D:\aarambh\frontend\node_modules\react-native-gesture-handler\android\src\main\java\com\swmansion\gesturehandler\RNGestureHandlerPackage.kt
2026-08-14 11:36:04.906 [daemon] INFO: Message: output: output:
D:\aarambh\frontend\node_modules\react-native-gesture-handler\android\build\tmp\kotlin-classes\release\com\swmansion\gesturehandler\core\DiagonalDirections.class
Sources:
D:\aarambh\frontend\node_modules\react-native-gesture-handler\android\src\main\java\com\swmansion\gesturehandler\core\DiagonalDirections.kt
2026-08-14 11:36:04.910 [daemon] INFO: Message: output: output:
D:\aarambh\frontend\node_modules\react-native-gesture-handler\android\build\tmp\kotlin-classes\release\com\swmansion\gesturehandler\core\FlingGestureHandler.class
Sources:
D:\aarambh\frontend\node_modules\react-native-gesture-handler\android\src\main\java\com\swmansion\gesturehandler\core\FlingGestureHandler.kt
2026-08-14 11:36:04.911 [daemon] INFO: Message: output: output:
D:\aarambh\frontend\node_modules\react-native-gesture-handler\android\build\tmp\kotlin-classes\release\com\swmansion\gesturehandler\core\FlingGestureHandler$Factory.class
Sources:
D:\aarambh\frontend\node_modules\react-native-gesture-handler\android\src\main\java\com\swmansion\gesturehandler\core\FlingGestureHandler.kt
2026-08-14 11:36:04.912 [daemon] INFO: Message: output: output:
D:\aarambh\frontend\node_modules\react-native-gesture-handler\android\build\tmp\kotlin-classes\release\com\swmansion\gesturehandler\core\FlingGestureHandler$Factory$Companion.class
Sources:
D:\aarambh\frontend\node_modules\react-native-gesture-handler\android\src\main\java\com\swmansion\gesturehandler\core\FlingGestureHandler.kt
2026-08-14 11:36:04.913 [daemon] INFO: Message: output: output:
D:\aarambh\frontend\node_modules\react-native-gesture-handler\android\build\tmp\kotlin-classes\release\com\swmansion\gesturehandler\core\FlingGestureHandler$Companion.class
Sources:
D:\aarambh\frontend\node_modules\react-native-gesture-handler\android\src\main\java\com\swmansion\gesturehandler\core\FlingGestureHandler.kt
2026-08-14 11:36:04.914 [daemon] INFO: Message: output: output:
D:\aarambh\frontend\node_modules\react-native-gesture-handler\android\build\tmp\kotlin-classes\release\com\swmansion\gesturehandler\core\GestureHandler.class
Sources:
D:\aarambh\frontend\node_modules\react-native-gesture-handler\android\src\main\java\com\swmansion\gesturehandler\core\GestureHandler.kt
2026-08-14 11:36:04.915 [daemon] INFO: Message: output: output:
D:\aarambh\frontend\node_modules\react-native-gesture-handler\android\build\tmp\kotlin-classes\release\com\swmansion\gesturehandler\core\GestureHandler$AdaptEventException.class
Sources:
D:\aarambh\frontend\node_modules\react-native-gesture-handler\android\src\main\java\com\swmansion\gesturehandler\core\GestureHandler.kt
2026-08-14 11:36:04.915 [daemon] INFO: Message: output: output:
D:\aarambh\frontend\node_modules\react-native-gesture-handler\android\build\tmp\kotlin-classes\release\com\swmansion\gesturehandler\core\GestureHandler$Factory.class
Sources:
D:\aarambh\frontend\node_modules\react-native-gesture-handler\android\src\main\java\com\swmansion\gesturehandler\core\GestureHandler.kt
2026-08-14 11:36:04.917 [daemon] INFO: Message: output: output:
D:\aarambh\frontend\node_modules\react-native-gesture-handler\android\build\tmp\kotlin-classes\release\com\swmansion\gesturehandler\core\GestureHandler$Factory$Companion.class
Sources:
D:\aarambh\frontend\node_modules\react-native-gesture-handler\android\src\main\java\com\swmansion\gesturehandler\core\GestureHandler.kt
2026-08-14 11:36:04.917 [daemon] INFO: Message: output: output:
D:\aarambh\frontend\node_modules\react-native-gesture-handler\android\build\tmp\kotlin-classes\release\com\swmansion\gesturehandler\core\GestureHandler$Companion.class
Sources:
D:\aarambh\frontend\node_modules\react-native-gesture-handler\android\src\main\java\com\swmansion\gesturehandler\core\GestureHandler.kt
2026-08-14 11:36:04.918 [daemon] INFO: Message: output: output:
D:\aarambh\frontend\node_modules\react-native-gesture-handler\android\build\tmp\kotlin-classes\release\com\swmansion\gesturehandler\core\GestureHandler$PointerData.class
Sources:
D:\aarambh\frontend\node_modules\react-native-gesture-handler\android\src\main\java\com\swmansion\gesturehandler\core\GestureHandler.kt
2026-08-14 11:36:04.918 [daemon] INFO: Message: output: output:
D:\aarambh\frontend\node_modules\react-native-gesture-handler\android\build\tmp\kotlin-classes\release\com\swmansion\gesturehandler\core\GestureHandlerInteractionController.class
Sources:
D:\aarambh\frontend\node_modules\react-native-gesture-handler\android\src\main\java\com\swmansion\gesturehandler\core\GestureHandlerInteractionController.kt
2026-08-14 11:36:04.919 [daemon] INFO: Message: output: output:
D:\aarambh\frontend\node_modules\react-native-gesture-handler\android\build\tmp\kotlin-classes\release\com\swmansion\gesturehandler\core\GestureHandlerOrchestrator.class
Sources:
D:\aarambh\frontend\node_modules\react-native-gesture-handler\android\src\main\java\com\swmansion\gesturehandler\core\GestureHandlerOrchestrator.kt
2026-08-14 11:36:04.919 [daemon] INFO: Message: output: output:
D:\aarambh\frontend\node_modules\react-native-gesture-handler\android\build\tmp\kotlin-classes\release\com\swmansion\gesturehandler\core\GestureHandlerOrchestrator$Companion.class
Sources:
D:\aarambh\frontend\node_modules\react-native-gesture-handler\android\src\main\java\com\swmansion\gesturehandler\core\GestureHandlerOrchestrator.kt
2026-08-14 11:36:04.920 [daemon] INFO: Message: output: output:
D:\aarambh\frontend\node_modules\react-native-gesture-handler\android\build\tmp\kotlin-classes\release\com\swmansion\gesturehandler\core\GestureHandlerOrchestrator$WhenMappings.class
Sources:
D:\aarambh\frontend\node_modules\react-native-gesture-handler\android\src\main\java\com\swmansion\gesturehandler\core\GestureHandlerOrchestrator.kt
2026-08-14 11:36:04.921 [daemon] INFO: Message: output: output:
D:\aarambh\frontend\node_modules\react-native-gesture-handler\android\build\tmp\kotlin-classes\release\com\swmansion\gesturehandler\core\GestureHandlerRegistry.class
Sources:
D:\aarambh\frontend\node_modules\react-native-gesture-handler\android\src\main\java\com\swmansion\gesturehandler\core\GestureHandlerRegistry.kt
2026-08-14 11:36:04.922 [daemon] INFO: Message: output: output:
D:\aarambh\frontend\node_modules\react-native-gesture-handler\android\build\tmp\kotlin-classes\release\com\swmansion\gesturehandler\core\GestureUtils.class
Sources:
D:\aarambh\frontend\node_modules\react-native-gesture-handler\android\src\main\java\com\swmansion\gesturehandler\core\GestureUtils.kt
2026-08-14 11:36:04.922 [daemon] INFO: Message: output: output:
D:\aarambh\frontend\node_modules\react-native-gesture-handler\android\build\tmp\kotlin-classes\release\com\swmansion\gesturehandler\core\HoverGestureHandler.class
Sources:
D:\aarambh\frontend\node_modules\react-native-gesture-handler\android\src\main\java\com\swmansion\gesturehandler\core\HoverGestureHandler.kt
2026-08-14 11:36:04.923 [daemon] INFO: Message: output: output:
D:\aarambh\frontend\node_modules\react-native-gesture-handler\android\build\tmp\kotlin-classes\release\com\swmansion\gesturehandler\core\HoverGestureHandler$Factory.class
Sources:
D:\aarambh\frontend\node_modules\react-native-gesture-handler\android\src\main\java\com\swmansion\gesturehandler\core\HoverGestureHandler.kt
2026-08-14 11:36:04.927 [daemon] INFO: Message: output: output:
D:\aarambh\frontend\node_modules\react-native-gesture-handler\android\build\tmp\kotlin-classes\release\com\swmansion\gesturehandler\core\HoverGestureHandler$Companion.class
Sources:
D:\aarambh\frontend\node_modules\react-native-gesture-handler\android\src\main\java\com\swmansion\gesturehandler\core\HoverGestureHandler.kt
2026-08-14 11:36:04.928 [daemon] INFO: Message: output: output:
D:\aarambh\frontend\node_modules\react-native-gesture-handler\android\build\tmp\kotlin-classes\release\com\swmansion\gesturehandler\core\LongPressGestureHandler.class
Sources:
D:\aarambh\frontend\node_modules\react-native-gesture-handler\android\src\main\java\com\swmansion\gesturehandler\core\LongPressGestureHandler.kt
2026-08-14 11:36:04.929 [daemon] INFO: Message: output: output:
D:\aarambh\frontend\node_modules\react-native-gesture-handler\android\build\tmp\kotlin-classes\release\com\swmansion\gesturehandler\core\LongPressGestureHandler$Factory.class
Sources:
D:\aarambh\frontend\node_modules\react-native-gesture-handler\android\src\main\java\com\swmansion\gesturehandler\core\LongPressGestureHandler.kt
2026-08-14 11:36:04.930 [daemon] INFO: Message: output: output:
D:\aarambh\frontend\node_modules\react-native-gesture-handler\android\build\tmp\kotlin-classes\release\com\swmansion\gesturehandler\core\LongPressGestureHandler$Factory$Companion.class
Sources:
D:\aarambh\frontend\node_modules\react-native-gesture-handler\android\src\main\java\com\swmansion\gesturehandler\core\LongPressGestureHandler.kt
2026-08-14 11:36:04.930 [daemon] INFO: Message: output: output:
D:\aarambh\frontend\node_modules\react-native-gesture-handler\android\build\tmp\kotlin-classes\release\com\swmansion\gesturehandler\core\LongPressGestureHandler$Companion.class
Sources:
D:\aarambh\frontend\node_modules\react-native-gesture-handler\android\src\main\java\com\swmansion\gesturehandler\core\LongPressGestureHandler.kt
2026-08-14 11:36:04.931 [daemon] INFO: Message: output: output:
D:\aarambh\frontend\node_modules\react-native-gesture-handler\android\build\tmp\kotlin-classes\release\com\swmansion\gesturehandler\core\ManualGestureHandler.class
Sources:
D:\aarambh\frontend\node_modules\react-native-gesture-handler\android\src\main\java\com\swmansion\gesturehandler\core\ManualGestureHandler.kt
2026-08-14 11:36:04.932 [daemon] INFO: Message: output: output:
D:\aarambh\frontend\node_modules\react-native-gesture-handler\android\build\tmp\kotlin-classes\release\com\swmansion\gesturehandler\core\ManualGestureHandler$Factory.class
Sources:
D:\aarambh\frontend\node_modules\react-native-gesture-handler\android\src\main\java\com\swmansion\gesturehandler\core\ManualGestureHandler.kt
2026-08-14 11:36:04.933 [daemon] INFO: Message: output: output:
D:\aarambh\frontend\node_modules\react-native-gesture-handler\android\build\tmp\kotlin-classes\release\com\swmansion\gesturehandler\core\NativeViewGestureHandler.class
Sources:
D:\aarambh\frontend\node_modules\react-native-gesture-handler\android\src\main\java\com\swmansion\gesturehandler\core\NativeViewGestureHandler.kt
2026-08-14 11:36:04.934 [daemon] INFO: Message: output: output:
D:\aarambh\frontend\node_modules\react-native-gesture-handler\android\build\tmp\kotlin-classes\release\com\swmansion\gesturehandler\core\NativeViewGestureHandler$Companion$defaultHook$1.class
Sources:
D:\aarambh\frontend\node_modules\react-native-gesture-handler\android\src\main\java\com\swmansion\gesturehandler\core\NativeViewGestureHandler.kt
2026-08-14 11:36:04.934 [daemon] INFO: Message: output: output:
D:\aarambh\frontend\node_modules\react-native-gesture-handler\android\build\tmp\kotlin-classes\release\com\swmansion\gesturehandler\core\NativeViewGestureHandler$Factory.class
Sources:
D:\aarambh\frontend\node_modules\react-native-gesture-handler\android\src\main\java\com\swmansion\gesturehandler\core\NativeViewGestureHandler.kt
2026-08-14 11:36:04.935 [daemon] INFO: Message: output: output:
D:\aarambh\frontend\node_modules\react-native-gesture-handler\android\build\tmp\kotlin-classes\release\com\swmansion\gesturehandler\core\NativeViewGestureHandler$Factory$Companion.class
Sources:
D:\aarambh\frontend\node_modules\react-native-gesture-handler\android\src\main\java\com\swmansion\gesturehandler\core\NativeViewGestureHandler.kt
2026-08-14 11:36:04.935 [daemon] INFO: Message: output: output:
D:\aarambh\frontend\node_modules\react-native-gesture-handler\android\build\tmp\kotlin-classes\release\com\swmansion\gesturehandler\core\NativeViewGestureHandler$Companion.class
Sources:
D:\aarambh\frontend\node_modules\react-native-gesture-handler\android\src\main\java\com\swmansion\gesturehandler\core\NativeViewGestureHandler.kt
2026-08-14 11:36:04.936 [daemon] INFO: Message: output: output:
D:\aarambh\frontend\node_modules\react-native-gesture-handler\android\build\tmp\kotlin-classes\release\com\swmansion\gesturehandler\core\NativeViewGestureHandler$NativeViewGestureHandlerHook.class
Sources:
D:\aarambh\frontend\node_modules\react-native-gesture-handler\android\src\main\java\com\swmansion\gesturehandler\core\NativeViewGestureHandler.kt
2026-08-14 11:36:04.937 [daemon] INFO: Message: output: output:
D:\aarambh\frontend\node_modules\react-native-gesture-handler\android\build\tmp\kotlin-classes\release\com\swmansion\gesturehandler\core\NativeViewGestureHandler$NativeViewGestureHandlerHook$DefaultImpls.class
Sources:
D:\aarambh\frontend\node_modules\react-native-gesture-handler\android\src\main\java\com\swmansion\gesturehandler\core\NativeViewGestureHandler.kt
2026-08-14 11:36:04.937 [daemon] INFO: Message: output: output:
D:\aarambh\frontend\node_modules\react-native-gesture-handler\android\build\tmp\kotlin-classes\release\com\swmansion\gesturehandler\core\NativeViewGestureHandler$TextViewHook.class
Sources:
D:\aarambh\frontend\node_modules\react-native-gesture-handler\android\src\main\java\com\swmansion\gesturehandler\core\NativeViewGestureHandler.kt
2026-08-14 11:36:04.939 [daemon] INFO: Message: output: output:
D:\aarambh\frontend\node_modules\react-native-gesture-handler\android\build\tmp\kotlin-classes\release\com\swmansion\gesturehandler\core\NativeViewGestureHandler$EditTextHook.class
Sources:
D:\aarambh\frontend\node_modules\react-native-gesture-handler\android\src\main\java\com\swmansion\gesturehandler\core\NativeViewGestureHandler.kt
2026-08-14 11:36:04.939 [daemon] INFO: Message: output: output:
D:\aarambh\frontend\node_modules\react-native-gesture-handler\android\build\tmp\kotlin-classes\release\com\swmansion\gesturehandler\core\NativeViewGestureHandler$SwipeRefreshLayoutHook.class
Sources:
D:\aarambh\frontend\node_modules\react-native-gesture-handler\android\src\main\java\com\swmansion\gesturehandler\core\NativeViewGestureHandler.kt
2026-08-14 11:36:04.943 [daemon] INFO: Message: output: output:
D:\aarambh\frontend\node_modules\react-native-gesture-handler\android\build\tmp\kotlin-classes\release\com\swmansion\gesturehandler\core\NativeViewGestureHandler$ScrollViewHook.class
Sources:
D:\aarambh\frontend\node_modules\react-native-gesture-handler\android\src\main\java\com\swmansion\gesturehandler\core\NativeViewGestureHandler.kt
2026-08-14 11:36:04.946 [daemon] INFO: Message: output: output:
D:\aarambh\frontend\node_modules\react-native-gesture-handler\android\build\tmp\kotlin-classes\release\com\swmansion\gesturehandler\core\NativeViewGestureHandler$ReactViewGroupHook.class
Sources:
D:\aarambh\frontend\node_modules\react-native-gesture-handler\android\src\main\java\com\swmansion\gesturehandler\core\NativeViewGestureHandler.kt
2026-08-14 11:36:04.947 [daemon] INFO: Message: output: output:
D:\aarambh\frontend\node_modules\react-native-gesture-handler\android\build\tmp\kotlin-classes\release\com\swmansion\gesturehandler\core\OnTouchEventListener.class
Sources:
D:\aarambh\frontend\node_modules\react-native-gesture-handler\android\src\main\java\com\swmansion\gesturehandler\core\OnTouchEventListener.kt
2026-08-14 11:36:04.947 [daemon] INFO: Message: output: output:
D:\aarambh\frontend\node_modules\react-native-gesture-handler\android\build\tmp\kotlin-classes\release\com\swmansion\gesturehandler\core\PanGestureHandler.class
Sources:
D:\aarambh\frontend\node_modules\react-native-gesture-handler\android\src\main\java\com\swmansion\gesturehandler\core\PanGestureHandler.kt
2026-08-14 11:36:04.948 [daemon] INFO: Message: output: output:
D:\aarambh\frontend\node_modules\react-native-gesture-handler\android\build\tmp\kotlin-classes\release\com\swmansion\gesturehandler\core\PanGestureHandler$Factory.class
Sources:
D:\aarambh\frontend\node_modules\react-native-gesture-handler\android\src\main\java\com\swmansion\gesturehandler\core\PanGestureHandler.kt
2026-08-14 11:36:04.950 [daemon] INFO: Message: output: output:
D:\aarambh\frontend\node_modules\react-native-gesture-handler\android\build\tmp\kotlin-classes\release\com\swmansion\gesturehandler\core\PanGestureHandler$Factory$Companion.class
Sources:
D:\aarambh\frontend\node_modules\react-native-gesture-handler\android\src\main\java\com\swmansion\gesturehandler\core\PanGestureHandler.kt
2026-08-14 11:36:04.950 [daemon] INFO: Message: output: output:
D:\aarambh\frontend\node_modules\react-native-gesture-handler\android\build\tmp\kotlin-classes\release\com\swmansion\gesturehandler\core\PanGestureHandler$Companion.class
Sources:
D:\aarambh\frontend\node_modules\react-native-gesture-handler\android\src\main\java\com\swmansion\gesturehandler\core\PanGestureHandler.kt
2026-08-14 11:36:04.951 [daemon] INFO: Message: output: output:
D:\aarambh\frontend\node_modules\react-native-gesture-handler\android\build\tmp\kotlin-classes\release\com\swmansion\gesturehandler\core\PinchGestureHandler.class
Sources:
D:\aarambh\frontend\node_modules\react-native-gesture-handler\android\src\main\java\com\swmansion\gesturehandler\core\PinchGestureHandler.kt
2026-08-14 11:36:04.951 [daemon] INFO: Message: output: output:
D:\aarambh\frontend\node_modules\react-native-gesture-handler\android\build\tmp\kotlin-classes\release\com\swmansion\gesturehandler\core\PinchGestureHandler$Factory.class
Sources:
D:\aarambh\frontend\node_modules\react-native-gesture-handler\android\src\main\java\com\swmansion\gesturehandler\core\PinchGestureHandler.kt
2026-08-14 11:36:04.952 [daemon] INFO: Message: output: output:
D:\aarambh\frontend\node_modules\react-native-gesture-handler\android\build\tmp\kotlin-classes\release\com\swmansion\gesturehandler\core\PinchGestureHandler$gestureListener$1.class
Sources:
D:\aarambh\frontend\node_modules\react-native-gesture-handler\android\src\main\java\com\swmansion\gesturehandler\core\PinchGestureHandler.kt
2026-08-14 11:36:04.953 [daemon] INFO: Message: output: output:
D:\aarambh\frontend\node_modules\react-native-gesture-handler\android\build\tmp\kotlin-classes\release\com\swmansion\gesturehandler\core\PointerEventsConfig.class
Sources:
D:\aarambh\frontend\node_modules\react-native-gesture-handler\android\src\main\java\com\swmansion\gesturehandler\core\PointerEventsConfig.kt
2026-08-14 11:36:04.953 [daemon] INFO: Message: output: output:
D:\aarambh\frontend\node_modules\react-native-gesture-handler\android\build\tmp\kotlin-classes\release\com\swmansion\gesturehandler\core\RotationGestureDetector.class
Sources:
D:\aarambh\frontend\node_modules\react-native-gesture-handler\android\src\main\java\com\swmansion\gesturehandler\core\RotationGestureDetector.kt
2026-08-14 11:36:04.954 [daemon] INFO: Message: output: output:
D:\aarambh\frontend\node_modules\react-native-gesture-handler\android\build\tmp\kotlin-classes\release\com\swmansion\gesturehandler\core\RotationGestureDetector$OnRotationGestureListener.class
Sources:
D:\aarambh\frontend\node_modules\react-native-gesture-handler\android\src\main\java\com\swmansion\gesturehandler\core\RotationGestureDetector.kt
2026-08-14 11:36:04.955 [daemon] INFO: Message: output: output:
D:\aarambh\frontend\node_modules\react-native-gesture-handler\android\build\tmp\kotlin-classes\release\com\swmansion\gesturehandler\core\RotationGestureHandler.class
Sources:
D:\aarambh\frontend\node_modules\react-native-gesture-handler\android\src\main\java\com\swmansion\gesturehandler\core\RotationGestureHandler.kt
2026-08-14 11:36:04.956 [daemon] INFO: Message: output: output:
D:\aarambh\frontend\node_modules\react-native-gesture-handler\android\build\tmp\kotlin-classes\release\com\swmansion\gesturehandler\core\RotationGestureHandler$Factory.class
Sources:
D:\aarambh\frontend\node_modules\react-native-gesture-handler\android\src\main\java\com\swmansion\gesturehandler\core\RotationGestureHandler.kt
2026-08-14 11:36:04.959 [daemon] INFO: Message: output: output:
D:\aarambh\frontend\node_modules\react-native-gesture-handler\android\build\tmp\kotlin-classes\release\com\swmansion\gesturehandler\core\RotationGestureHandler$Companion.class
Sources:
D:\aarambh\frontend\node_modules\react-native-gesture-handler\android\src\main\java\com\swmansion\gesturehandler\core\RotationGestureHandler.kt
2026-08-14 11:36:04.960 [daemon] INFO: Message: output: output:
D:\aarambh\frontend\node_modules\react-native-gesture-handler\android\build\tmp\kotlin-classes\release\com\swmansion\gesturehandler\core\RotationGestureHandler$gestureListener$1.class
Sources:
D:\aarambh\frontend\node_modules\react-native-gesture-handler\android\src\main\java\com\swmansion\gesturehandler\core\RotationGestureHandler.kt
2026-08-14 11:36:04.961 [daemon] INFO: Message: output: output:
D:\aarambh\frontend\node_modules\react-native-gesture-handler\android\build\tmp\kotlin-classes\release\com\swmansion\gesturehandler\core\StylusData.class
Sources:
D:\aarambh\frontend\node_modules\react-native-gesture-handler\android\src\main\java\com\swmansion\gesturehandler\core\StylusData.kt
2026-08-14 11:36:04.962 [daemon] INFO: Message: output: output:
D:\aarambh\frontend\node_modules\react-native-gesture-handler\android\build\tmp\kotlin-classes\release\com\swmansion\gesturehandler\core\StylusData$Companion.class
Sources:
D:\aarambh\frontend\node_modules\react-native-gesture-handler\android\src\main\java\com\swmansion\gesturehandler\core\StylusData.kt
2026-08-14 11:36:04.964 [daemon] INFO: Message: output: output:
D:\aarambh\frontend\node_modules\react-native-gesture-handler\android\build\tmp\kotlin-classes\release\com\swmansion\gesturehandler\core\TapGestureHandler.class
Sources:
D:\aarambh\frontend\node_modules\react-native-gesture-handler\android\src\main\java\com\swmansion\gesturehandler\core\TapGestureHandler.kt
2026-08-14 11:36:04.965 [daemon] INFO: Message: output: output:
D:\aarambh\frontend\node_modules\react-native-gesture-handler\android\build\tmp\kotlin-classes\release\com\swmansion\gesturehandler\core\TapGestureHandler$Factory.class
Sources:
D:\aarambh\frontend\node_modules\react-native-gesture-handler\android\src\main\java\com\swmansion\gesturehandler\core\TapGestureHandler.kt
2026-08-14 11:36:04.966 [daemon] INFO: Message: output: output:
D:\aarambh\frontend\node_modules\react-native-gesture-handler\android\build\tmp\kotlin-classes\release\com\swmansion\gesturehandler\core\TapGestureHandler$Factory$Companion.class
Sources:
D:\aarambh\frontend\node_modules\react-native-gesture-handler\android\src\main\java\com\swmansion\gesturehandler\core\TapGestureHandler.kt
2026-08-14 11:36:04.967 [daemon] INFO: Message: output: output:
D:\aarambh\frontend\node_modules\react-native-gesture-handler\android\build\tmp\kotlin-classes\release\com\swmansion\gesturehandler\core\TapGestureHandler$Companion.class
Sources:
D:\aarambh\frontend\node_modules\react-native-gesture-handler\android\src\main\java\com\swmansion\gesturehandler\core\TapGestureHandler.kt
2026-08-14 11:36:04.968 [daemon] INFO: Message: output: output:
D:\aarambh\frontend\node_modules\react-native-gesture-handler\android\build\tmp\kotlin-classes\release\com\swmansion\gesturehandler\core\Vector.class
Sources:
D:\aarambh\frontend\node_modules\react-native-gesture-handler\android\src\main\java\com\swmansion\gesturehandler\core\Vector.kt
2026-08-14 11:36:04.968 [daemon] INFO: Message: output: output:
D:\aarambh\frontend\node_modules\react-native-gesture-handler\android\build\tmp\kotlin-classes\release\com\swmansion\gesturehandler\core\Vector$Companion.class
Sources:
D:\aarambh\frontend\node_modules\react-native-gesture-handler\android\src\main\java\com\swmansion\gesturehandler\core\Vector.kt
2026-08-14 11:36:04.969 [daemon] INFO: Message: output: output:
D:\aarambh\frontend\node_modules\react-native-gesture-handler\android\build\tmp\kotlin-classes\release\com\swmansion\gesturehandler\core\ViewConfigurationHelper.class
Sources:
D:\aarambh\frontend\node_modules\react-native-gesture-handler\android\src\main\java\com\swmansion\gesturehandler\core\ViewConfigurationHelper.kt
2026-08-14 11:36:04.969 [daemon] INFO: Message: output: output:
D:\aarambh\frontend\node_modules\react-native-gesture-handler\android\build\tmp\kotlin-classes\release\com\swmansion\gesturehandler\react\ExtensionsKt.class
Sources:
D:\aarambh\frontend\node_modules\react-native-gesture-handler\android\src\main\java\com\swmansion\gesturehandler\react\Extensions.kt
2026-08-14 11:36:04.970 [daemon] INFO: Message: output: output:
D:\aarambh\frontend\node_modules\react-native-gesture-handler\android\build\tmp\kotlin-classes\release\com\swmansion\gesturehandler\react\RNGestureHandlerButtonViewManager.class
Sources:
D:\aarambh\frontend\node_modules\react-native-gesture-handler\android\src\main\java\com\swmansion\gesturehandler\react\RNGestureHandlerButtonViewManager.kt
2026-08-14 11:36:04.971 [daemon] INFO: Message: output: output:
D:\aarambh\frontend\node_modules\react-native-gesture-handler\android\build\tmp\kotlin-classes\release\com\swmansion\gesturehandler\react\RNGestureHandlerButtonViewManager$ButtonViewGroup.class
Sources:
D:\aarambh\frontend\node_modules\react-native-gesture-handler\android\src\main\java\com\swmansion\gesturehandler\react\RNGestureHandlerButtonViewManager.kt
2026-08-14 11:36:04.972 [daemon] INFO: Message: output: output:
D:\aarambh\frontend\node_modules\react-native-gesture-handler\android\build\tmp\kotlin-classes\release\com\swmansion\gesturehandler\react\RNGestureHandlerButtonViewManager$ButtonViewGroup$Companion.class
Sources:
D:\aarambh\frontend\node_modules\react-native-gesture-handler\android\src\main\java\com\swmansion\gesturehandler\react\RNGestureHandlerButtonViewManager.kt
2026-08-14 11:36:04.972 [daemon] INFO: Message: output: output:
D:\aarambh\frontend\node_modules\react-native-gesture-handler\android\build\tmp\kotlin-classes\release\com\swmansion\gesturehandler\react\RNGestureHandlerButtonViewManager$Companion.class
Sources:
D:\aarambh\frontend\node_modules\react-native-gesture-handler\android\src\main\java\com\swmansion\gesturehandler\react\RNGestureHandlerButtonViewManager.kt
2026-08-14 11:36:04.976 [daemon] INFO: Message: output: output:
D:\aarambh\frontend\node_modules\react-native-gesture-handler\android\build\tmp\kotlin-classes\release\com\swmansion\gesturehandler\react\RNGestureHandlerEnabledRootView.class
Sources:
D:\aarambh\frontend\node_modules\react-native-gesture-handler\android\src\main\java\com\swmansion\gesturehandler\react\RNGestureHandlerEnabledRootView.kt
2026-08-14 11:36:04.977 [daemon] INFO: Message: output: output:
D:\aarambh\frontend\node_modules\react-native-gesture-handler\android\build\tmp\kotlin-classes\release\com\swmansion\gesturehandler\react\RNGestureHandlerEvent.class
Sources:
D:\aarambh\frontend\node_modules\react-native-gesture-handler\android\src\main\java\com\swmansion\gesturehandler\react\RNGestureHandlerEvent.kt
2026-08-14 11:36:04.977 [daemon] INFO: Message: output: output:
D:\aarambh\frontend\node_modules\react-native-gesture-handler\android\build\tmp\kotlin-classes\release\com\swmansion\gesturehandler\react\RNGestureHandlerEvent$Companion.class
Sources:
D:\aarambh\frontend\node_modules\react-native-gesture-handler\android\src\main\java\com\swmansion\gesturehandler\react\RNGestureHandlerEvent.kt
2026-08-14 11:36:04.979 [daemon] INFO: Message: output: output:
D:\aarambh\frontend\node_modules\react-native-gesture-handler\android\build\tmp\kotlin-classes\release\com\swmansion\gesturehandler\react\RNGestureHandlerEventDispatcher.class
Sources:
D:\aarambh\frontend\node_modules\react-native-gesture-handler\android\src\main\java\com\swmansion\gesturehandler\react\RNGestureHandlerEventDispatcher.kt
2026-08-14 11:36:04.980 [daemon] INFO: Message: output: output:
D:\aarambh\frontend\node_modules\react-native-gesture-handler\android\build\tmp\kotlin-classes\release\com\swmansion\gesturehandler\react\RNGestureHandlerFactoryUtil.class
Sources:
D:\aarambh\frontend\node_modules\react-native-gesture-handler\android\src\main\java\com\swmansion\gesturehandler\react\RNGestureHandlerFactoryUtil.kt
2026-08-14 11:36:04.981 [daemon] INFO: Message: output: output:
D:\aarambh\frontend\node_modules\react-native-gesture-handler\android\build\tmp\kotlin-classes\release\com\swmansion\gesturehandler\react\RNGestureHandlerInteractionManager.class
Sources:
D:\aarambh\frontend\node_modules\react-native-gesture-handler\android\src\main\java\com\swmansion\gesturehandler\react\RNGestureHandlerInteractionManager.kt
2026-08-14 11:36:04.981 [daemon] INFO: Message: output: output:
D:\aarambh\frontend\node_modules\react-native-gesture-handler\android\build\tmp\kotlin-classes\release\com\swmansion\gesturehandler\react\RNGestureHandlerInteractionManager$Companion.class
Sources:
D:\aarambh\frontend\node_modules\react-native-gesture-handler\android\src\main\java\com\swmansion\gesturehandler\react\RNGestureHandlerInteractionManager.kt
2026-08-14 11:36:04.982 [daemon] INFO: Message: output: output:
D:\aarambh\frontend\node_modules\react-native-gesture-handler\android\build\tmp\kotlin-classes\release\com\swmansion\gesturehandler\react\RNGestureHandlerModule.class
Sources:
D:\aarambh\frontend\node_modules\react-native-gesture-handler\android\src\main\java\com\swmansion\gesturehandler\react\RNGestureHandlerModule.kt
2026-08-14 11:36:04.982 [daemon] INFO: Message: output: output:
D:\aarambh\frontend\node_modules\react-native-gesture-handler\android\build\tmp\kotlin-classes\release\com\swmansion\gesturehandler\react\RNGestureHandlerModule$Companion.class
Sources:
D:\aarambh\frontend\node_modules\react-native-gesture-handler\android\src\main\java\com\swmansion\gesturehandler\react\RNGestureHandlerModule.kt
2026-08-14 11:36:04.983 [daemon] INFO: Message: output: output:
D:\aarambh\frontend\node_modules\react-native-gesture-handler\android\build\tmp\kotlin-classes\release\com\swmansion\gesturehandler\react\RNGestureHandlerRegistry.class
Sources:
D:\aarambh\frontend\node_modules\react-native-gesture-handler\android\src\main\java\com\swmansion\gesturehandler\react\RNGestureHandlerRegistry.kt
2026-08-14 11:36:04.983 [daemon] INFO: Message: output: output:
D:\aarambh\frontend\node_modules\react-native-gesture-handler\android\build\tmp\kotlin-classes\release\com\swmansion\gesturehandler\react\RNGestureHandlerRootHelper.class
Sources:
D:\aarambh\frontend\node_modules\react-native-gesture-handler\android\src\main\java\com\swmansion\gesturehandler\react\RNGestureHandlerRootHelper.kt
2026-08-14 11:36:04.984 [daemon] INFO: Message: output: output:
D:\aarambh\frontend\node_modules\react-native-gesture-handler\android\build\tmp\kotlin-classes\release\com\swmansion\gesturehandler\react\RNGestureHandlerRootHelper$RootViewGestureHandler.class
Sources:
D:\aarambh\frontend\node_modules\react-native-gesture-handler\android\src\main\java\com\swmansion\gesturehandler\react\RNGestureHandlerRootHelper.kt
2026-08-14 11:36:04.985 [daemon] INFO: Message: output: output:
D:\aarambh\frontend\node_modules\react-native-gesture-handler\android\build\tmp\kotlin-classes\release\com\swmansion\gesturehandler\react\RNGestureHandlerRootHelper$Companion.class
Sources:
D:\aarambh\frontend\node_modules\react-native-gesture-handler\android\src\main\java\com\swmansion\gesturehandler\react\RNGestureHandlerRootHelper.kt
2026-08-14 11:36:04.985 [daemon] INFO: Message: output: output:
D:\aarambh\frontend\node_modules\react-native-gesture-handler\android\build\tmp\kotlin-classes\release\com\swmansion\gesturehandler\react\RNGestureHandlerRootInterface.class
Sources:
D:\aarambh\frontend\node_modules\react-native-gesture-handler\android\src\main\java\com\swmansion\gesturehandler\react\RNGestureHandlerRootInterface.kt
2026-08-14 11:36:04.985 [daemon] INFO: Message: output: output:
D:\aarambh\frontend\node_modules\react-native-gesture-handler\android\build\tmp\kotlin-classes\release\com\swmansion\gesturehandler\react\RNGestureHandlerRootView.class
Sources:
D:\aarambh\frontend\node_modules\react-native-gesture-handler\android\src\main\java\com\swmansion\gesturehandler\react\RNGestureHandlerRootView.kt
2026-08-14 11:36:04.986 [daemon] INFO: Message: output: output:
D:\aarambh\frontend\node_modules\react-native-gesture-handler\android\build\tmp\kotlin-classes\release\com\swmansion\gesturehandler\react\RNGestureHandlerRootView$Companion.class
Sources:
D:\aarambh\frontend\node_modules\react-native-gesture-handler\android\src\main\java\com\swmansion\gesturehandler\react\RNGestureHandlerRootView.kt
2026-08-14 11:36:04.987 [daemon] INFO: Message: output: output:
D:\aarambh\frontend\node_modules\react-native-gesture-handler\android\build\tmp\kotlin-classes\release\com\swmansion\gesturehandler\react\RNGestureHandlerRootViewManager.class
Sources:
D:\aarambh\frontend\node_modules\react-native-gesture-handler\android\src\main\java\com\swmansion\gesturehandler\react\RNGestureHandlerRootViewManager.kt
2026-08-14 11:36:04.987 [daemon] INFO: Message: output: output:
D:\aarambh\frontend\node_modules\react-native-gesture-handler\android\build\tmp\kotlin-classes\release\com\swmansion\gesturehandler\react\RNGestureHandlerRootViewManager$Companion.class
Sources:
D:\aarambh\frontend\node_modules\react-native-gesture-handler\android\src\main\java\com\swmansion\gesturehandler\react\RNGestureHandlerRootViewManager.kt
2026-08-14 11:36:04.988 [daemon] INFO: Message: output: output:
D:\aarambh\frontend\node_modules\react-native-gesture-handler\android\build\tmp\kotlin-classes\release\com\swmansion\gesturehandler\react\RNGestureHandlerStateChangeEvent.class
Sources:
D:\aarambh\frontend\node_modules\react-native-gesture-handler\android\src\main\java\com\swmansion\gesturehandler\react\RNGestureHandlerStateChangeEvent.kt
2026-08-14 11:36:04.989 [daemon] INFO: Message: output: output:
D:\aarambh\frontend\node_modules\react-native-gesture-handler\android\build\tmp\kotlin-classes\release\com\swmansion\gesturehandler\react\RNGestureHandlerStateChangeEvent$Companion.class
Sources:
D:\aarambh\frontend\node_modules\react-native-gesture-handler\android\src\main\java\com\swmansion\gesturehandler\react\RNGestureHandlerStateChangeEvent.kt
2026-08-14 11:36:04.989 [daemon] INFO: Message: output: output:
D:\aarambh\frontend\node_modules\react-native-gesture-handler\android\build\tmp\kotlin-classes\release\com\swmansion\gesturehandler\react\RNGestureHandlerTouchEvent.class
Sources:
D:\aarambh\frontend\node_modules\react-native-gesture-handler\android\src\main\java\com\swmansion\gesturehandler\react\RNGestureHandlerTouchEvent.kt
2026-08-14 11:36:04.993 [daemon] INFO: Message: output: output:
D:\aarambh\frontend\node_modules\react-native-gesture-handler\android\build\tmp\kotlin-classes\release\com\swmansion\gesturehandler\react\RNGestureHandlerTouchEvent$Companion.class
Sources:
D:\aarambh\frontend\node_modules\react-native-gesture-handler\android\src\main\java\com\swmansion\gesturehandler\react\RNGestureHandlerTouchEvent.kt
2026-08-14 11:36:04.994 [daemon] INFO: Message: output: output:
D:\aarambh\frontend\node_modules\react-native-gesture-handler\android\build\tmp\kotlin-classes\release\com\swmansion\gesturehandler\react\RNViewConfigurationHelper.class
Sources:
D:\aarambh\frontend\node_modules\react-native-gesture-handler\android\src\main\java\com\swmansion\gesturehandler\react\RNViewConfigurationHelper.kt
2026-08-14 11:36:04.995 [daemon] INFO: Message: output: output:
D:\aarambh\frontend\node_modules\react-native-gesture-handler\android\build\tmp\kotlin-classes\release\com\swmansion\gesturehandler\react\RNViewConfigurationHelper$WhenMappings.class
Sources:
D:\aarambh\frontend\node_modules\react-native-gesture-handler\android\src\main\java\com\swmansion\gesturehandler\react\RNViewConfigurationHelper.kt
2026-08-14 11:36:04.996 [daemon] INFO: Message: output: output:
D:\aarambh\frontend\node_modules\react-native-gesture-handler\android\build\tmp\kotlin-classes\release\com\swmansion\gesturehandler\react\eventbuilders\FlingGestureHandlerEventDataBuilder.class
Sources:
D:\aarambh\frontend\node_modules\react-native-gesture-handler\android\src\main\java\com\swmansion\gesturehandler\react\eventbuilders\FlingGestureHandlerEventDataBuilder.kt
2026-08-14 11:36:04.997 [daemon] INFO: Message: output: output:
D:\aarambh\frontend\node_modules\react-native-gesture-handler\android\build\tmp\kotlin-classes\release\com\swmansion\gesturehandler\react\eventbuilders\GestureHandlerEventDataBuilder.class
Sources:
D:\aarambh\frontend\node_modules\react-native-gesture-handler\android\src\main\java\com\swmansion\gesturehandler\react\eventbuilders\GestureHandlerEventDataBuilder.kt
2026-08-14 11:36:04.997 [daemon] INFO: Message: output: output:
D:\aarambh\frontend\node_modules\react-native-gesture-handler\android\build\tmp\kotlin-classes\release\com\swmansion\gesturehandler\react\eventbuilders\HoverGestureHandlerEventDataBuilder.class
Sources:
D:\aarambh\frontend\node_modules\react-native-gesture-handler\android\src\main\java\com\swmansion\gesturehandler\react\eventbuilders\HoverGestureHandlerEventDataBuilder.kt
2026-08-14 11:36:04.998 [daemon] INFO: Message: output: output:
D:\aarambh\frontend\node_modules\react-native-gesture-handler\android\build\tmp\kotlin-classes\release\com\swmansion\gesturehandler\react\eventbuilders\LongPressGestureHandlerEventDataBuilder.class
Sources:
D:\aarambh\frontend\node_modules\react-native-gesture-handler\android\src\main\java\com\swmansion\gesturehandler\react\eventbuilders\LongPressGestureHandlerEventDataBuilder.kt
2026-08-14 11:36:04.998 [daemon] INFO: Message: output: output:
D:\aarambh\frontend\node_modules\react-native-gesture-handler\android\build\tmp\kotlin-classes\release\com\swmansion\gesturehandler\react\eventbuilders\ManualGestureHandlerEventDataBuilder.class
Sources:
D:\aarambh\frontend\node_modules\react-native-gesture-handler\android\src\main\java\com\swmansion\gesturehandler\react\eventbuilders\ManualGestureHandlerEventDataBuilder.kt
2026-08-14 11:36:04.999 [daemon] INFO: Message: output: output:
D:\aarambh\frontend\node_modules\react-native-gesture-handler\android\build\tmp\kotlin-classes\release\com\swmansion\gesturehandler\react\eventbuilders\NativeGestureHandlerEventDataBuilder.class
Sources:
D:\aarambh\frontend\node_modules\react-native-gesture-handler\android\src\main\java\com\swmansion\gesturehandler\react\eventbuilders\NativeGestureHandlerEventDataBuilder.kt
2026-08-14 11:36:05.000 [daemon] INFO: Message: output: output:
D:\aarambh\frontend\node_modules\react-native-gesture-handler\android\build\tmp\kotlin-classes\release\com\swmansion\gesturehandler\react\eventbuilders\PanGestureHandlerEventDataBuilder.class
Sources:
D:\aarambh\frontend\node_modules\react-native-gesture-handler\android\src\main\java\com\swmansion\gesturehandler\react\eventbuilders\PanGestureHandlerEventDataBuilder.kt
2026-08-14 11:36:05.000 [daemon] INFO: Message: output: output:
D:\aarambh\frontend\node_modules\react-native-gesture-handler\android\build\tmp\kotlin-classes\release\com\swmansion\gesturehandler\react\eventbuilders\PinchGestureHandlerEventDataBuilder.class
Sources:
D:\aarambh\frontend\node_modules\react-native-gesture-handler\android\src\main\java\com\swmansion\gesturehandler\react\eventbuilders\PinchGestureHandlerEventDataBuilder.kt
2026-08-14 11:36:05.001 [daemon] INFO: Message: output: output:
D:\aarambh\frontend\node_modules\react-native-gesture-handler\android\build\tmp\kotlin-classes\release\com\swmansion\gesturehandler\react\eventbuilders\RotationGestureHandlerEventDataBuilder.class
Sources:
D:\aarambh\frontend\node_modules\react-native-gesture-handler\android\src\main\java\com\swmansion\gesturehandler\react\eventbuilders\RotationGestureHandlerEventDataBuilder.kt
2026-08-14 11:36:05.002 [daemon] INFO: Message: output: output:
D:\aarambh\frontend\node_modules\react-native-gesture-handler\android\build\tmp\kotlin-classes\release\com\swmansion\gesturehandler\react\eventbuilders\TapGestureHandlerEventDataBuilder.class
Sources:
D:\aarambh\frontend\node_modules\react-native-gesture-handler\android\src\main\java\com\swmansion\gesturehandler\react\eventbuilders\TapGestureHandlerEventDataBuilder.kt
2026-08-14 11:36:05.002 [daemon] INFO: Message: output: output:
D:\aarambh\frontend\node_modules\react-native-gesture-handler\android\build\tmp\kotlin-classes\release\com\swmansion\gesturehandler\RNSVGHitTester.class
Sources:
D:\aarambh\frontend\node_modules\react-native-gesture-handler\android\svg\src\main\java\com\swmansion\gesturehandler\RNSVGHitTester.kt
2026-08-14 11:36:05.003 [daemon] INFO: Message: output: output:
D:\aarambh\frontend\node_modules\react-native-gesture-handler\android\build\tmp\kotlin-classes\release\com\swmansion\gesturehandler\RNSVGHitTester$Companion.class
Sources:
D:\aarambh\frontend\node_modules\react-native-gesture-handler\android\svg\src\main\java\com\swmansion\gesturehandler\RNSVGHitTester.kt
2026-08-14 11:36:05.004 [daemon] INFO: Message: output: output:
D:\aarambh\frontend\node_modules\react-native-gesture-handler\android\build\tmp\kotlin-classes\release\META-INF\react-native-gesture-handler_release.kotlin_module
Sources:
D:\aarambh\frontend\node_modules\react-native-gesture-handler\android\src\main\java\com\swmansion\gesturehandler\react\RNGestureHandlerRootView.kt
D:\aarambh\frontend\node_modules\react-native-gesture-handler\android\src\main\java\com\swmansion\gesturehandler\core\GestureHandlerOrchestrator.kt
D:\aarambh\frontend\node_modules\react-native-gesture-handler\android\src\main\java\com\swmansion\gesturehandler\react\eventbuilders\TapGestureHandlerEventDataBuilder.kt
D:\aarambh\frontend\node_modules\react-native-gesture-handler\android\src\main\java\com\swmansion\gesturehandler\react\RNGestureHandlerEnabledRootView.kt
D:\aarambh\frontend\node_modules\react-native-gesture-handler\android\fabric\src\main\java\com\swmansion\gesturehandler\ReactContextExtensions.kt
D:\aarambh\frontend\node_modules\react-native-gesture-handler\android\src\main\java\com\swmansion\gesturehandler\react\RNGestureHandlerRootHelper.kt
D:\aarambh\frontend\node_modules\react-native-gesture-handler\android\src\main\java\com\swmansion\gesturehandler\react\RNGestureHandlerEventDispatcher.kt
D:\aarambh\frontend\node_modules\react-native-gesture-handler\android\src\main\java\com\swmansion\gesturehandler\core\ViewConfigurationHelper.kt
D:\aarambh\frontend\node_modules\react-native-gesture-handler\android\src\main\java\com\swmansion\gesturehandler\RNGestureHandlerPackage.kt
D:\aarambh\frontend\node_modules\react-native-gesture-handler\android\src\main\java\com\swmansion\gesturehandler\react\RNGestureHandlerModule.kt
D:\aarambh\frontend\node_modules\react-native-gesture-handler\android\src\main\java\com\swmansion\gesturehandler\react\RNGestureHandlerEvent.kt
D:\aarambh\frontend\node_modules\react-native-gesture-handler\android\src\main\java\com\swmansion\gesturehandler\core\GestureHandlerInteractionController.kt
D:\aarambh\frontend\node_modules\react-native-gesture-handler\android\src\main\java\com\swmansion\gesturehandler\react\RNGestureHandlerInteractionManager.kt
D:\aarambh\frontend\node_modules\react-native-gesture-handler\android\src\main\java\com\swmansion\gesturehandler\react\RNViewConfigurationHelper.kt
D:\aarambh\frontend\node_modules\react-native-gesture-handler\android\src\main\java\com\swmansion\gesturehandler\core\RotationGestureHandler.kt
D:\aarambh\frontend\node_modules\react-native-gesture-handler\android\src\main\java\com\swmansion\gesturehandler\react\RNGestureHandlerRegistry.kt
D:\aarambh\frontend\node_modules\react-native-gesture-handler\android\src\main\java\com\swmansion\gesturehandler\react\eventbuilders\PinchGestureHandlerEventDataBuilder.kt
D:\aarambh\frontend\node_modules\react-native-gesture-handler\android\src\main\java\com\swmansion\gesturehandler\react\eventbuilders\HoverGestureHandlerEventDataBuilder.kt
D:\aarambh\frontend\node_modules\react-native-gesture-handler\android\src\main\java\com\swmansion\gesturehandler\core\PanGestureHandler.kt
D:\aarambh\frontend\node_modules\react-native-gesture-handler\android\src\main\java\com\swmansion\gesturehandler\core\Vector.kt
D:\aarambh\frontend\node_modules\react-native-gesture-handler\android\src\main\java\com\swmansion\gesturehandler\core\HoverGestureHandler.kt
D:\aarambh\frontend\node_modules\react-native-gesture-handler\android\src\main\java\com\swmansion\gesturehandler\core\NativeViewGestureHandler.kt
D:\aarambh\frontend\node_modules\react-native-gesture-handler\android\src\main\java\com\swmansion\gesturehandler\core\GestureHandler.kt
D:\aarambh\frontend\node_modules\react-native-gesture-handler\android\src\main\java\com\swmansion\gesturehandler\react\eventbuilders\NativeGestureHandlerEventDataBuilder.kt
D:\aarambh\frontend\node_modules\react-native-gesture-handler\android\src\main\java\com\swmansion\gesturehandler\react\RNGestureHandlerButtonViewManager.kt
D:\aarambh\frontend\node_modules\react-native-gesture-handler\android\src\main\java\com\swmansion\gesturehandler\react\Extensions.kt
D:\aarambh\frontend\node_modules\react-native-gesture-handler\android\src\main\java\com\swmansion\gesturehandler\core\RotationGestureDetector.kt
D:\aarambh\frontend\node_modules\react-native-gesture-handler\android\src\main\java\com\swmansion\gesturehandler\core\TapGestureHandler.kt
D:\aarambh\frontend\node_modules\react-native-gesture-handler\android\src\main\java\com\swmansion\gesturehandler\react\RNGestureHandlerFactoryUtil.kt
D:\aarambh\frontend\node_modules\react-native-gesture-handler\android\reanimated\src\main\java\com\swmansion\gesturehandler\ReanimatedEventDispatcher.kt
D:\aarambh\frontend\node_modules\react-native-gesture-handler\android\src\main\java\com\swmansion\gesturehandler\react\RNGestureHandlerStateChangeEvent.kt
D:\aarambh\frontend\node_modules\react-native-gesture-handler\android\src\main\java\com\swmansion\gesturehandler\react\eventbuilders\LongPressGestureHandlerEventDataBuilder.kt
D:\aarambh\frontend\node_modules\react-native-gesture-handler\android\src\main\java\com\swmansion\gesturehandler\core\LongPressGestureHandler.kt
D:\aarambh\frontend\node_modules\react-native-gesture-handler\android\src\main\java\com\swmansion\gesturehandler\react\RNGestureHandlerRootViewManager.kt
D:\aarambh\frontend\node_modules\react-native-gesture-handler\android\src\main\java\com\swmansion\gesturehandler\core\PointerEventsConfig.kt
D:\aarambh\frontend\node_modules\react-native-gesture-handler\android\src\main\java\com\swmansion\gesturehandler\react\eventbuilders\GestureHandlerEventDataBuilder.kt
D:\aarambh\frontend\node_modules\react-native-gesture-handler\android\src\main\java\com\swmansion\gesturehandler\core\DiagonalDirections.kt
D:\aarambh\frontend\node_modules\react-native-gesture-handler\android\src\main\java\com\swmansion\gesturehandler\react\RNGestureHandlerRootInterface.kt
D:\aarambh\frontend\node_modules\react-native-gesture-handler\android\src\main\java\com\swmansion\gesturehandler\core\FlingGestureHandler.kt
D:\aarambh\frontend\node_modules\react-native-gesture-handler\android\svg\src\main\java\com\swmansion\gesturehandler\RNSVGHitTester.kt
D:\aarambh\frontend\node_modules\react-native-gesture-handler\android\src\main\java\com\swmansion\gesturehandler\core\OnTouchEventListener.kt
D:\aarambh\frontend\node_modules\react-native-gesture-handler\android\src\main\java\com\swmansion\gesturehandler\core\PinchGestureHandler.kt
D:\aarambh\frontend\node_modules\react-native-gesture-handler\android\src\main\java\com\swmansion\gesturehandler\react\eventbuilders\RotationGestureHandlerEventDataBuilder.kt
D:\aarambh\frontend\node_modules\react-native-gesture-handler\android\src\main\java\com\swmansion\gesturehandler\core\GestureHandlerRegistry.kt
D:\aarambh\frontend\node_modules\react-native-gesture-handler\android\src\main\java\com\swmansion\gesturehandler\react\eventbuilders\FlingGestureHandlerEventDataBuilder.kt
D:\aarambh\frontend\node_modules\react-native-gesture-handler\android\src\main\java\com\swmansion\gesturehandler\core\ManualGestureHandler.kt
D:\aarambh\frontend\node_modules\react-native-gesture-handler\android\src\main\java\com\swmansion\gesturehandler\core\StylusData.kt
D:\aarambh\frontend\node_modules\react-native-gesture-handler\android\src\main\java\com\swmansion\gesturehandler\react\eventbuilders\PanGestureHandlerEventDataBuilder.kt
D:\aarambh\frontend\node_modules\react-native-gesture-handler\android\src\main\java\com\swmansion\gesturehandler\react\RNGestureHandlerTouchEvent.kt
D:\aarambh\frontend\node_modules\react-native-gesture-handler\android\src\main\java\com\swmansion\gesturehandler\react\eventbuilders\ManualGestureHandlerEventDataBuilder.kt
D:\aarambh\frontend\node_modules\react-native-gesture-handler\android\src\main\java\com\swmansion\gesturehandler\core\GestureUtils.kt
2026-08-14 11:36:05.005 [daemon] INFO: Message: warning: the corresponding parameter in the supertype 'ReactViewGroup' is named 'ev'. This may cause problems when calling this function with named arguments.
  override fun dispatchGenericMotionEvent(event: MotionEvent) =
                                          ^^^^^
2026-08-14 11:36:07.095 [compiler] INFO: Done with result 0
2026-08-14 11:36:07.130 [compiler] INFO: cleaning after session 5
2026-08-14 11:36:07.544 [compiler] INFO: Done with result 0
2026-08-14 11:36:07.546 [compiler] INFO: cleaning after session 4
2026-08-14 11:36:15.342 [compiler] INFO: getDaemonJVMOptions: DaemonJVMOptions(maxMemory=2048m, maxMetaspaceSize=512m, reservedCodeCacheSize=320m, jvmParams=[-Djava.io.tmpdir=D:/aarambh/.tmp-build, -Djava.awt.headless=true, -Djava.rmi.server.hostname=127.0.0.1, -Dkotlin.environment.keepalive, -ea, -XX:+UseCodeCacheFlushing, -XX:+UseParallelGC, -Dkotlin.daemon.initiator.marker.file=D:\aarambh\.tmp-build\kotlin-compiler-in-expogradleplugin-16492466878395323379.alive, --add-exports=java.base/sun.nio.ch=ALL-UNNAMED, Dkotlin.environment.keepalive, ea])
2026-08-14 11:36:15.345 [compiler] INFO: Registered a client alive file: D:\aarambh\.tmp-build\kotlin-compiler-in-hms-8567579073821835045.alive
2026-08-14 11:36:15.346 [compiler] INFO: leased a new session 6, session alive file: D:\aarambh\frontend\android\.kotlin\sessions\kotlin-compiler-15786901465648546014.salive
2026-08-14 11:36:15.443 [compiler] INFO: Starting compilation with args: -Xallow-no-source-files -classpath C:\Users\USER\AppData\Local\Android\Sdk\platforms\android-35\android.jar;C:\Users\USER\AppData\Local\Android\Sdk\build-tools\35.0.0\core-lambda-stubs.jar;D:\aarambh\frontend\node_modules\react-native-safe-area-context\android\build\intermediates\compile_r_class_jar\release\generateReleaseRFile\R.jar;C:\Users\USER\.gradle\caches\8.14.3\transforms\d1ff2d2667f7d4e152e45f9118f2ba54\transformed\react-android-0.81.5-release-api.jar;C:\Users\USER\.gradle\caches\8.14.3\transforms\a8355b39797f4cf2f67a0fa6d49c06c4\transformed\fresco-3.6.0-api.jar;C:\Users\USER\.gradle\caches\8.14.3\transforms\671cb54975d8f40a4a1e92a0e3d032e4\transformed\imagepipeline-okhttp3-3.6.0-api.jar;C:\Users\USER\.gradle\caches\8.14.3\transforms\64d0fa98e2fdd18bd92058f853bb2b86\transformed\middleware-3.6.0-api.jar;C:\Users\USER\.gradle\caches\8.14.3\transforms\a202ed36926b5a76a703cb7e2f2c5751\transformed\ui-common-3.6.0-api.jar;C:\Users\USER\.gradle\caches\modules-2\files-2.1\com.squareup.okhttp3\okhttp-urlconnection\4.9.2\3b9e64d3d56370bc7488ed8b336d17a8013cb336\okhttp-urlconnection-4.9.2.jar;C:\Users\USER\.gradle\caches\modules-2\files-2.1\com.squareup.okhttp3\okhttp\4.9.2\5302714ee9320b64cf65ed865e5f65981ef9ba46\okhttp-4.9.2.jar;C:\Users\USER\.gradle\caches\modules-2\files-2.1\com.squareup.okio\okio\2.9.0\dcc813b08ce5933f8bdfd1dfbab4ad4bd170e7a\okio-jvm-2.9.0.jar;C:\Users\USER\.gradle\caches\8.14.3\transforms\81b01510b9ce8e4e2e5859bbbe10e3c3\transformed\appcompat-resources-1.7.0-api.jar;C:\Users\USER\.gradle\caches\8.14.3\transforms\85646afd59b508f9f9efb49f3e51cd31\transformed\appcompat-1.7.0-api.jar;C:\Users\USER\.gradle\caches\8.14.3\transforms\c460eb590b0f6beb0f9946f0bce8f08e\transformed\fragment-1.5.4-api.jar;C:\Users\USER\.gradle\caches\8.14.3\transforms\202c63e3b2d96408c85716254691bbf3\transformed\activity-1.7.0-api.jar;C:\Users\USER\.gradle\caches\8.14.3\transforms\6e738d9f7137c038d33487deec09956f\transformed\swiperefreshlayout-1.1.0-api.jar;C:\Users\USER\.gradle\caches\8.14.3\transforms\8c4d73a67a927c2fc1a0e415d4127a6f\transformed\drawerlayout-1.0.0-api.jar;C:\Users\USER\.gradle\caches\8.14.3\transforms\73dd28ce8c5b7965336a8642ba9d0c6b\transformed\vectordrawable-animated-1.1.0-api.jar;C:\Users\USER\.gradle\caches\8.14.3\transforms\9dcf144118bd36515d2f9f5e19d892e8\transformed\vectordrawable-1.1.0-api.jar;C:\Users\USER\.gradle\caches\8.14.3\transforms\d980fb07799502ea8fbc668cb38687e3\transformed\viewpager-1.0.0-api.jar;C:\Users\USER\.gradle\caches\8.14.3\transforms\7bb9bee32eb95885e69ad729cf192403\transformed\customview-1.0.0-api.jar;C:\Users\USER\.gradle\caches\8.14.3\transforms\83befa9fe345790bcb86999c9ab833a9\transformed\loader-1.0.0-api.jar;C:\Users\USER\.gradle\caches\8.14.3\transforms\5b9dc94874c69aceffcbcf1289f733a5\transformed\lifecycle-livedata-2.6.2-api.jar;C:\Users\USER\.gradle\caches\modules-2\files-2.1\androidx.lifecycle\lifecycle-common\2.6.2\10f354fdb64868baecd67128560c5a0d6312c495\lifecycle-common-2.6.2.jar;C:\Users\USER\.gradle\caches\8.14.3\transforms\2aab3f128cbfa120a57c7d864ad46606\transformed\lifecycle-livedata-core-2.6.2-api.jar;C:\Users\USER\.gradle\caches\8.14.3\transforms\d639df3c93d57cde14d3952cacc96571\transformed\lifecycle-viewmodel-2.6.2-api.jar;C:\Users\USER\.gradle\caches\8.14.3\transforms\e3f9a29beb4bf4a081a9fa6d3130cda0\transformed\lifecycle-runtime-2.6.2-api.jar;C:\Users\USER\.gradle\caches\8.14.3\transforms\8e120a65084baef22be3a36d56477435\transformed\lifecycle-viewmodel-savedstate-2.6.2-api.jar;C:\Users\USER\.gradle\caches\8.14.3\transforms\4a0ca62bd78b1f68356b71f965088457\transformed\core-ktx-1.13.1-api.jar;C:\Users\USER\.gradle\caches\8.14.3\transforms\d318b0cd10ef97c153883e0296921532\transformed\core-1.13.1-api.jar;C:\Users\USER\.gradle\caches\8.14.3\transforms\f32a874dc8eeb4a88ed7b518904d2cb5\transformed\savedstate-1.2.1-api.jar;C:\Users\USER\.gradle\caches\8.14.3\transforms\4e4010baa57e6a86d782abc833c927fd\transformed\fbcore-3.6.0-api.jar;C:\Users\USER\.gradle\caches\8.14.3\transforms\0de1c15f3e05c31c8d70661bfd1d6a47\transformed\drawee-3.6.0-api.jar;C:\Users\USER\.gradle\caches\modules-2\files-2.1\org.jetbrains.kotlinx\kotlinx-coroutines-core-jvm\1.6.4\2c997cd1c0ef33f3e751d3831929aeff1390cb30\kotlinx-coroutines-core-jvm-1.6.4.jar;C:\Users\USER\.gradle\caches\modules-2\files-2.1\org.jetbrains.kotlinx\kotlinx-coroutines-android\1.6.4\f955fc8b2ad196e2f4429598440e15f7492eeb2b\kotlinx-coroutines-android-1.6.4.jar;C:\Users\USER\.gradle\caches\modules-2\files-2.1\org.jetbrains.kotlin\kotlin-stdlib-jdk8\1.8.0\ed04f49e186a116753ad70d34f0ac2925d1d8020\kotlin-stdlib-jdk8-1.8.0.jar;C:\Users\USER\.gradle\caches\8.14.3\transforms\3a775bbafbb9cb49a1391eb92850dd8c\transformed\cursoradapter-1.0.0-api.jar;C:\Users\USER\.gradle\caches\8.14.3\transforms\36fc2506a8d74a32e2907d227725bcb5\transformed\interpolator-1.0.0-api.jar;C:\Users\USER\.gradle\caches\8.14.3\transforms\94bb797470a6866e2e8007defe3e14d1\transformed\versionedparcelable-1.1.1-api.jar;C:\Users\USER\.gradle\caches\modules-2\files-2.1\androidx.collection\collection\1.1.0\1f27220b47669781457de0d600849a5de0e89909\collection-1.1.0.jar;C:\Users\USER\.gradle\caches\8.14.3\transforms\2ab20d9d5d474cf53e1e3f253abb1f2d\transformed\core-runtime-2.2.0-api.jar;C:\Users\USER\.gradle\caches\modules-2\files-2.1\androidx.arch.core\core-common\2.2.0\5e1b8b81dfd5f52c56a8d53b18ca759c19a301f3\core-common-2.2.0.jar;C:\Users\USER\.gradle\caches\modules-2\files-2.1\androidx.annotation\annotation-jvm\1.6.0\a7257339a052df0f91433cf9651231bbb802b502\annotation-jvm-1.6.0.jar;C:\Users\USER\.gradle\caches\8.14.3\transforms\fe4765dadb362e889f4ccdd9a1c954c0\transformed\annotation-experimental-1.4.0-api.jar;C:\Users\USER\.gradle\caches\8.14.3\transforms\b1e85b97fa94f4b4f51a96cf3bc4a184\transformed\ui-core-3.6.0-api.jar;C:\Users\USER\.gradle\caches\8.14.3\transforms\4c3663dde0ea3f7565f2c57944c8f1e4\transformed\imagepipeline-3.6.0-api.jar;C:\Users\USER\.gradle\caches\8.14.3\transforms\befab0bcb77e7b2e3959c99126ce0b97\transformed\imagepipeline-base-3.6.0-api.jar;C:\Users\USER\.gradle\caches\modules-2\files-2.1\org.jetbrains.kotlin\kotlin-stdlib-jdk7\1.8.0\3c91271347f678c239607abb676d4032a7898427\kotlin-stdlib-jdk7-1.8.0.jar;C:\Users\USER\.gradle\caches\modules-2\files-2.1\org.jetbrains.kotlin\kotlin-stdlib\2.1.20\aa8ca79cd50578314f6d1180c47cbe14c0fee567\kotlin-stdlib-2.1.20.jar;C:\Users\USER\.gradle\caches\modules-2\files-2.1\org.jetbrains\annotations\13.0\919f0dfe192fb4e063e7dacadee7f8bb9a2672a9\annotations-13.0.jar;C:\Users\USER\.gradle\caches\8.14.3\transforms\7fedb247c1b302c6820532a94e3ac2b6\transformed\tracing-1.1.0-api.jar;C:\Users\USER\.gradle\caches\8.14.3\transforms\4e111bc800d855cf56e037e7617c86e0\transformed\autofill-1.1.0-api.jar;C:\Users\USER\.gradle\caches\8.14.3\transforms\6f43cc58917cfcc57bfebe52d8937386\transformed\fbjni-0.7.0-api.jar;C:\Users\USER\.gradle\caches\8.14.3\transforms\706c4a8633264bb32af03ccd4b8da323\transformed\soloader-0.12.1-api.jar;C:\Users\USER\.gradle\caches\modules-2\files-2.1\com.facebook.soloader\nativeloader\0.12.1\492cc5082540e19b29328f2f56c53255cb6e7cc6\nativeloader-0.12.1.jar;C:\Users\USER\.gradle\caches\modules-2\files-2.1\com.facebook.soloader\annotation\0.12.1\945ada76f62253ba8e72cbf755d0e85ea7362cfe\annotation-0.12.1.jar;C:\Users\USER\.gradle\caches\modules-2\files-2.1\com.facebook.infer.annotation\infer-annotation\0.18.0\27539793fe93ed7d92b6376281c16cda8278ab2f\infer-annotation-0.18.0.jar;C:\Users\USER\.gradle\caches\modules-2\files-2.1\com.google.code.findbugs\jsr305\3.0.2\25ea2e8b0c338a877313bd4672d3fe056ea78f0d\jsr305-3.0.2.jar;C:\Users\USER\.gradle\caches\modules-2\files-2.1\org.jetbrains.kotlin\kotlin-annotations-jvm\1.3.72\7dba6c57de526588d8080317bda0c14cd88c8055\kotlin-annotations-jvm-1.3.72.jar;C:\Users\USER\.gradle\caches\8.14.3\transforms\f979db765c17764c8b881882b62e00c4\transformed\imagepipeline-native-3.6.0-api.jar;C:\Users\USER\.gradle\caches\8.14.3\transforms\c7fc4207dda0e4117bf7889d48864637\transformed\memory-type-ashmem-3.6.0-api.jar;C:\Users\USER\.gradle\caches\8.14.3\transforms\c8c7746c931f093cab61effeec53d35c\transformed\memory-type-native-3.6.0-api.jar;C:\Users\USER\.gradle\caches\8.14.3\transforms\31ba3c11c4274d08ea298783793ef95a\transformed\memory-type-java-3.6.0-api.jar;C:\Users\USER\.gradle\caches\8.14.3\transforms\2944c452ee02efe4f56aa06f0da44f09\transformed\nativeimagefilters-3.6.0-api.jar;C:\Users\USER\.gradle\caches\8.14.3\transforms\2ba82a540b29b924e7c18ccec0c9febd\transformed\nativeimagetranscoder-3.6.0-api.jar;C:\Users\USER\.gradle\caches\modules-2\files-2.1\com.facebook.yoga\proguard-annotations\1.19.0\fcbbb39052e6490eaaf6a6959c49c3a4fbe87c63\proguard-annotations-1.19.0.jar;C:\Users\USER\.gradle\caches\modules-2\files-2.1\javax.inject\javax.inject\1\6975da39a7040257bd51d21a231b76c915872d38\javax.inject-1.jar -d D:\aarambh\frontend\node_modules\react-native-safe-area-context\android\build\tmp\kotlin-classes\release -jvm-target 17 -module-name react-native-safe-area-context_release -no-jdk -no-reflect -no-stdlib D:\aarambh\frontend\node_modules\react-native-safe-area-context\android\build\generated\source\codegen\java\com\facebook\react\viewmanagers\RNCSafeAreaProviderManagerDelegate.java D:\aarambh\frontend\node_modules\react-native-safe-area-context\android\build\generated\source\codegen\java\com\facebook\react\viewmanagers\RNCSafeAreaProviderManagerInterface.java D:\aarambh\frontend\node_modules\react-native-safe-area-context\android\build\generated\source\codegen\java\com\facebook\react\viewmanagers\RNCSafeAreaViewManagerDelegate.java D:\aarambh\frontend\node_modules\react-native-safe-area-context\android\build\generated\source\codegen\java\com\facebook\react\viewmanagers\RNCSafeAreaViewManagerInterface.java D:\aarambh\frontend\node_modules\react-native-safe-area-context\android\build\generated\source\codegen\java\com\th3rdwave\safeareacontext\NativeSafeAreaContextSpec.java D:\aarambh\frontend\node_modules\react-native-safe-area-context\android\build\generated\source\buildConfig\release\com\th3rdwave\safeareacontext\BuildConfig.java D:\aarambh\frontend\node_modules\react-native-safe-area-context\android\src\main\java\com\th3rdwave\safeareacontext\EdgeInsets.kt D:\aarambh\frontend\node_modules\react-native-safe-area-context\android\src\main\java\com\th3rdwave\safeareacontext\Rect.kt D:\aarambh\frontend\node_modules\react-native-safe-area-context\android\src\main\java\com\th3rdwave\safeareacontext\SafeAreaContextModule.kt D:\aarambh\frontend\node_modules\react-native-safe-area-context\android\src\main\java\com\th3rdwave\safeareacontext\SafeAreaContextPackage.kt D:\aarambh\frontend\node_modules\react-native-safe-area-context\android\src\main\java\com\th3rdwave\safeareacontext\SafeAreaProvider.kt D:\aarambh\frontend\node_modules\react-native-safe-area-context\android\src\main\java\com\th3rdwave\safeareacontext\SafeAreaProviderManager.kt D:\aarambh\frontend\node_modules\react-native-safe-area-context\android\src\main\java\com\th3rdwave\safeareacontext\SafeAreaUtils.kt D:\aarambh\frontend\node_modules\react-native-safe-area-context\android\src\main\java\com\th3rdwave\safeareacontext\SafeAreaView.kt D:\aarambh\frontend\node_modules\react-native-safe-area-context\android\src\main\java\com\th3rdwave\safeareacontext\SafeAreaViewEdges.kt D:\aarambh\frontend\node_modules\react-native-safe-area-context\android\src\main\java\com\th3rdwave\safeareacontext\SafeAreaViewLocalData.kt D:\aarambh\frontend\node_modules\react-native-safe-area-context\android\src\main\java\com\th3rdwave\safeareacontext\SafeAreaViewManager.kt D:\aarambh\frontend\node_modules\react-native-safe-area-context\android\src\main\java\com\th3rdwave\safeareacontext\SafeAreaViewMode.kt D:\aarambh\frontend\node_modules\react-native-safe-area-context\android\src\main\java\com\th3rdwave\safeareacontext\SafeAreaViewShadowNode.kt D:\aarambh\frontend\node_modules\react-native-safe-area-context\android\src\main\java\com\th3rdwave\safeareacontext\SerializationUtils.kt D:\aarambh\frontend\node_modules\react-native-safe-area-context\android\src\fabric\java\com\th3rdwave\safeareacontext\InsetsChangeEvent.kt D:\aarambh\frontend\node_modules\react-native-safe-area-context\android\src\fabric\java\com\th3rdwave\safeareacontext\UIManagerHelperCompat.kt
2026-08-14 11:36:19.010 [compiler] INFO: getDaemonJVMOptions: DaemonJVMOptions(maxMemory=2048m, maxMetaspaceSize=512m, reservedCodeCacheSize=320m, jvmParams=[-Djava.io.tmpdir=D:/aarambh/.tmp-build, -Djava.awt.headless=true, -Djava.rmi.server.hostname=127.0.0.1, -Dkotlin.environment.keepalive, -ea, -XX:+UseCodeCacheFlushing, -XX:+UseParallelGC, -Dkotlin.daemon.initiator.marker.file=D:\aarambh\.tmp-build\kotlin-compiler-in-expogradleplugin-16492466878395323379.alive, --add-exports=java.base/sun.nio.ch=ALL-UNNAMED, Dkotlin.environment.keepalive, ea])
2026-08-14 11:36:19.036 [compiler] INFO: Registered a client alive file: D:\aarambh\.tmp-build\kotlin-compiler-in-hms-8567579073821835045.alive
2026-08-14 11:36:19.038 [compiler] INFO: leased a new session 7, session alive file: D:\aarambh\frontend\android\.kotlin\sessions\kotlin-compiler-15786901465648546014.salive
2026-08-14 11:36:19.065 [compiler] INFO: Starting compilation with args: -Xallow-no-source-files -classpath C:\Users\USER\AppData\Local\Android\Sdk\platforms\android-35\android.jar;C:\Users\USER\AppData\Local\Android\Sdk\build-tools\35.0.0\core-lambda-stubs.jar;D:\aarambh\frontend\node_modules\react-native-screens\android\build\intermediates\compile_r_class_jar\release\generateReleaseRFile\R.jar;C:\Users\USER\.gradle\caches\8.14.3\transforms\d1ff2d2667f7d4e152e45f9118f2ba54\transformed\react-android-0.81.5-release-api.jar;C:\Users\USER\.gradle\caches\8.14.3\transforms\20b9f307222b14e3a36b37c0c0e3c655\transformed\material-1.12.0-api.jar;C:\Users\USER\.gradle\caches\8.14.3\transforms\81b01510b9ce8e4e2e5859bbbe10e3c3\transformed\appcompat-resources-1.7.0-api.jar;C:\Users\USER\.gradle\caches\8.14.3\transforms\63dc5125b40a02c6766339c488e3c49e\transformed\constraintlayout-2.0.1-api.jar;C:\Users\USER\.gradle\caches\8.14.3\transforms\85646afd59b508f9f9efb49f3e51cd31\transformed\appcompat-1.7.0-api.jar;C:\Users\USER\.gradle\caches\8.14.3\transforms\f59d2f9ce8d39f4703c9b317f1cfd127\transformed\viewpager2-1.0.0-api.jar;C:\Users\USER\.gradle\caches\8.14.3\transforms\d7c59c54a9ef02b74b7006e12ca61c9e\transformed\fragment-1.6.1-api.jar;C:\Users\USER\.gradle\caches\8.14.3\transforms\b35582c63e5af6bb5f2fd7d8af3ee703\transformed\fragment-ktx-1.6.1-api.jar;C:\Users\USER\.gradle\caches\8.14.3\transforms\10c5bc402ee24e3f1fa030d5a785e931\transformed\activity-1.8.0-api.jar;C:\Users\USER\.gradle\caches\8.14.3\transforms\dbdb3af3f9df4b70ba481d8e8c0e9151\transformed\activity-ktx-1.8.0-api.jar;C:\Users\USER\.gradle\caches\8.14.3\transforms\9792e55707607d682dbe14c77174844d\transformed\coordinatorlayout-1.2.0-api.jar;C:\Users\USER\.gradle\caches\8.14.3\transforms\6e738d9f7137c038d33487deec09956f\transformed\swiperefreshlayout-1.1.0-api.jar;C:\Users\USER\.gradle\caches\8.14.3\transforms\2623a7cf6d50cc245f3e27559ad38588\transformed\drawerlayout-1.1.1-api.jar;C:\Users\USER\.gradle\caches\8.14.3\transforms\1e121bcf1dc931162e7ba0f59a746383\transformed\recyclerview-1.1.0-api.jar;C:\Users\USER\.gradle\caches\8.14.3\transforms\d980fb07799502ea8fbc668cb38687e3\transformed\viewpager-1.0.0-api.jar;C:\Users\USER\.gradle\caches\8.14.3\transforms\3134c48d43d35659af018f289fc23591\transformed\customview-1.1.0-api.jar;C:\Users\USER\.gradle\caches\8.14.3\transforms\73bdc94dac76d03c4dc606cc2cc34de6\transformed\dynamicanimation-1.0.0-api.jar;C:\Users\USER\.gradle\caches\8.14.3\transforms\f05173e962874d2d19a71858c96fb409\transformed\transition-1.5.0-api.jar;C:\Users\USER\.gradle\caches\8.14.3\transforms\73dd28ce8c5b7965336a8642ba9d0c6b\transformed\vectordrawable-animated-1.1.0-api.jar;C:\Users\USER\.gradle\caches\8.14.3\transforms\9dcf144118bd36515d2f9f5e19d892e8\transformed\vectordrawable-1.1.0-api.jar;C:\Users\USER\.gradle\caches\8.14.3\transforms\14bfa4f4c56347b12d1dca078fe5a968\transformed\legacy-support-core-utils-1.0.0-api.jar;C:\Users\USER\.gradle\caches\8.14.3\transforms\83befa9fe345790bcb86999c9ab833a9\transformed\loader-1.0.0-api.jar;C:\Users\USER\.gradle\caches\8.14.3\transforms\d318b0cd10ef97c153883e0296921532\transformed\core-1.13.1-api.jar;C:\Users\USER\.gradle\caches\modules-2\files-2.1\androidx.lifecycle\lifecycle-common-jvm\2.8.7\7174a594afb73a9ad9ac9074ce78b94af3cc52a7\lifecycle-common-jvm-2.8.7.jar;C:\Users\USER\.gradle\caches\8.14.3\transforms\17f9c403b1395fd3900279838bc99daf\transformed\lifecycle-runtime-ktx-release-api.jar;C:\Users\USER\.gradle\caches\8.14.3\transforms\7a73c8c061ebec941a0a84725155d93f\transformed\lifecycle-livedata-2.8.7-api.jar;C:\Users\USER\.gradle\caches\8.14.3\transforms\8ff237c85498e3a3af7926ae88b0ee92\transformed\lifecycle-viewmodel-2.8.7-api.jar;C:\Users\USER\.gradle\caches\8.14.3\transforms\157b2bec69b70de05f04648ade499bc5\transformed\lifecycle-viewmodel-release-api.jar;C:\Users\USER\.gradle\caches\8.14.3\transforms\690230b800d2a65b7c5df7568d974746\transformed\coil-release-api.jar;C:\Users\USER\.gradle\caches\modules-2\files-2.1\io.coil-kt.coil3\coil-network-okhttp-jvm\3.0.4\4530dcb26f8ea7bd96fe0c11633dd95e010d6eb0\coil-network-okhttp-jvm-3.0.4.jar;C:\Users\USER\.gradle\caches\8.14.3\transforms\6509369991382f844901a51e9caf054c\transformed\coil-svg-release-api.jar;C:\Users\USER\.gradle\caches\8.14.3\transforms\a7e21be152ff7f4e80a830c36d8cb0d6\transformed\coil-network-core-release-api.jar;C:\Users\USER\.gradle\caches\8.14.3\transforms\5a779436675fce8118543f338da706fc\transformed\coil-core-release-api.jar;C:\Users\USER\.gradle\caches\8.14.3\transforms\7f53f78f2fe8df6aa57d24ce029bab63\transformed\lifecycle-runtime-release-api.jar;C:\Users\USER\.gradle\caches\8.14.3\transforms\dfca32d33da3736e0fe62013aba5ee87\transformed\lifecycle-livedata-core-2.8.7-api.jar;C:\Users\USER\.gradle\caches\8.14.3\transforms\020109b71c2ff564d2538dadb3ee638d\transformed\lifecycle-viewmodel-ktx-2.8.7-api.jar;C:\Users\USER\.gradle\caches\8.14.3\transforms\9b6d5f8dc6fe9057c908bfb6b3192fb6\transformed\lifecycle-livedata-core-ktx-2.8.7-api.jar;C:\Users\USER\.gradle\caches\8.14.3\transforms\b021b12cf64185269b89b95a2ecd4a5f\transformed\lifecycle-viewmodel-savedstate-2.8.7-api.jar;C:\Users\USER\.gradle\caches\8.14.3\transforms\4a0ca62bd78b1f68356b71f965088457\transformed\core-ktx-1.13.1-api.jar;C:\Users\USER\.gradle\caches\8.14.3\transforms\a8355b39797f4cf2f67a0fa6d49c06c4\transformed\fresco-3.6.0-api.jar;C:\Users\USER\.gradle\caches\8.14.3\transforms\671cb54975d8f40a4a1e92a0e3d032e4\transformed\imagepipeline-okhttp3-3.6.0-api.jar;C:\Users\USER\.gradle\caches\8.14.3\transforms\64d0fa98e2fdd18bd92058f853bb2b86\transformed\middleware-3.6.0-api.jar;C:\Users\USER\.gradle\caches\8.14.3\transforms\a202ed36926b5a76a703cb7e2f2c5751\transformed\ui-common-3.6.0-api.jar;C:\Users\USER\.gradle\caches\8.14.3\transforms\fe0f6e4c505cc68db0fa6fc99ec15289\transformed\savedstate-ktx-1.2.1-api.jar;C:\Users\USER\.gradle\caches\8.14.3\transforms\f32a874dc8eeb4a88ed7b518904d2cb5\transformed\savedstate-1.2.1-api.jar;C:\Users\USER\.gradle\caches\modules-2\files-2.1\androidx.collection\collection-ktx\1.1.0\f807b2f366f7b75142a67d2f3c10031065b5168\collection-ktx-1.1.0.jar;C:\Users\USER\.gradle\caches\8.14.3\transforms\fe4765dadb362e889f4ccdd9a1c954c0\transformed\annotation-experimental-1.4.0-api.jar;C:\Users\USER\.gradle\caches\8.14.3\transforms\4e4010baa57e6a86d782abc833c927fd\transformed\fbcore-3.6.0-api.jar;C:\Users\USER\.gradle\caches\8.14.3\transforms\0de1c15f3e05c31c8d70661bfd1d6a47\transformed\drawee-3.6.0-api.jar;C:\Users\USER\.gradle\caches\modules-2\files-2.1\com.squareup.okhttp3\okhttp-urlconnection\4.9.2\3b9e64d3d56370bc7488ed8b336d17a8013cb336\okhttp-urlconnection-4.9.2.jar;C:\Users\USER\.gradle\caches\modules-2\files-2.1\com.squareup.okhttp3\okhttp\4.12.0\2f4525d4a200e97e1b87449c2cd9bd2e25b7e8cd\okhttp-4.12.0.jar;C:\Users\USER\.gradle\caches\modules-2\files-2.1\org.jetbrains.kotlin\kotlin-stdlib-jdk8\1.8.22\b25c86d47d6b962b9cf0f8c3f320c8a10eea3dd1\kotlin-stdlib-jdk8-1.8.22.jar;C:\Users\USER\.gradle\caches\modules-2\files-2.1\com.squareup.okio\okio-jvm\3.9.1\79696e3f4ff05d41ba2b3dc68adb5808a2e5dc53\okio-jvm-3.9.1.jar;C:\Users\USER\.gradle\caches\8.14.3\transforms\3a775bbafbb9cb49a1391eb92850dd8c\transformed\cursoradapter-1.0.0-api.jar;C:\Users\USER\.gradle\caches\8.14.3\transforms\36fc2506a8d74a32e2907d227725bcb5\transformed\interpolator-1.0.0-api.jar;C:\Users\USER\.gradle\caches\8.14.3\transforms\a9cd21140cf0da14ee422a22d98546ab\transformed\cardview-1.0.0-api.jar;C:\Users\USER\.gradle\caches\8.14.3\transforms\94bb797470a6866e2e8007defe3e14d1\transformed\versionedparcelable-1.1.1-api.jar;C:\Users\USER\.gradle\caches\modules-2\files-2.1\androidx.collection\collection\1.1.0\1f27220b47669781457de0d600849a5de0e89909\collection-1.1.0.jar;C:\Users\USER\.gradle\caches\8.14.3\transforms\d44405cb79b661b34091bc0a7563a734\transformed\documentfile-1.0.0-api.jar;C:\Users\USER\.gradle\caches\8.14.3\transforms\49cd3ec05ef241cd5b4523bc66382495\transformed\localbroadcastmanager-1.0.0-api.jar;C:\Users\USER\.gradle\caches\8.14.3\transforms\c01918becd85ee843b2a0a4c59047d1c\transformed\print-1.0.0-api.jar;C:\Users\USER\.gradle\caches\8.14.3\transforms\2ab20d9d5d474cf53e1e3f253abb1f2d\transformed\core-runtime-2.2.0-api.jar;C:\Users\USER\.gradle\caches\modules-2\files-2.1\androidx.arch.core\core-common\2.2.0\5e1b8b81dfd5f52c56a8d53b18ca759c19a301f3\core-common-2.2.0.jar;C:\Users\USER\.gradle\caches\modules-2\files-2.1\androidx.annotation\annotation-jvm\1.9.1\b17951747e38bf3986a24431b9ba0d039958aa5f\annotation-jvm-1.9.1.jar;C:\Users\USER\.gradle\caches\modules-2\files-2.1\org.jetbrains.kotlinx\kotlinx-coroutines-core-jvm\1.9.0\9beade4c1c1569e4f36cbd2c37e02e3e41502601\kotlinx-coroutines-core-jvm-1.9.0.jar;C:\Users\USER\.gradle\caches\modules-2\files-2.1\org.jetbrains.kotlinx\kotlinx-coroutines-android\1.9.0\6cf3b8df5a2ce8c6b0dffe55657a827c405ee2fe\kotlinx-coroutines-android-1.9.0.jar;C:\Users\USER\.gradle\caches\8.14.3\transforms\b1e85b97fa94f4b4f51a96cf3bc4a184\transformed\ui-core-3.6.0-api.jar;C:\Users\USER\.gradle\caches\8.14.3\transforms\4c3663dde0ea3f7565f2c57944c8f1e4\transformed\imagepipeline-3.6.0-api.jar;C:\Users\USER\.gradle\caches\8.14.3\transforms\befab0bcb77e7b2e3959c99126ce0b97\transformed\imagepipeline-base-3.6.0-api.jar;C:\Users\USER\.gradle\caches\modules-2\files-2.1\org.jetbrains.kotlin\kotlin-stdlib-jdk7\1.8.22\4dabb8248310d833bb6a8b516024a91fd3d275c\kotlin-stdlib-jdk7-1.8.22.jar;C:\Users\USER\.gradle\caches\modules-2\files-2.1\org.jetbrains.kotlin\kotlin-stdlib\2.1.20\aa8ca79cd50578314f6d1180c47cbe14c0fee567\kotlin-stdlib-2.1.20.jar;C:\Users\USER\.gradle\caches\modules-2\files-2.1\org.jetbrains\annotations\23.0.0\8cc20c07506ec18e0834947b84a864bfc094484e\annotations-23.0.0.jar;C:\Users\USER\.gradle\caches\8.14.3\transforms\7fedb247c1b302c6820532a94e3ac2b6\transformed\tracing-1.1.0-api.jar;C:\Users\USER\.gradle\caches\modules-2\files-2.1\androidx.resourceinspection\resourceinspection-annotation\1.0.1\8c21f8ff5d96d5d52c948707f7e4d6ca6773feef\resourceinspection-annotation-1.0.1.jar;C:\Users\USER\.gradle\caches\8.14.3\transforms\4e111bc800d855cf56e037e7617c86e0\transformed\autofill-1.1.0-api.jar;C:\Users\USER\.gradle\caches\8.14.3\transforms\6f43cc58917cfcc57bfebe52d8937386\transformed\fbjni-0.7.0-api.jar;C:\Users\USER\.gradle\caches\8.14.3\transforms\706c4a8633264bb32af03ccd4b8da323\transformed\soloader-0.12.1-api.jar;C:\Users\USER\.gradle\caches\modules-2\files-2.1\com.facebook.soloader\nativeloader\0.12.1\492cc5082540e19b29328f2f56c53255cb6e7cc6\nativeloader-0.12.1.jar;C:\Users\USER\.gradle\caches\modules-2\files-2.1\com.facebook.soloader\annotation\0.12.1\945ada76f62253ba8e72cbf755d0e85ea7362cfe\annotation-0.12.1.jar;C:\Users\USER\.gradle\caches\modules-2\files-2.1\com.facebook.infer.annotation\infer-annotation\0.18.0\27539793fe93ed7d92b6376281c16cda8278ab2f\infer-annotation-0.18.0.jar;C:\Users\USER\.gradle\caches\modules-2\files-2.1\com.google.code.findbugs\jsr305\3.0.2\25ea2e8b0c338a877313bd4672d3fe056ea78f0d\jsr305-3.0.2.jar;C:\Users\USER\.gradle\caches\modules-2\files-2.1\org.jetbrains.kotlin\kotlin-annotations-jvm\1.3.72\7dba6c57de526588d8080317bda0c14cd88c8055\kotlin-annotations-jvm-1.3.72.jar;C:\Users\USER\.gradle\caches\8.14.3\transforms\f979db765c17764c8b881882b62e00c4\transformed\imagepipeline-native-3.6.0-api.jar;C:\Users\USER\.gradle\caches\8.14.3\transforms\c7fc4207dda0e4117bf7889d48864637\transformed\memory-type-ashmem-3.6.0-api.jar;C:\Users\USER\.gradle\caches\8.14.3\transforms\c8c7746c931f093cab61effeec53d35c\transformed\memory-type-native-3.6.0-api.jar;C:\Users\USER\.gradle\caches\8.14.3\transforms\31ba3c11c4274d08ea298783793ef95a\transformed\memory-type-java-3.6.0-api.jar;C:\Users\USER\.gradle\caches\8.14.3\transforms\2944c452ee02efe4f56aa06f0da44f09\transformed\nativeimagefilters-3.6.0-api.jar;C:\Users\USER\.gradle\caches\8.14.3\transforms\2ba82a540b29b924e7c18ccec0c9febd\transformed\nativeimagetranscoder-3.6.0-api.jar;C:\Users\USER\.gradle\caches\modules-2\files-2.1\com.facebook.yoga\proguard-annotations\1.19.0\fcbbb39052e6490eaaf6a6959c49c3a4fbe87c63\proguard-annotations-1.19.0.jar;C:\Users\USER\.gradle\caches\modules-2\files-2.1\javax.inject\javax.inject\1\6975da39a7040257bd51d21a231b76c915872d38\javax.inject-1.jar;C:\Users\USER\.gradle\caches\modules-2\files-2.1\androidx.constraintlayout\constraintlayout-solver\2.0.1\30988fe2d77f3fe3bf7551bb8a8b795fad7e7226\constraintlayout-solver-2.0.1.jar -d D:\aarambh\frontend\node_modules\react-native-screens\android\build\tmp\kotlin-classes\release -jvm-target 17 -module-name react-native-screens_release -no-jdk -no-reflect -no-stdlib D:\aarambh\frontend\node_modules\react-native-screens\android\build\generated\source\codegen\java\com\facebook\react\viewmanagers\RNSBottomTabsManagerDelegate.java D:\aarambh\frontend\node_modules\react-native-screens\android\build\generated\source\codegen\java\com\facebook\react\viewmanagers\RNSBottomTabsManagerInterface.java D:\aarambh\frontend\node_modules\react-native-screens\android\build\generated\source\codegen\java\com\facebook\react\viewmanagers\RNSBottomTabsScreenManagerDelegate.java D:\aarambh\frontend\node_modules\react-native-screens\android\build\generated\source\codegen\java\com\facebook\react\viewmanagers\RNSBottomTabsScreenManagerInterface.java D:\aarambh\frontend\node_modules\react-native-screens\android\build\generated\source\codegen\java\com\facebook\react\viewmanagers\RNSFullWindowOverlayManagerDelegate.java D:\aarambh\frontend\node_modules\react-native-screens\android\build\generated\source\codegen\java\com\facebook\react\viewmanagers\RNSFullWindowOverlayManagerInterface.java D:\aarambh\frontend\node_modules\react-native-screens\android\build\generated\source\codegen\java\com\facebook\react\viewmanagers\RNSModalScreenManagerDelegate.java D:\aarambh\frontend\node_modules\react-native-screens\android\build\generated\source\codegen\java\com\facebook\react\viewmanagers\RNSModalScreenManagerInterface.java D:\aarambh\frontend\node_modules\react-native-screens\android\build\generated\source\codegen\java\com\facebook\react\viewmanagers\RNSScreenContainerManagerDelegate.java D:\aarambh\frontend\node_modules\react-native-screens\android\build\generated\source\codegen\java\com\facebook\react\viewmanagers\RNSScreenContainerManagerInterface.java D:\aarambh\frontend\node_modules\react-native-screens\android\build\generated\source\codegen\java\com\facebook\react\viewmanagers\RNSScreenContentWrapperManagerDelegate.java D:\aarambh\frontend\node_modules\react-native-screens\android\build\generated\source\codegen\java\com\facebook\react\viewmanagers\RNSScreenContentWrapperManagerInterface.java D:\aarambh\frontend\node_modules\react-native-screens\android\build\generated\source\codegen\java\com\facebook\react\viewmanagers\RNSScreenFooterManagerDelegate.java D:\aarambh\frontend\node_modules\react-native-screens\android\build\generated\source\codegen\java\com\facebook\react\viewmanagers\RNSScreenFooterManagerInterface.java D:\aarambh\frontend\node_modules\react-native-screens\android\build\generated\source\codegen\java\com\facebook\react\viewmanagers\RNSScreenManagerDelegate.java D:\aarambh\frontend\node_modules\react-native-screens\android\build\generated\source\codegen\java\com\facebook\react\viewmanagers\RNSScreenManagerInterface.java D:\aarambh\frontend\node_modules\react-native-screens\android\build\generated\source\codegen\java\com\facebook\react\viewmanagers\RNSScreenNavigationContainerManagerDelegate.java D:\aarambh\frontend\node_modules\react-native-screens\android\build\generated\source\codegen\java\com\facebook\react\viewmanagers\RNSScreenNavigationContainerManagerInterface.java D:\aarambh\frontend\node_modules\react-native-screens\android\build\generated\source\codegen\java\com\facebook\react\viewmanagers\RNSScreenStackHeaderConfigManagerDelegate.java D:\aarambh\frontend\node_modules\react-native-screens\android\build\generated\source\codegen\java\com\facebook\react\viewmanagers\RNSScreenStackHeaderConfigManagerInterface.java D:\aarambh\frontend\node_modules\react-native-screens\android\build\generated\source\codegen\java\com\facebook\react\viewmanagers\RNSScreenStackHeaderSubviewManagerDelegate.java D:\aarambh\frontend\node_modules\react-native-screens\android\build\generated\source\codegen\java\com\facebook\react\viewmanagers\RNSScreenStackHeaderSubviewManagerInterface.java D:\aarambh\frontend\node_modules\react-native-screens\android\build\generated\source\codegen\java\com\facebook\react\viewmanagers\RNSScreenStackHostManagerDelegate.java D:\aarambh\frontend\node_modules\react-native-screens\android\build\generated\source\codegen\java\com\facebook\react\viewmanagers\RNSScreenStackHostManagerInterface.java D:\aarambh\frontend\node_modules\react-native-screens\android\build\generated\source\codegen\java\com\facebook\react\viewmanagers\RNSScreenStackManagerDelegate.java D:\aarambh\frontend\node_modules\react-native-screens\android\build\generated\source\codegen\java\com\facebook\react\viewmanagers\RNSScreenStackManagerInterface.java D:\aarambh\frontend\node_modules\react-native-screens\android\build\generated\source\codegen\java\com\facebook\react\viewmanagers\RNSSearchBarManagerDelegate.java D:\aarambh\frontend\node_modules\react-native-screens\android\build\generated\source\codegen\java\com\facebook\react\viewmanagers\RNSSearchBarManagerInterface.java D:\aarambh\frontend\node_modules\react-native-screens\android\build\generated\source\codegen\java\com\facebook\react\viewmanagers\RNSSplitViewHostManagerDelegate.java D:\aarambh\frontend\node_modules\react-native-screens\android\build\generated\source\codegen\java\com\facebook\react\viewmanagers\RNSSplitViewHostManagerInterface.java D:\aarambh\frontend\node_modules\react-native-screens\android\build\generated\source\codegen\java\com\facebook\react\viewmanagers\RNSSplitViewScreenManagerDelegate.java D:\aarambh\frontend\node_modules\react-native-screens\android\build\generated\source\codegen\java\com\facebook\react\viewmanagers\RNSSplitViewScreenManagerInterface.java D:\aarambh\frontend\node_modules\react-native-screens\android\build\generated\source\codegen\java\com\facebook\react\viewmanagers\RNSStackScreenManagerDelegate.java D:\aarambh\frontend\node_modules\react-native-screens\android\build\generated\source\codegen\java\com\facebook\react\viewmanagers\RNSStackScreenManagerInterface.java D:\aarambh\frontend\node_modules\react-native-screens\android\build\generated\source\codegen\java\com\swmansion\rnscreens\NativeScreensModuleSpec.java D:\aarambh\frontend\node_modules\react-native-screens\android\build\generated\source\buildConfig\release\com\swmansion\rnscreens\BuildConfig.java D:\aarambh\frontend\node_modules\react-native-screens\android\src\main\java\com\swmansion\rnscreens\bottomsheet\BottomSheetBehaviorExt.kt D:\aarambh\frontend\node_modules\react-native-screens\android\src\main\java\com\swmansion\rnscreens\bottomsheet\BottomSheetDialogRootView.kt D:\aarambh\frontend\node_modules\react-native-screens\android\src\main\java\com\swmansion\rnscreens\bottomsheet\BottomSheetDialogScreen.kt D:\aarambh\frontend\node_modules\react-native-screens\android\src\main\java\com\swmansion\rnscreens\bottomsheet\DimmingView.kt D:\aarambh\frontend\node_modules\react-native-screens\android\src\main\java\com\swmansion\rnscreens\bottomsheet\DimmingViewManager.kt D:\aarambh\frontend\node_modules\react-native-screens\android\src\main\java\com\swmansion\rnscreens\bottomsheet\SheetDelegate.kt D:\aarambh\frontend\node_modules\react-native-screens\android\src\main\java\com\swmansion\rnscreens\bottomsheet\SheetUtils.kt D:\aarambh\frontend\node_modules\react-native-screens\android\src\main\java\com\swmansion\rnscreens\CustomSearchView.kt D:\aarambh\frontend\node_modules\react-native-screens\android\src\main\java\com\swmansion\rnscreens\CustomToolbar.kt D:\aarambh\frontend\node_modules\react-native-screens\android\src\main\java\com\swmansion\rnscreens\events\HeaderAttachedEvent.kt D:\aarambh\frontend\node_modules\react-native-screens\android\src\main\java\com\swmansion\rnscreens\events\HeaderBackButtonClickedEvent.kt D:\aarambh\frontend\node_modules\react-native-screens\android\src\main\java\com\swmansion\rnscreens\events\HeaderDetachedEvent.kt D:\aarambh\frontend\node_modules\react-native-screens\android\src\main\java\com\swmansion\rnscreens\events\HeaderHeightChangeEvent.kt D:\aarambh\frontend\node_modules\react-native-screens\android\src\main\java\com\swmansion\rnscreens\events\ScreenAnimationDelegate.kt D:\aarambh\frontend\node_modules\react-native-screens\android\src\main\java\com\swmansion\rnscreens\events\ScreenAppearEvent.kt D:\aarambh\frontend\node_modules\react-native-screens\android\src\main\java\com\swmansion\rnscreens\events\ScreenDisappearEvent.kt D:\aarambh\frontend\node_modules\react-native-screens\android\src\main\java\com\swmansion\rnscreens\events\ScreenDismissedEvent.kt D:\aarambh\frontend\node_modules\react-native-screens\android\src\main\java\com\swmansion\rnscreens\events\ScreenEventEmitter.kt D:\aarambh\frontend\node_modules\react-native-screens\android\src\main\java\com\swmansion\rnscreens\events\ScreenTransitionProgressEvent.kt D:\aarambh\frontend\node_modules\react-native-screens\android\src\main\java\com\swmansion\rnscreens\events\ScreenWillAppearEvent.kt D:\aarambh\frontend\node_modules\react-native-screens\android\src\main\java\com\swmansion\rnscreens\events\ScreenWillDisappearEvent.kt D:\aarambh\frontend\node_modules\react-native-screens\android\src\main\java\com\swmansion\rnscreens\events\SearchBarBlurEvent.kt D:\aarambh\frontend\node_modules\react-native-screens\android\src\main\java\com\swmansion\rnscreens\events\SearchBarChangeTextEvent.kt D:\aarambh\frontend\node_modules\react-native-screens\android\src\main\java\com\swmansion\rnscreens\events\SearchBarCloseEvent.kt D:\aarambh\frontend\node_modules\react-native-screens\android\src\main\java\com\swmansion\rnscreens\events\SearchBarFocusEvent.kt D:\aarambh\frontend\node_modules\react-native-screens\android\src\main\java\com\swmansion\rnscreens\events\SearchBarOpenEvent.kt D:\aarambh\frontend\node_modules\react-native-screens\android\src\main\java\com\swmansion\rnscreens\events\SearchBarSearchButtonPressEvent.kt D:\aarambh\frontend\node_modules\react-native-screens\android\src\main\java\com\swmansion\rnscreens\events\SheetDetentChangedEvent.kt D:\aarambh\frontend\node_modules\react-native-screens\android\src\main\java\com\swmansion\rnscreens\events\StackFinishTransitioningEvent.kt D:\aarambh\frontend\node_modules\react-native-screens\android\src\main\java\com\swmansion\rnscreens\ext\FragmentExt.kt D:\aarambh\frontend\node_modules\react-native-screens\android\src\main\java\com\swmansion\rnscreens\ext\NumericExt.kt D:\aarambh\frontend\node_modules\react-native-screens\android\src\main\java\com\swmansion\rnscreens\ext\ViewExt.kt D:\aarambh\frontend\node_modules\react-native-screens\android\src\main\java\com\swmansion\rnscreens\fragment\restoration\AutoRemovingFragment.kt D:\aarambh\frontend\node_modules\react-native-screens\android\src\main\java\com\swmansion\rnscreens\fragment\restoration\RNScreensFragmentFactory.kt D:\aarambh\frontend\node_modules\react-native-screens\android\src\main\java\com\swmansion\rnscreens\FragmentBackPressOverrider.kt D:\aarambh\frontend\node_modules\react-native-screens\android\src\main\java\com\swmansion\rnscreens\FragmentHolder.kt D:\aarambh\frontend\node_modules\react-native-screens\android\src\main\java\com\swmansion\rnscreens\gamma\common\BaseEventEmitter.kt D:\aarambh\frontend\node_modules\react-native-screens\android\src\main\java\com\swmansion\rnscreens\gamma\common\FragmentProviding.kt D:\aarambh\frontend\node_modules\react-native-screens\android\src\main\java\com\swmansion\rnscreens\gamma\common\NamingAwareEventType.kt D:\aarambh\frontend\node_modules\react-native-screens\android\src\main\java\com\swmansion\rnscreens\gamma\helpers\EventHelpers.kt D:\aarambh\frontend\node_modules\react-native-screens\android\src\main\java\com\swmansion\rnscreens\gamma\helpers\FragmentManagerHelper.kt D:\aarambh\frontend\node_modules\react-native-screens\android\src\main\java\com\swmansion\rnscreens\gamma\helpers\SystemDrawable.kt D:\aarambh\frontend\node_modules\react-native-screens\android\src\main\java\com\swmansion\rnscreens\gamma\helpers\ViewIdHelpers.kt D:\aarambh\frontend\node_modules\react-native-screens\android\src\main\java\com\swmansion\rnscreens\gamma\tabs\event\TabScreenDidAppearEvent.kt D:\aarambh\frontend\node_modules\react-native-screens\android\src\main\java\com\swmansion\rnscreens\gamma\tabs\event\TabScreenDidDisappearEvent.kt D:\aarambh\frontend\node_modules\react-native-screens\android\src\main\java\com\swmansion\rnscreens\gamma\tabs\event\TabScreenWillAppearEvent.kt D:\aarambh\frontend\node_modules\react-native-screens\android\src\main\java\com\swmansion\rnscreens\gamma\tabs\event\TabScreenWillDisappearEvent.kt D:\aarambh\frontend\node_modules\react-native-screens\android\src\main\java\com\swmansion\rnscreens\gamma\tabs\event\TabsHostNativeFocusChangeEvent.kt D:\aarambh\frontend\node_modules\react-native-screens\android\src\main\java\com\swmansion\rnscreens\gamma\tabs\TabScreen.kt D:\aarambh\frontend\node_modules\react-native-screens\android\src\main\java\com\swmansion\rnscreens\gamma\tabs\TabScreenDelegate.kt D:\aarambh\frontend\node_modules\react-native-screens\android\src\main\java\com\swmansion\rnscreens\gamma\tabs\TabScreenEventEmitter.kt D:\aarambh\frontend\node_modules\react-native-screens\android\src\main\java\com\swmansion\rnscreens\gamma\tabs\TabScreenFragment.kt D:\aarambh\frontend\node_modules\react-native-screens\android\src\main\java\com\swmansion\rnscreens\gamma\tabs\TabScreenViewManager.kt D:\aarambh\frontend\node_modules\react-native-screens\android\src\main\java\com\swmansion\rnscreens\gamma\tabs\TabsHost.kt D:\aarambh\frontend\node_modules\react-native-screens\android\src\main\java\com\swmansion\rnscreens\gamma\tabs\TabsHostAppearanceApplicator.kt D:\aarambh\frontend\node_modules\react-native-screens\android\src\main\java\com\swmansion\rnscreens\gamma\tabs\TabsHostAppearanceCoordinator.kt D:\aarambh\frontend\node_modules\react-native-screens\android\src\main\java\com\swmansion\rnscreens\gamma\tabs\TabsHostEventEmitter.kt D:\aarambh\frontend\node_modules\react-native-screens\android\src\main\java\com\swmansion\rnscreens\gamma\tabs\TabsHostViewManager.kt D:\aarambh\frontend\node_modules\react-native-screens\android\src\main\java\com\swmansion\rnscreens\InsetsObserverProxy.kt D:\aarambh\frontend\node_modules\react-native-screens\android\src\main\java\com\swmansion\rnscreens\ModalScreenViewManager.kt D:\aarambh\frontend\node_modules\react-native-screens\android\src\main\java\com\swmansion\rnscreens\RNScreensPackage.kt D:\aarambh\frontend\node_modules\react-native-screens\android\src\main\java\com\swmansion\rnscreens\Screen.kt D:\aarambh\frontend\node_modules\react-native-screens\android\src\main\java\com\swmansion\rnscreens\ScreenContainer.kt D:\aarambh\frontend\node_modules\react-native-screens\android\src\main\java\com\swmansion\rnscreens\ScreenContainerViewManager.kt D:\aarambh\frontend\node_modules\react-native-screens\android\src\main\java\com\swmansion\rnscreens\ScreenContentWrapper.kt D:\aarambh\frontend\node_modules\react-native-screens\android\src\main\java\com\swmansion\rnscreens\ScreenContentWrapperManager.kt D:\aarambh\frontend\node_modules\react-native-screens\android\src\main\java\com\swmansion\rnscreens\ScreenEventDispatcher.kt D:\aarambh\frontend\node_modules\react-native-screens\android\src\main\java\com\swmansion\rnscreens\ScreenFooter.kt D:\aarambh\frontend\node_modules\react-native-screens\android\src\main\java\com\swmansion\rnscreens\ScreenFooterManager.kt D:\aarambh\frontend\node_modules\react-native-screens\android\src\main\java\com\swmansion\rnscreens\ScreenFragment.kt D:\aarambh\frontend\node_modules\react-native-screens\android\src\main\java\com\swmansion\rnscreens\ScreenFragmentWrapper.kt D:\aarambh\frontend\node_modules\react-native-screens\android\src\main\java\com\swmansion\rnscreens\ScreenModalFragment.kt D:\aarambh\frontend\node_modules\react-native-screens\android\src\main\java\com\swmansion\rnscreens\ScreensModule.kt D:\aarambh\frontend\node_modules\react-native-screens\android\src\main\java\com\swmansion\rnscreens\ScreensShadowNode.kt D:\aarambh\frontend\node_modules\react-native-screens\android\src\main\java\com\swmansion\rnscreens\ScreenStack.kt D:\aarambh\frontend\node_modules\react-native-screens\android\src\main\java\com\swmansion\rnscreens\ScreenStackFragment.kt D:\aarambh\frontend\node_modules\react-native-screens\android\src\main\java\com\swmansion\rnscreens\ScreenStackFragmentWrapper.kt D:\aarambh\frontend\node_modules\react-native-screens\android\src\main\java\com\swmansion\rnscreens\ScreenStackHeaderConfig.kt D:\aarambh\frontend\node_modules\react-native-screens\android\src\main\java\com\swmansion\rnscreens\ScreenStackHeaderConfigShadowNode.kt D:\aarambh\frontend\node_modules\react-native-screens\android\src\main\java\com\swmansion\rnscreens\ScreenStackHeaderConfigViewManager.kt D:\aarambh\frontend\node_modules\react-native-screens\android\src\main\java\com\swmansion\rnscreens\ScreenStackHeaderSubview.kt D:\aarambh\frontend\node_modules\react-native-screens\android\src\main\java\com\swmansion\rnscreens\ScreenStackHeaderSubviewManager.kt D:\aarambh\frontend\node_modules\react-native-screens\android\src\main\java\com\swmansion\rnscreens\ScreenStackViewManager.kt D:\aarambh\frontend\node_modules\react-native-screens\android\src\main\java\com\swmansion\rnscreens\ScreenViewManager.kt D:\aarambh\frontend\node_modules\react-native-screens\android\src\main\java\com\swmansion\rnscreens\ScreenWindowTraits.kt D:\aarambh\frontend\node_modules\react-native-screens\android\src\main\java\com\swmansion\rnscreens\SearchBarManager.kt D:\aarambh\frontend\node_modules\react-native-screens\android\src\main\java\com\swmansion\rnscreens\SearchBarView.kt D:\aarambh\frontend\node_modules\react-native-screens\android\src\main\java\com\swmansion\rnscreens\SearchViewFormatter.kt D:\aarambh\frontend\node_modules\react-native-screens\android\src\main\java\com\swmansion\rnscreens\stack\anim\ScreensAnimation.kt D:\aarambh\frontend\node_modules\react-native-screens\android\src\main\java\com\swmansion\rnscreens\stack\views\ChildDrawingOrderStrategyImpl.kt D:\aarambh\frontend\node_modules\react-native-screens\android\src\main\java\com\swmansion\rnscreens\stack\views\ChildrenDrawingOrderStrategy.kt D:\aarambh\frontend\node_modules\react-native-screens\android\src\main\java\com\swmansion\rnscreens\stack\views\ScreensCoordinatorLayout.kt D:\aarambh\frontend\node_modules\react-native-screens\android\src\main\java\com\swmansion\rnscreens\transition\ExternalBoundaryValuesEvaluator.kt D:\aarambh\frontend\node_modules\react-native-screens\android\src\main\java\com\swmansion\rnscreens\utils\DeviceUtils.kt D:\aarambh\frontend\node_modules\react-native-screens\android\src\main\java\com\swmansion\rnscreens\utils\FragmentTransactionKt.kt D:\aarambh\frontend\node_modules\react-native-screens\android\src\main\java\com\swmansion\rnscreens\utils\InsetsKt.kt D:\aarambh\frontend\node_modules\react-native-screens\android\src\main\java\com\swmansion\rnscreens\utils\PaddingBundle.kt D:\aarambh\frontend\node_modules\react-native-screens\android\src\main\java\com\swmansion\rnscreens\utils\RNSLog.kt D:\aarambh\frontend\node_modules\react-native-screens\android\src\main\java\com\swmansion\rnscreens\utils\ScreenDummyLayoutHelper.kt D:\aarambh\frontend\node_modules\react-native-screens\android\src\fabric\java\com\swmansion\rnscreens\FabricEnabledHeaderConfigViewGroup.kt D:\aarambh\frontend\node_modules\react-native-screens\android\src\fabric\java\com\swmansion\rnscreens\FabricEnabledHeaderSubviewViewGroup.kt D:\aarambh\frontend\node_modules\react-native-screens\android\src\fabric\java\com\swmansion\rnscreens\FabricEnabledViewGroup.kt D:\aarambh\frontend\node_modules\react-native-screens\android\src\fabric\java\com\swmansion\rnscreens\NativeProxy.kt D:\aarambh\frontend\node_modules\react-native-screens\android\src\versioned\backgroundcolor\latest\ViewBackgroundUtils.kt D:\aarambh\frontend\node_modules\react-native-screens\android\src\versioned\pointerevents\latest\com\swmansion\rnscreens\bottomsheet\DimmingViewPointerEvents.kt D:\aarambh\frontend\node_modules\react-native-screens\android\src\versioned\pointerevents\latest\com\swmansion\rnscreens\PointerEventsBoxNoneImpl.kt D:\aarambh\frontend\node_modules\react-native-screens\android\src\versioned\edge-to-edge\latest\com\swmansion\rnscreens\utils\EdgeToEdgeDetector.kt
2026-08-14 11:36:23.828 [daemon] INFO: Message: logging: using Kotlin home directory <no_path>
2026-08-14 11:36:23.828 [daemon] INFO: Message: logging: exception on loading scripting plugin: java.lang.ClassNotFoundException: org.jetbrains.kotlin.scripting.compiler.plugin.ScriptingCompilerConfigurationComponentRegistrar
2026-08-14 11:36:23.829 [daemon] INFO: Message: logging: scripting plugin will not be loaded: not all required jars are present in the classpath (missing files: [.\kotlin-scripting-compiler.jar, .\kotlin-scripting-compiler-impl.jar, .\kotlin-scripting-common.jar, .\kotlin-scripting-jvm.jar])
2026-08-14 11:36:23.829 [daemon] INFO: Message: logging: configuring the compilation environment
2026-08-14 11:36:23.829 [daemon] INFO: Message: output: output:
D:\aarambh\frontend\node_modules\react-native-safe-area-context\android\build\tmp\kotlin-classes\release\com\th3rdwave\safeareacontext\InsetsChangeEvent.class
Sources:
D:\aarambh\frontend\node_modules\react-native-safe-area-context\android\src\fabric\java\com\th3rdwave\safeareacontext\InsetsChangeEvent.kt
2026-08-14 11:36:23.832 [daemon] INFO: Message: output: output:
D:\aarambh\frontend\node_modules\react-native-safe-area-context\android\build\tmp\kotlin-classes\release\com\th3rdwave\safeareacontext\InsetsChangeEvent$Companion.class
Sources:
D:\aarambh\frontend\node_modules\react-native-safe-area-context\android\src\fabric\java\com\th3rdwave\safeareacontext\InsetsChangeEvent.kt
2026-08-14 11:36:23.833 [daemon] INFO: Message: output: output:
D:\aarambh\frontend\node_modules\react-native-safe-area-context\android\build\tmp\kotlin-classes\release\com\th3rdwave\safeareacontext\UIManagerHelperCompatKt.class
Sources:
D:\aarambh\frontend\node_modules\react-native-safe-area-context\android\src\fabric\java\com\th3rdwave\safeareacontext\UIManagerHelperCompat.kt
2026-08-14 11:36:23.833 [daemon] INFO: Message: output: output:
D:\aarambh\frontend\node_modules\react-native-safe-area-context\android\build\tmp\kotlin-classes\release\com\th3rdwave\safeareacontext\EdgeInsets.class
Sources:
D:\aarambh\frontend\node_modules\react-native-safe-area-context\android\src\main\java\com\th3rdwave\safeareacontext\EdgeInsets.kt
2026-08-14 11:36:23.834 [daemon] INFO: Message: output: output:
D:\aarambh\frontend\node_modules\react-native-safe-area-context\android\build\tmp\kotlin-classes\release\com\th3rdwave\safeareacontext\Rect.class
Sources:
D:\aarambh\frontend\node_modules\react-native-safe-area-context\android\src\main\java\com\th3rdwave\safeareacontext\Rect.kt
2026-08-14 11:36:23.835 [daemon] INFO: Message: output: output:
D:\aarambh\frontend\node_modules\react-native-safe-area-context\android\build\tmp\kotlin-classes\release\com\th3rdwave\safeareacontext\SafeAreaContextModule.class
Sources:
D:\aarambh\frontend\node_modules\react-native-safe-area-context\android\src\main\java\com\th3rdwave\safeareacontext\SafeAreaContextModule.kt
2026-08-14 11:36:23.835 [daemon] INFO: Message: output: output:
D:\aarambh\frontend\node_modules\react-native-safe-area-context\android\build\tmp\kotlin-classes\release\com\th3rdwave\safeareacontext\SafeAreaContextModule$Companion.class
Sources:
D:\aarambh\frontend\node_modules\react-native-safe-area-context\android\src\main\java\com\th3rdwave\safeareacontext\SafeAreaContextModule.kt
2026-08-14 11:36:23.836 [daemon] INFO: Message: output: output:
D:\aarambh\frontend\node_modules\react-native-safe-area-context\android\build\tmp\kotlin-classes\release\com\th3rdwave\safeareacontext\SafeAreaContextPackage.class
Sources:
D:\aarambh\frontend\node_modules\react-native-safe-area-context\android\src\main\java\com\th3rdwave\safeareacontext\SafeAreaContextPackage.kt
2026-08-14 11:36:23.837 [daemon] INFO: Message: output: output:
D:\aarambh\frontend\node_modules\react-native-safe-area-context\android\build\tmp\kotlin-classes\release\com\th3rdwave\safeareacontext\SafeAreaProvider.class
Sources:
D:\aarambh\frontend\node_modules\react-native-safe-area-context\android\src\main\java\com\th3rdwave\safeareacontext\SafeAreaProvider.kt
2026-08-14 11:36:23.837 [daemon] INFO: Message: output: output:
D:\aarambh\frontend\node_modules\react-native-safe-area-context\android\build\tmp\kotlin-classes\release\com\th3rdwave\safeareacontext\SafeAreaProviderKt.class
Sources:
D:\aarambh\frontend\node_modules\react-native-safe-area-context\android\src\main\java\com\th3rdwave\safeareacontext\SafeAreaProvider.kt
2026-08-14 11:36:23.838 [daemon] INFO: Message: output: output:
D:\aarambh\frontend\node_modules\react-native-safe-area-context\android\build\tmp\kotlin-classes\release\com\th3rdwave\safeareacontext\SafeAreaProviderManager.class
Sources:
D:\aarambh\frontend\node_modules\react-native-safe-area-context\android\src\main\java\com\th3rdwave\safeareacontext\SafeAreaProviderManager.kt
2026-08-14 11:36:23.839 [daemon] INFO: Message: output: output:
D:\aarambh\frontend\node_modules\react-native-safe-area-context\android\build\tmp\kotlin-classes\release\com\th3rdwave\safeareacontext\SafeAreaProviderManager$addEventEmitters$1.class
Sources:
D:\aarambh\frontend\node_modules\react-native-safe-area-context\android\src\main\java\com\th3rdwave\safeareacontext\SafeAreaProviderManager.kt
2026-08-14 11:36:23.839 [daemon] INFO: Message: output: output:
D:\aarambh\frontend\node_modules\react-native-safe-area-context\android\build\tmp\kotlin-classes\release\com\th3rdwave\safeareacontext\SafeAreaProviderManager$Companion.class
Sources:
D:\aarambh\frontend\node_modules\react-native-safe-area-context\android\src\main\java\com\th3rdwave\safeareacontext\SafeAreaProviderManager.kt
2026-08-14 11:36:23.840 [daemon] INFO: Message: output: output:
D:\aarambh\frontend\node_modules\react-native-safe-area-context\android\build\tmp\kotlin-classes\release\com\th3rdwave\safeareacontext\SafeAreaProviderManagerKt.class
Sources:
D:\aarambh\frontend\node_modules\react-native-safe-area-context\android\src\main\java\com\th3rdwave\safeareacontext\SafeAreaProviderManager.kt
2026-08-14 11:36:23.840 [daemon] INFO: Message: output: output:
D:\aarambh\frontend\node_modules\react-native-safe-area-context\android\build\tmp\kotlin-classes\release\com\th3rdwave\safeareacontext\SafeAreaUtilsKt.class
Sources:
D:\aarambh\frontend\node_modules\react-native-safe-area-context\android\src\main\java\com\th3rdwave\safeareacontext\SafeAreaUtils.kt
2026-08-14 11:36:23.843 [daemon] INFO: Message: output: output:
D:\aarambh\frontend\node_modules\react-native-safe-area-context\android\build\tmp\kotlin-classes\release\com\th3rdwave\safeareacontext\SafeAreaView.class
Sources:
D:\aarambh\frontend\node_modules\react-native-safe-area-context\android\src\main\java\com\th3rdwave\safeareacontext\SafeAreaView.kt
2026-08-14 11:36:23.843 [daemon] INFO: Message: output: output:
D:\aarambh\frontend\node_modules\react-native-safe-area-context\android\build\tmp\kotlin-classes\release\com\th3rdwave\safeareacontext\SafeAreaViewKt.class
Sources:
D:\aarambh\frontend\node_modules\react-native-safe-area-context\android\src\main\java\com\th3rdwave\safeareacontext\SafeAreaView.kt
2026-08-14 11:36:23.844 [daemon] INFO: Message: output: output:
D:\aarambh\frontend\node_modules\react-native-safe-area-context\android\build\tmp\kotlin-classes\release\com\th3rdwave\safeareacontext\SafeAreaViewEdgeModes.class
Sources:
D:\aarambh\frontend\node_modules\react-native-safe-area-context\android\src\main\java\com\th3rdwave\safeareacontext\SafeAreaViewEdges.kt
2026-08-14 11:36:23.844 [daemon] INFO: Message: output: output:
D:\aarambh\frontend\node_modules\react-native-safe-area-context\android\build\tmp\kotlin-classes\release\com\th3rdwave\safeareacontext\SafeAreaViewEdges.class
Sources:
D:\aarambh\frontend\node_modules\react-native-safe-area-context\android\src\main\java\com\th3rdwave\safeareacontext\SafeAreaViewEdges.kt
2026-08-14 11:36:23.844 [daemon] INFO: Message: output: output:
D:\aarambh\frontend\node_modules\react-native-safe-area-context\android\build\tmp\kotlin-classes\release\com\th3rdwave\safeareacontext\Safe.class
Sources:
D:\aarambh\frontend\node_modules\react-native-safe-area-context\android\src\main\java\com\th3rdwave\safeareacontext\SafeAreaViewEdges.kt
2026-08-14 11:36:23.845 [daemon] INFO: Message: output: output:
D:\aarambh\frontend\node_modules\react-native-safe-area-context\android\build\tmp\kotlin-classes\release\com\th3rdwave\safeareacontext\SafeAreaViewLocalData.class
Sources:
D:\aarambh\frontend\node_modules\react-native-safe-area-context\android\src\main\java\com\th3rdwave\safeareacontext\SafeAreaViewLocalData.kt
2026-08-14 11:36:23.845 [daemon] INFO: Message: output: output:
D:\aarambh\frontend\node_modules\react-native-safe-area-context\android\build\tmp\kotlin-classes\release\com\th3rdwave\safeareacontext\SafeAreaViewManager.class
Sources:
D:\aarambh\frontend\node_modules\react-native-safe-area-context\android\src\main\java\com\th3rdwave\safeareacontext\SafeAreaViewManager.kt
2026-08-14 11:36:23.845 [daemon] INFO: Message: output: output:
D:\aarambh\frontend\node_modules\react-native-safe-area-context\android\build\tmp\kotlin-classes\release\com\th3rdwave\safeareacontext\SafeAreaViewManager$Companion.class
Sources:
D:\aarambh\frontend\node_modules\react-native-safe-area-context\android\src\main\java\com\th3rdwave\safeareacontext\SafeAreaViewManager.kt
2026-08-14 11:36:23.846 [daemon] INFO: Message: output: output:
D:\aarambh\frontend\node_modules\react-native-safe-area-context\android\build\tmp\kotlin-classes\release\com\th3rdwave\safeareacontext\SafeAreaViewMode.class
Sources:
D:\aarambh\frontend\node_modules\react-native-safe-area-context\android\src\main\java\com\th3rdwave\safeareacontext\SafeAreaViewMode.kt
2026-08-14 11:36:23.847 [daemon] INFO: Message: output: output:
D:\aarambh\frontend\node_modules\react-native-safe-area-context\android\build\tmp\kotlin-classes\release\com\th3rdwave\safeareacontext\SafeAreaViewShadowNode.class
Sources:
D:\aarambh\frontend\node_modules\react-native-safe-area-context\android\src\main\java\com\th3rdwave\safeareacontext\SafeAreaViewShadowNode.kt
2026-08-14 11:36:23.847 [daemon] INFO: Message: output: output:
D:\aarambh\frontend\node_modules\react-native-safe-area-context\android\build\tmp\kotlin-classes\release\com\th3rdwave\safeareacontext\SerializationUtilsKt.class
Sources:
D:\aarambh\frontend\node_modules\react-native-safe-area-context\android\src\main\java\com\th3rdwave\safeareacontext\SerializationUtils.kt
2026-08-14 11:36:23.849 [daemon] INFO: Message: output: output:
D:\aarambh\frontend\node_modules\react-native-safe-area-context\android\build\tmp\kotlin-classes\release\META-INF\react-native-safe-area-context_release.kotlin_module
Sources:
D:\aarambh\frontend\node_modules\react-native-safe-area-context\android\src\main\java\com\th3rdwave\safeareacontext\SafeAreaContextPackage.kt
D:\aarambh\frontend\node_modules\react-native-safe-area-context\android\src\main\java\com\th3rdwave\safeareacontext\SafeAreaViewEdges.kt
D:\aarambh\frontend\node_modules\react-native-safe-area-context\android\src\main\java\com\th3rdwave\safeareacontext\SafeAreaProvider.kt
D:\aarambh\frontend\node_modules\react-native-safe-area-context\android\src\main\java\com\th3rdwave\safeareacontext\SafeAreaContextModule.kt
D:\aarambh\frontend\node_modules\react-native-safe-area-context\android\src\main\java\com\th3rdwave\safeareacontext\SerializationUtils.kt
D:\aarambh\frontend\node_modules\react-native-safe-area-context\android\src\fabric\java\com\th3rdwave\safeareacontext\InsetsChangeEvent.kt
D:\aarambh\frontend\node_modules\react-native-safe-area-context\android\src\main\java\com\th3rdwave\safeareacontext\SafeAreaProviderManager.kt
D:\aarambh\frontend\node_modules\react-native-safe-area-context\android\src\main\java\com\th3rdwave\safeareacontext\SafeAreaUtils.kt
D:\aarambh\frontend\node_modules\react-native-safe-area-context\android\src\main\java\com\th3rdwave\safeareacontext\SafeAreaViewLocalData.kt
D:\aarambh\frontend\node_modules\react-native-safe-area-context\android\src\main\java\com\th3rdwave\safeareacontext\Rect.kt
D:\aarambh\frontend\node_modules\react-native-safe-area-context\android\src\main\java\com\th3rdwave\safeareacontext\SafeAreaViewShadowNode.kt
D:\aarambh\frontend\node_modules\react-native-safe-area-context\android\src\fabric\java\com\th3rdwave\safeareacontext\UIManagerHelperCompat.kt
D:\aarambh\frontend\node_modules\react-native-safe-area-context\android\src\main\java\com\th3rdwave\safeareacontext\SafeAreaViewMode.kt
D:\aarambh\frontend\node_modules\react-native-safe-area-context\android\src\main\java\com\th3rdwave\safeareacontext\SafeAreaView.kt
D:\aarambh\frontend\node_modules\react-native-safe-area-context\android\src\main\java\com\th3rdwave\safeareacontext\EdgeInsets.kt
D:\aarambh\frontend\node_modules\react-native-safe-area-context\android\src\main\java\com\th3rdwave\safeareacontext\SafeAreaViewManager.kt
2026-08-14 11:36:23.850 [daemon] INFO: Message: warning: 'val uiImplementation: UIImplementation!' is deprecated. Deprecated in Java.
            uiManager.uiImplementation.dispatchViewUpdates(-1)
                      ^^^^^^^^^^^^^^^^
2026-08-14 11:36:27.281 [compiler] INFO: Done with result 0
2026-08-14 11:36:27.284 [compiler] INFO: cleaning after session 6
2026-08-14 11:37:16.989 [daemon] INFO: Message: logging: using Kotlin home directory <no_path>
2026-08-14 11:37:16.991 [daemon] INFO: Message: logging: exception on loading scripting plugin: java.lang.ClassNotFoundException: org.jetbrains.kotlin.scripting.compiler.plugin.ScriptingCompilerConfigurationComponentRegistrar
2026-08-14 11:37:16.991 [daemon] INFO: Message: logging: scripting plugin will not be loaded: not all required jars are present in the classpath (missing files: [.\kotlin-scripting-compiler.jar, .\kotlin-scripting-compiler-impl.jar, .\kotlin-scripting-common.jar, .\kotlin-scripting-jvm.jar])
2026-08-14 11:37:16.991 [daemon] INFO: Message: logging: configuring the compilation environment
2026-08-14 11:37:16.991 [daemon] INFO: Message: output: output:
D:\aarambh\frontend\node_modules\react-native-screens\android\build\tmp\kotlin-classes\release\com\swmansion\rnscreens\FabricEnabledHeaderConfigViewGroup.class
Sources:
D:\aarambh\frontend\node_modules\react-native-screens\android\src\fabric\java\com\swmansion\rnscreens\FabricEnabledHeaderConfigViewGroup.kt
2026-08-14 11:37:16.992 [daemon] INFO: Message: output: output:
D:\aarambh\frontend\node_modules\react-native-screens\android\build\tmp\kotlin-classes\release\com\swmansion\rnscreens\FabricEnabledHeaderConfigViewGroup$Companion.class
Sources:
D:\aarambh\frontend\node_modules\react-native-screens\android\src\fabric\java\com\swmansion\rnscreens\FabricEnabledHeaderConfigViewGroup.kt
2026-08-14 11:37:16.993 [daemon] INFO: Message: output: output:
D:\aarambh\frontend\node_modules\react-native-screens\android\build\tmp\kotlin-classes\release\com\swmansion\rnscreens\FabricEnabledHeaderSubviewViewGroup.class
Sources:
D:\aarambh\frontend\node_modules\react-native-screens\android\src\fabric\java\com\swmansion\rnscreens\FabricEnabledHeaderSubviewViewGroup.kt
2026-08-14 11:37:16.994 [daemon] INFO: Message: output: output:
D:\aarambh\frontend\node_modules\react-native-screens\android\build\tmp\kotlin-classes\release\com\swmansion\rnscreens\FabricEnabledHeaderSubviewViewGroup$Companion.class
Sources:
D:\aarambh\frontend\node_modules\react-native-screens\android\src\fabric\java\com\swmansion\rnscreens\FabricEnabledHeaderSubviewViewGroup.kt
2026-08-14 11:37:16.994 [daemon] INFO: Message: output: output:
D:\aarambh\frontend\node_modules\react-native-screens\android\build\tmp\kotlin-classes\release\com\swmansion\rnscreens\FabricEnabledViewGroup.class
Sources:
D:\aarambh\frontend\node_modules\react-native-screens\android\src\fabric\java\com\swmansion\rnscreens\FabricEnabledViewGroup.kt
2026-08-14 11:37:16.996 [daemon] INFO: Message: output: output:
D:\aarambh\frontend\node_modules\react-native-screens\android\build\tmp\kotlin-classes\release\com\swmansion\rnscreens\NativeProxy.class
Sources:
D:\aarambh\frontend\node_modules\react-native-screens\android\src\fabric\java\com\swmansion\rnscreens\NativeProxy.kt
2026-08-14 11:37:16.998 [daemon] INFO: Message: output: output:
D:\aarambh\frontend\node_modules\react-native-screens\android\build\tmp\kotlin-classes\release\com\swmansion\rnscreens\NativeProxy$Companion.class
Sources:
D:\aarambh\frontend\node_modules\react-native-screens\android\src\fabric\java\com\swmansion\rnscreens\NativeProxy.kt
2026-08-14 11:37:16.998 [daemon] INFO: Message: output: output:
D:\aarambh\frontend\node_modules\react-native-screens\android\build\tmp\kotlin-classes\release\com\swmansion\rnscreens\CustomSearchView.class
Sources:
D:\aarambh\frontend\node_modules\react-native-screens\android\src\main\java\com\swmansion\rnscreens\CustomSearchView.kt
2026-08-14 11:37:16.998 [daemon] INFO: Message: output: output:
D:\aarambh\frontend\node_modules\react-native-screens\android\build\tmp\kotlin-classes\release\com\swmansion\rnscreens\CustomSearchView$onBackPressedCallback$1.class
Sources:
D:\aarambh\frontend\node_modules\react-native-screens\android\src\main\java\com\swmansion\rnscreens\CustomSearchView.kt
2026-08-14 11:37:16.999 [daemon] INFO: Message: output: output:
D:\aarambh\frontend\node_modules\react-native-screens\android\build\tmp\kotlin-classes\release\com\swmansion\rnscreens\CustomToolbar.class
Sources:
D:\aarambh\frontend\node_modules\react-native-screens\android\src\main\java\com\swmansion\rnscreens\CustomToolbar.kt
2026-08-14 11:37:16.999 [daemon] INFO: Message: output: output:
D:\aarambh\frontend\node_modules\react-native-screens\android\build\tmp\kotlin-classes\release\com\swmansion\rnscreens\CustomToolbar$layoutCallback$1.class
Sources:
D:\aarambh\frontend\node_modules\react-native-screens\android\src\main\java\com\swmansion\rnscreens\CustomToolbar.kt
2026-08-14 11:37:16.999 [daemon] INFO: Message: output: output:
D:\aarambh\frontend\node_modules\react-native-screens\android\build\tmp\kotlin-classes\release\com\swmansion\rnscreens\FragmentBackPressOverrider.class
Sources:
D:\aarambh\frontend\node_modules\react-native-screens\android\src\main\java\com\swmansion\rnscreens\FragmentBackPressOverrider.kt
2026-08-14 11:37:17.000 [daemon] INFO: Message: output: output:
D:\aarambh\frontend\node_modules\react-native-screens\android\build\tmp\kotlin-classes\release\com\swmansion\rnscreens\FragmentHolder.class
Sources:
D:\aarambh\frontend\node_modules\react-native-screens\android\src\main\java\com\swmansion\rnscreens\FragmentHolder.kt
2026-08-14 11:37:17.000 [daemon] INFO: Message: output: output:
D:\aarambh\frontend\node_modules\react-native-screens\android\build\tmp\kotlin-classes\release\com\swmansion\rnscreens\InsetsObserverProxy.class
Sources:
D:\aarambh\frontend\node_modules\react-native-screens\android\src\main\java\com\swmansion\rnscreens\InsetsObserverProxy.kt
2026-08-14 11:37:17.000 [daemon] INFO: Message: output: output:
D:\aarambh\frontend\node_modules\react-native-screens\android\build\tmp\kotlin-classes\release\com\swmansion\rnscreens\ModalScreenViewManager.class
Sources:
D:\aarambh\frontend\node_modules\react-native-screens\android\src\main\java\com\swmansion\rnscreens\ModalScreenViewManager.kt
2026-08-14 11:37:17.001 [daemon] INFO: Message: output: output:
D:\aarambh\frontend\node_modules\react-native-screens\android\build\tmp\kotlin-classes\release\com\swmansion\rnscreens\ModalScreenViewManager$Companion.class
Sources:
D:\aarambh\frontend\node_modules\react-native-screens\android\src\main\java\com\swmansion\rnscreens\ModalScreenViewManager.kt
2026-08-14 11:37:17.001 [daemon] INFO: Message: output: output:
D:\aarambh\frontend\node_modules\react-native-screens\android\build\tmp\kotlin-classes\release\com\swmansion\rnscreens\RNScreensPackage.class
Sources:
D:\aarambh\frontend\node_modules\react-native-screens\android\src\main\java\com\swmansion\rnscreens\RNScreensPackage.kt
2026-08-14 11:37:17.001 [daemon] INFO: Message: output: output:
D:\aarambh\frontend\node_modules\react-native-screens\android\build\tmp\kotlin-classes\release\com\swmansion\rnscreens\RNScreensPackage$Companion.class
Sources:
D:\aarambh\frontend\node_modules\react-native-screens\android\src\main\java\com\swmansion\rnscreens\RNScreensPackage.kt
2026-08-14 11:37:17.001 [daemon] INFO: Message: output: output:
D:\aarambh\frontend\node_modules\react-native-screens\android\build\tmp\kotlin-classes\release\com\swmansion\rnscreens\Screen.class
Sources:
D:\aarambh\frontend\node_modules\react-native-screens\android\src\main\java\com\swmansion\rnscreens\Screen.kt
2026-08-14 11:37:17.003 [daemon] INFO: Message: output: output:
D:\aarambh\frontend\node_modules\react-native-screens\android\build\tmp\kotlin-classes\release\com\swmansion\rnscreens\Screen$updateScreenSizePaper$1.class
Sources:
D:\aarambh\frontend\node_modules\react-native-screens\android\src\main\java\com\swmansion\rnscreens\Screen.kt
2026-08-14 11:37:17.010 [daemon] INFO: Message: output: output:
D:\aarambh\frontend\node_modules\react-native-screens\android\build\tmp\kotlin-classes\release\com\swmansion\rnscreens\Screen$StackPresentation.class
Sources:
D:\aarambh\frontend\node_modules\react-native-screens\android\src\main\java\com\swmansion\rnscreens\Screen.kt
2026-08-14 11:37:17.011 [daemon] INFO: Message: output: output:
D:\aarambh\frontend\node_modules\react-native-screens\android\build\tmp\kotlin-classes\release\com\swmansion\rnscreens\Screen$StackAnimation.class
Sources:
D:\aarambh\frontend\node_modules\react-native-screens\android\src\main\java\com\swmansion\rnscreens\Screen.kt
2026-08-14 11:37:17.013 [daemon] INFO: Message: output: output:
D:\aarambh\frontend\node_modules\react-native-screens\android\build\tmp\kotlin-classes\release\com\swmansion\rnscreens\Screen$ReplaceAnimation.class
Sources:
D:\aarambh\frontend\node_modules\react-native-screens\android\src\main\java\com\swmansion\rnscreens\Screen.kt
2026-08-14 11:37:17.014 [daemon] INFO: Message: output: output:
D:\aarambh\frontend\node_modules\react-native-screens\android\build\tmp\kotlin-classes\release\com\swmansion\rnscreens\Screen$ActivityState.class
Sources:
D:\aarambh\frontend\node_modules\react-native-screens\android\src\main\java\com\swmansion\rnscreens\Screen.kt
2026-08-14 11:37:17.015 [daemon] INFO: Message: output: output:
D:\aarambh\frontend\node_modules\react-native-screens\android\build\tmp\kotlin-classes\release\com\swmansion\rnscreens\Screen$WindowTraits.class
Sources:
D:\aarambh\frontend\node_modules\react-native-screens\android\src\main\java\com\swmansion\rnscreens\Screen.kt
2026-08-14 11:37:17.015 [daemon] INFO: Message: output: output:
D:\aarambh\frontend\node_modules\react-native-screens\android\build\tmp\kotlin-classes\release\com\swmansion\rnscreens\Screen$Companion.class
Sources:
D:\aarambh\frontend\node_modules\react-native-screens\android\src\main\java\com\swmansion\rnscreens\Screen.kt
2026-08-14 11:37:17.017 [daemon] INFO: Message: output: output:
D:\aarambh\frontend\node_modules\react-native-screens\android\build\tmp\kotlin-classes\release\com\swmansion\rnscreens\Screen$WhenMappings.class
Sources:
D:\aarambh\frontend\node_modules\react-native-screens\android\src\main\java\com\swmansion\rnscreens\Screen.kt
2026-08-14 11:37:17.017 [daemon] INFO: Message: output: output:
D:\aarambh\frontend\node_modules\react-native-screens\android\build\tmp\kotlin-classes\release\com\swmansion\rnscreens\ScreenKt.class
Sources:
D:\aarambh\frontend\node_modules\react-native-screens\android\src\main\java\com\swmansion\rnscreens\Screen.kt
2026-08-14 11:37:17.017 [daemon] INFO: Message: output: output:
D:\aarambh\frontend\node_modules\react-native-screens\android\build\tmp\kotlin-classes\release\com\swmansion\rnscreens\ScreenContainer.class
Sources:
D:\aarambh\frontend\node_modules\react-native-screens\android\src\main\java\com\swmansion\rnscreens\ScreenContainer.kt
2026-08-14 11:37:17.019 [daemon] INFO: Message: output: output:
D:\aarambh\frontend\node_modules\react-native-screens\android\build\tmp\kotlin-classes\release\com\swmansion\rnscreens\ScreenContainer$layoutCallback$1.class
Sources:
D:\aarambh\frontend\node_modules\react-native-screens\android\src\main\java\com\swmansion\rnscreens\ScreenContainer.kt
2026-08-14 11:37:17.019 [daemon] INFO: Message: output: output:
D:\aarambh\frontend\node_modules\react-native-screens\android\build\tmp\kotlin-classes\release\com\swmansion\rnscreens\ScreenContainerViewManager.class
Sources:
D:\aarambh\frontend\node_modules\react-native-screens\android\src\main\java\com\swmansion\rnscreens\ScreenContainerViewManager.kt
2026-08-14 11:37:17.019 [daemon] INFO: Message: output: output:
D:\aarambh\frontend\node_modules\react-native-screens\android\build\tmp\kotlin-classes\release\com\swmansion\rnscreens\ScreenContainerViewManager$Companion.class
Sources:
D:\aarambh\frontend\node_modules\react-native-screens\android\src\main\java\com\swmansion\rnscreens\ScreenContainerViewManager.kt
2026-08-14 11:37:17.020 [daemon] INFO: Message: output: output:
D:\aarambh\frontend\node_modules\react-native-screens\android\build\tmp\kotlin-classes\release\com\swmansion\rnscreens\ScreenContentWrapper.class
Sources:
D:\aarambh\frontend\node_modules\react-native-screens\android\src\main\java\com\swmansion\rnscreens\ScreenContentWrapper.kt
2026-08-14 11:37:17.020 [daemon] INFO: Message: output: output:
D:\aarambh\frontend\node_modules\react-native-screens\android\build\tmp\kotlin-classes\release\com\swmansion\rnscreens\ScreenContentWrapper$OnLayoutCallback.class
Sources:
D:\aarambh\frontend\node_modules\react-native-screens\android\src\main\java\com\swmansion\rnscreens\ScreenContentWrapper.kt
2026-08-14 11:37:17.020 [daemon] INFO: Message: output: output:
D:\aarambh\frontend\node_modules\react-native-screens\android\build\tmp\kotlin-classes\release\com\swmansion\rnscreens\ScreenContentWrapperManager.class
Sources:
D:\aarambh\frontend\node_modules\react-native-screens\android\src\main\java\com\swmansion\rnscreens\ScreenContentWrapperManager.kt
2026-08-14 11:37:17.020 [daemon] INFO: Message: output: output:
D:\aarambh\frontend\node_modules\react-native-screens\android\build\tmp\kotlin-classes\release\com\swmansion\rnscreens\ScreenContentWrapperManager$Companion.class
Sources:
D:\aarambh\frontend\node_modules\react-native-screens\android\src\main\java\com\swmansion\rnscreens\ScreenContentWrapperManager.kt
2026-08-14 11:37:17.021 [daemon] INFO: Message: output: output:
D:\aarambh\frontend\node_modules\react-native-screens\android\build\tmp\kotlin-classes\release\com\swmansion\rnscreens\ScreenEventDispatcher.class
Sources:
D:\aarambh\frontend\node_modules\react-native-screens\android\src\main\java\com\swmansion\rnscreens\ScreenEventDispatcher.kt
2026-08-14 11:37:17.021 [daemon] INFO: Message: output: output:
D:\aarambh\frontend\node_modules\react-native-screens\android\build\tmp\kotlin-classes\release\com\swmansion\rnscreens\ScreenFooter.class
Sources:
D:\aarambh\frontend\node_modules\react-native-screens\android\src\main\java\com\swmansion\rnscreens\ScreenFooter.kt
2026-08-14 11:37:17.247 [daemon] INFO: Message: output: output:
D:\aarambh\frontend\node_modules\react-native-screens\android\build\tmp\kotlin-classes\release\com\swmansion\rnscreens\ScreenFooter$Companion.class
Sources:
D:\aarambh\frontend\node_modules\react-native-screens\android\src\main\java\com\swmansion\rnscreens\ScreenFooter.kt
2026-08-14 11:37:17.249 [daemon] INFO: Message: output: output:
D:\aarambh\frontend\node_modules\react-native-screens\android\build\tmp\kotlin-classes\release\com\swmansion\rnscreens\ScreenFooter$insetsAnimation$1.class
Sources:
D:\aarambh\frontend\node_modules\react-native-screens\android\src\main\java\com\swmansion\rnscreens\ScreenFooter.kt
2026-08-14 11:37:17.250 [daemon] INFO: Message: output: output:
D:\aarambh\frontend\node_modules\react-native-screens\android\build\tmp\kotlin-classes\release\com\swmansion\rnscreens\ScreenFooter$footerCallback$1.class
Sources:
D:\aarambh\frontend\node_modules\react-native-screens\android\src\main\java\com\swmansion\rnscreens\ScreenFooter.kt
2026-08-14 11:37:17.250 [daemon] INFO: Message: output: output:
D:\aarambh\frontend\node_modules\react-native-screens\android\build\tmp\kotlin-classes\release\com\swmansion\rnscreens\ScreenFooterManager.class
Sources:
D:\aarambh\frontend\node_modules\react-native-screens\android\src\main\java\com\swmansion\rnscreens\ScreenFooterManager.kt
2026-08-14 11:37:17.251 [daemon] INFO: Message: output: output:
D:\aarambh\frontend\node_modules\react-native-screens\android\build\tmp\kotlin-classes\release\com\swmansion\rnscreens\ScreenFooterManager$Companion.class
Sources:
D:\aarambh\frontend\node_modules\react-native-screens\android\src\main\java\com\swmansion\rnscreens\ScreenFooterManager.kt
2026-08-14 11:37:17.252 [daemon] INFO: Message: output: output:
D:\aarambh\frontend\node_modules\react-native-screens\android\build\tmp\kotlin-classes\release\com\swmansion\rnscreens\ScreenFragment.class
Sources:
D:\aarambh\frontend\node_modules\react-native-screens\android\src\main\java\com\swmansion\rnscreens\ScreenFragment.kt
2026-08-14 11:37:17.254 [daemon] INFO: Message: output: output:
D:\aarambh\frontend\node_modules\react-native-screens\android\build\tmp\kotlin-classes\release\com\swmansion\rnscreens\ScreenFragment$ScreenLifecycleEvent.class
Sources:
D:\aarambh\frontend\node_modules\react-native-screens\android\src\main\java\com\swmansion\rnscreens\ScreenFragment.kt
2026-08-14 11:37:17.254 [daemon] INFO: Message: output: output:
D:\aarambh\frontend\node_modules\react-native-screens\android\build\tmp\kotlin-classes\release\com\swmansion\rnscreens\ScreenFragment$ScreensFrameLayout.class
Sources:
D:\aarambh\frontend\node_modules\react-native-screens\android\src\main\java\com\swmansion\rnscreens\ScreenFragment.kt
2026-08-14 11:37:17.256 [daemon] INFO: Message: output: output:
D:\aarambh\frontend\node_modules\react-native-screens\android\build\tmp\kotlin-classes\release\com\swmansion\rnscreens\ScreenFragment$Companion.class
Sources:
D:\aarambh\frontend\node_modules\react-native-screens\android\src\main\java\com\swmansion\rnscreens\ScreenFragment.kt
2026-08-14 11:37:17.256 [daemon] INFO: Message: output: output:
D:\aarambh\frontend\node_modules\react-native-screens\android\build\tmp\kotlin-classes\release\com\swmansion\rnscreens\ScreenFragment$WhenMappings.class
Sources:
D:\aarambh\frontend\node_modules\react-native-screens\android\src\main\java\com\swmansion\rnscreens\ScreenFragment.kt
2026-08-14 11:37:17.257 [daemon] INFO: Message: output: output:
D:\aarambh\frontend\node_modules\react-native-screens\android\build\tmp\kotlin-classes\release\com\swmansion\rnscreens\ScreenFragmentWrapper.class
Sources:
D:\aarambh\frontend\node_modules\react-native-screens\android\src\main\java\com\swmansion\rnscreens\ScreenFragmentWrapper.kt
2026-08-14 11:37:17.258 [daemon] INFO: Message: output: output:
D:\aarambh\frontend\node_modules\react-native-screens\android\build\tmp\kotlin-classes\release\com\swmansion\rnscreens\ScreenModalFragment.class
Sources:
D:\aarambh\frontend\node_modules\react-native-screens\android\src\main\java\com\swmansion\rnscreens\ScreenModalFragment.kt
2026-08-14 11:37:17.259 [daemon] INFO: Message: output: output:
D:\aarambh\frontend\node_modules\react-native-screens\android\build\tmp\kotlin-classes\release\com\swmansion\rnscreens\ScreenModalFragment$Companion.class
Sources:
D:\aarambh\frontend\node_modules\react-native-screens\android\src\main\java\com\swmansion\rnscreens\ScreenModalFragment.kt
2026-08-14 11:37:17.260 [daemon] INFO: Message: output: output:
D:\aarambh\frontend\node_modules\react-native-screens\android\build\tmp\kotlin-classes\release\com\swmansion\rnscreens\ScreenStack.class
Sources:
D:\aarambh\frontend\node_modules\react-native-screens\android\src\main\java\com\swmansion\rnscreens\ScreenStack.kt
2026-08-14 11:37:17.263 [daemon] INFO: Message: output: output:
D:\aarambh\frontend\node_modules\react-native-screens\android\build\tmp\kotlin-classes\release\com\swmansion\rnscreens\ScreenStack$DrawingOp.class
Sources:
D:\aarambh\frontend\node_modules\react-native-screens\android\src\main\java\com\swmansion\rnscreens\ScreenStack.kt
2026-08-14 11:37:17.264 [daemon] INFO: Message: output: output:
D:\aarambh\frontend\node_modules\react-native-screens\android\build\tmp\kotlin-classes\release\com\swmansion\rnscreens\ScreenStack$Companion.class
Sources:
D:\aarambh\frontend\node_modules\react-native-screens\android\src\main\java\com\swmansion\rnscreens\ScreenStack.kt
2026-08-14 11:37:17.266 [daemon] INFO: Message: output: output:
D:\aarambh\frontend\node_modules\react-native-screens\android\build\tmp\kotlin-classes\release\com\swmansion\rnscreens\ScreenStack$WhenMappings.class
Sources:
D:\aarambh\frontend\node_modules\react-native-screens\android\src\main\java\com\swmansion\rnscreens\ScreenStack.kt
2026-08-14 11:37:17.266 [daemon] INFO: Message: output: output:
D:\aarambh\frontend\node_modules\react-native-screens\android\build\tmp\kotlin-classes\release\com\swmansion\rnscreens\KeyboardState.class
Sources:
D:\aarambh\frontend\node_modules\react-native-screens\android\src\main\java\com\swmansion\rnscreens\ScreenStackFragment.kt
2026-08-14 11:37:17.267 [daemon] INFO: Message: output: output:
D:\aarambh\frontend\node_modules\react-native-screens\android\build\tmp\kotlin-classes\release\com\swmansion\rnscreens\KeyboardNotVisible.class
Sources:
D:\aarambh\frontend\node_modules\react-native-screens\android\src\main\java\com\swmansion\rnscreens\ScreenStackFragment.kt
2026-08-14 11:37:17.267 [daemon] INFO: Message: output: output:
D:\aarambh\frontend\node_modules\react-native-screens\android\build\tmp\kotlin-classes\release\com\swmansion\rnscreens\KeyboardDidHide.class
Sources:
D:\aarambh\frontend\node_modules\react-native-screens\android\src\main\java\com\swmansion\rnscreens\ScreenStackFragment.kt
2026-08-14 11:37:17.268 [daemon] INFO: Message: output: output:
D:\aarambh\frontend\node_modules\react-native-screens\android\build\tmp\kotlin-classes\release\com\swmansion\rnscreens\KeyboardVisible.class
Sources:
D:\aarambh\frontend\node_modules\react-native-screens\android\src\main\java\com\swmansion\rnscreens\ScreenStackFragment.kt
2026-08-14 11:37:17.269 [daemon] INFO: Message: output: output:
D:\aarambh\frontend\node_modules\react-native-screens\android\build\tmp\kotlin-classes\release\com\swmansion\rnscreens\ScreenStackFragment.class
Sources:
D:\aarambh\frontend\node_modules\react-native-screens\android\src\main\java\com\swmansion\rnscreens\ScreenStackFragment.kt
2026-08-14 11:37:17.269 [daemon] INFO: Message: output: output:
D:\aarambh\frontend\node_modules\react-native-screens\android\build\tmp\kotlin-classes\release\com\swmansion\rnscreens\ScreenStackFragment$onCreateView$5.class
Sources:
D:\aarambh\frontend\node_modules\react-native-screens\android\src\main\java\com\swmansion\rnscreens\ScreenStackFragment.kt
2026-08-14 11:37:17.270 [daemon] INFO: Message: output: output:
D:\aarambh\frontend\node_modules\react-native-screens\android\build\tmp\kotlin-classes\release\com\swmansion\rnscreens\ScreenStackFragmentWrapper.class
Sources:
D:\aarambh\frontend\node_modules\react-native-screens\android\src\main\java\com\swmansion\rnscreens\ScreenStackFragmentWrapper.kt
2026-08-14 11:37:17.272 [daemon] INFO: Message: output: output:
D:\aarambh\frontend\node_modules\react-native-screens\android\build\tmp\kotlin-classes\release\com\swmansion\rnscreens\ScreenStackHeaderConfig.class
Sources:
D:\aarambh\frontend\node_modules\react-native-screens\android\src\main\java\com\swmansion\rnscreens\ScreenStackHeaderConfig.kt
2026-08-14 11:37:17.273 [daemon] INFO: Message: output: output:
D:\aarambh\frontend\node_modules\react-native-screens\android\build\tmp\kotlin-classes\release\com\swmansion\rnscreens\ScreenStackHeaderConfig$DebugMenuToolbar.class
Sources:
D:\aarambh\frontend\node_modules\react-native-screens\android\src\main\java\com\swmansion\rnscreens\ScreenStackHeaderConfig.kt
2026-08-14 11:37:17.274 [daemon] INFO: Message: output: output:
D:\aarambh\frontend\node_modules\react-native-screens\android\build\tmp\kotlin-classes\release\com\swmansion\rnscreens\ScreenStackHeaderConfig$Companion.class
Sources:
D:\aarambh\frontend\node_modules\react-native-screens\android\src\main\java\com\swmansion\rnscreens\ScreenStackHeaderConfig.kt
2026-08-14 11:37:17.274 [daemon] INFO: Message: output: output:
D:\aarambh\frontend\node_modules\react-native-screens\android\build\tmp\kotlin-classes\release\com\swmansion\rnscreens\ScreenStackHeaderConfig$WhenMappings.class
Sources:
D:\aarambh\frontend\node_modules\react-native-screens\android\src\main\java\com\swmansion\rnscreens\ScreenStackHeaderConfig.kt
2026-08-14 11:37:17.275 [daemon] INFO: Message: output: output:
D:\aarambh\frontend\node_modules\react-native-screens\android\build\tmp\kotlin-classes\release\com\swmansion\rnscreens\ScreenStackHeaderConfigShadowNode.class
Sources:
D:\aarambh\frontend\node_modules\react-native-screens\android\src\main\java\com\swmansion\rnscreens\ScreenStackHeaderConfigShadowNode.kt
2026-08-14 11:37:17.275 [daemon] INFO: Message: output: output:
D:\aarambh\frontend\node_modules\react-native-screens\android\build\tmp\kotlin-classes\release\com\swmansion\rnscreens\ScreenStackHeaderConfigViewManager.class
Sources:
D:\aarambh\frontend\node_modules\react-native-screens\android\src\main\java\com\swmansion\rnscreens\ScreenStackHeaderConfigViewManager.kt
2026-08-14 11:37:17.277 [daemon] INFO: Message: output: output:
D:\aarambh\frontend\node_modules\react-native-screens\android\build\tmp\kotlin-classes\release\com\swmansion\rnscreens\ScreenStackHeaderConfigViewManager$Companion.class
Sources:
D:\aarambh\frontend\node_modules\react-native-screens\android\src\main\java\com\swmansion\rnscreens\ScreenStackHeaderConfigViewManager.kt
2026-08-14 11:37:17.277 [daemon] INFO: Message: output: output:
D:\aarambh\frontend\node_modules\react-native-screens\android\build\tmp\kotlin-classes\release\com\swmansion\rnscreens\ScreenStackHeaderSubview.class
Sources:
D:\aarambh\frontend\node_modules\react-native-screens\android\src\main\java\com\swmansion\rnscreens\ScreenStackHeaderSubview.kt
2026-08-14 11:37:17.279 [daemon] INFO: Message: output: output:
D:\aarambh\frontend\node_modules\react-native-screens\android\build\tmp\kotlin-classes\release\com\swmansion\rnscreens\ScreenStackHeaderSubview$Type.class
Sources:
D:\aarambh\frontend\node_modules\react-native-screens\android\src\main\java\com\swmansion\rnscreens\ScreenStackHeaderSubview.kt
2026-08-14 11:37:17.280 [daemon] INFO: Message: output: output:
D:\aarambh\frontend\node_modules\react-native-screens\android\build\tmp\kotlin-classes\release\com\swmansion\rnscreens\ScreenStackHeaderSubviewManager.class
Sources:
D:\aarambh\frontend\node_modules\react-native-screens\android\src\main\java\com\swmansion\rnscreens\ScreenStackHeaderSubviewManager.kt
2026-08-14 11:37:17.280 [daemon] INFO: Message: output: output:
D:\aarambh\frontend\node_modules\react-native-screens\android\build\tmp\kotlin-classes\release\com\swmansion\rnscreens\ScreenStackHeaderSubviewManager$Companion.class
Sources:
D:\aarambh\frontend\node_modules\react-native-screens\android\src\main\java\com\swmansion\rnscreens\ScreenStackHeaderSubviewManager.kt
2026-08-14 11:37:17.282 [daemon] INFO: Message: output: output:
D:\aarambh\frontend\node_modules\react-native-screens\android\build\tmp\kotlin-classes\release\com\swmansion\rnscreens\ScreenStackViewManager.class
Sources:
D:\aarambh\frontend\node_modules\react-native-screens\android\src\main\java\com\swmansion\rnscreens\ScreenStackViewManager.kt
2026-08-14 11:37:17.282 [daemon] INFO: Message: output: output:
D:\aarambh\frontend\node_modules\react-native-screens\android\build\tmp\kotlin-classes\release\com\swmansion\rnscreens\ScreenStackViewManager$Companion.class
Sources:
D:\aarambh\frontend\node_modules\react-native-screens\android\src\main\java\com\swmansion\rnscreens\ScreenStackViewManager.kt
2026-08-14 11:37:17.283 [daemon] INFO: Message: output: output:
D:\aarambh\frontend\node_modules\react-native-screens\android\build\tmp\kotlin-classes\release\com\swmansion\rnscreens\ScreenViewManager.class
Sources:
D:\aarambh\frontend\node_modules\react-native-screens\android\src\main\java\com\swmansion\rnscreens\ScreenViewManager.kt
2026-08-14 11:37:17.284 [daemon] INFO: Message: output: output:
D:\aarambh\frontend\node_modules\react-native-screens\android\build\tmp\kotlin-classes\release\com\swmansion\rnscreens\ScreenViewManager$Companion.class
Sources:
D:\aarambh\frontend\node_modules\react-native-screens\android\src\main\java\com\swmansion\rnscreens\ScreenViewManager.kt
2026-08-14 11:37:17.284 [daemon] INFO: Message: output: output:
D:\aarambh\frontend\node_modules\react-native-screens\android\build\tmp\kotlin-classes\release\com\swmansion\rnscreens\ScreenWindowTraits.class
Sources:
D:\aarambh\frontend\node_modules\react-native-screens\android\src\main\java\com\swmansion\rnscreens\ScreenWindowTraits.kt
2026-08-14 11:37:17.284 [daemon] INFO: Message: output: output:
D:\aarambh\frontend\node_modules\react-native-screens\android\build\tmp\kotlin-classes\release\com\swmansion\rnscreens\ScreenWindowTraits$setColor$1.class
Sources:
D:\aarambh\frontend\node_modules\react-native-screens\android\src\main\java\com\swmansion\rnscreens\ScreenWindowTraits.kt
2026-08-14 11:37:17.285 [daemon] INFO: Message: output: output:
D:\aarambh\frontend\node_modules\react-native-screens\android\build\tmp\kotlin-classes\release\com\swmansion\rnscreens\ScreenWindowTraits$setTranslucent$1.class
Sources:
D:\aarambh\frontend\node_modules\react-native-screens\android\src\main\java\com\swmansion\rnscreens\ScreenWindowTraits.kt
2026-08-14 11:37:17.285 [daemon] INFO: Message: output: output:
D:\aarambh\frontend\node_modules\react-native-screens\android\build\tmp\kotlin-classes\release\com\swmansion\rnscreens\ScreenWindowTraits$windowInsetsListener$1.class
Sources:
D:\aarambh\frontend\node_modules\react-native-screens\android\src\main\java\com\swmansion\rnscreens\ScreenWindowTraits.kt
2026-08-14 11:37:17.285 [daemon] INFO: Message: output: output:
D:\aarambh\frontend\node_modules\react-native-screens\android\build\tmp\kotlin-classes\release\com\swmansion\rnscreens\ScreenWindowTraits$WhenMappings.class
Sources:
D:\aarambh\frontend\node_modules\react-native-screens\android\src\main\java\com\swmansion\rnscreens\ScreenWindowTraits.kt
2026-08-14 11:37:17.287 [daemon] INFO: Message: output: output:
D:\aarambh\frontend\node_modules\react-native-screens\android\build\tmp\kotlin-classes\release\com\swmansion\rnscreens\ScreensModule.class
Sources:
D:\aarambh\frontend\node_modules\react-native-screens\android\src\main\java\com\swmansion\rnscreens\ScreensModule.kt
2026-08-14 11:37:17.287 [daemon] INFO: Message: output: output:
D:\aarambh\frontend\node_modules\react-native-screens\android\build\tmp\kotlin-classes\release\com\swmansion\rnscreens\ScreensModule$Companion.class
Sources:
D:\aarambh\frontend\node_modules\react-native-screens\android\src\main\java\com\swmansion\rnscreens\ScreensModule.kt
2026-08-14 11:37:17.288 [daemon] INFO: Message: output: output:
D:\aarambh\frontend\node_modules\react-native-screens\android\build\tmp\kotlin-classes\release\com\swmansion\rnscreens\ScreensShadowNode.class
Sources:
D:\aarambh\frontend\node_modules\react-native-screens\android\src\main\java\com\swmansion\rnscreens\ScreensShadowNode.kt
2026-08-14 11:37:17.288 [daemon] INFO: Message: output: output:
D:\aarambh\frontend\node_modules\react-native-screens\android\build\tmp\kotlin-classes\release\com\swmansion\rnscreens\SearchBarManager.class
Sources:
D:\aarambh\frontend\node_modules\react-native-screens\android\src\main\java\com\swmansion\rnscreens\SearchBarManager.kt
2026-08-14 11:37:17.289 [daemon] INFO: Message: output: output:
D:\aarambh\frontend\node_modules\react-native-screens\android\build\tmp\kotlin-classes\release\com\swmansion\rnscreens\SearchBarManager$Companion.class
Sources:
D:\aarambh\frontend\node_modules\react-native-screens\android\src\main\java\com\swmansion\rnscreens\SearchBarManager.kt
2026-08-14 11:37:17.289 [daemon] INFO: Message: output: output:
D:\aarambh\frontend\node_modules\react-native-screens\android\build\tmp\kotlin-classes\release\com\swmansion\rnscreens\SearchBarView.class
Sources:
D:\aarambh\frontend\node_modules\react-native-screens\android\src\main\java\com\swmansion\rnscreens\SearchBarView.kt
2026-08-14 11:37:17.290 [daemon] INFO: Message: output: output:
D:\aarambh\frontend\node_modules\react-native-screens\android\build\tmp\kotlin-classes\release\com\swmansion\rnscreens\SearchBarView$setSearchViewListeners$1.class
Sources:
D:\aarambh\frontend\node_modules\react-native-screens\android\src\main\java\com\swmansion\rnscreens\SearchBarView.kt
2026-08-14 11:37:17.290 [daemon] INFO: Message: output: output:
D:\aarambh\frontend\node_modules\react-native-screens\android\build\tmp\kotlin-classes\release\com\swmansion\rnscreens\SearchBarView$SearchBarAutoCapitalize.class
Sources:
D:\aarambh\frontend\node_modules\react-native-screens\android\src\main\java\com\swmansion\rnscreens\SearchBarView.kt
2026-08-14 11:37:17.291 [daemon] INFO: Message: output: output:
D:\aarambh\frontend\node_modules\react-native-screens\android\build\tmp\kotlin-classes\release\com\swmansion\rnscreens\SearchBarView$SearchBarInputTypes.class
Sources:
D:\aarambh\frontend\node_modules\react-native-screens\android\src\main\java\com\swmansion\rnscreens\SearchBarView.kt
2026-08-14 11:37:17.291 [daemon] INFO: Message: output: output:
D:\aarambh\frontend\node_modules\react-native-screens\android\build\tmp\kotlin-classes\release\com\swmansion\rnscreens\SearchBarView$SearchBarInputTypes$TEXT.class
Sources:
D:\aarambh\frontend\node_modules\react-native-screens\android\src\main\java\com\swmansion\rnscreens\SearchBarView.kt
2026-08-14 11:37:17.292 [daemon] INFO: Message: output: output:
D:\aarambh\frontend\node_modules\react-native-screens\android\build\tmp\kotlin-classes\release\com\swmansion\rnscreens\SearchBarView$SearchBarInputTypes$TEXT$WhenMappings.class
Sources:
D:\aarambh\frontend\node_modules\react-native-screens\android\src\main\java\com\swmansion\rnscreens\SearchBarView.kt
2026-08-14 11:37:17.292 [daemon] INFO: Message: output: output:
D:\aarambh\frontend\node_modules\react-native-screens\android\build\tmp\kotlin-classes\release\com\swmansion\rnscreens\SearchBarView$SearchBarInputTypes$PHONE.class
Sources:
D:\aarambh\frontend\node_modules\react-native-screens\android\src\main\java\com\swmansion\rnscreens\SearchBarView.kt
2026-08-14 11:37:17.294 [daemon] INFO: Message: output: output:
D:\aarambh\frontend\node_modules\react-native-screens\android\build\tmp\kotlin-classes\release\com\swmansion\rnscreens\SearchBarView$SearchBarInputTypes$NUMBER.class
Sources:
D:\aarambh\frontend\node_modules\react-native-screens\android\src\main\java\com\swmansion\rnscreens\SearchBarView.kt
2026-08-14 11:37:17.294 [daemon] INFO: Message: output: output:
D:\aarambh\frontend\node_modules\react-native-screens\android\build\tmp\kotlin-classes\release\com\swmansion\rnscreens\SearchBarView$SearchBarInputTypes$EMAIL.class
Sources:
D:\aarambh\frontend\node_modules\react-native-screens\android\src\main\java\com\swmansion\rnscreens\SearchBarView.kt
2026-08-14 11:37:17.296 [daemon] INFO: Message: output: output:
D:\aarambh\frontend\node_modules\react-native-screens\android\build\tmp\kotlin-classes\release\com\swmansion\rnscreens\SearchViewFormatter.class
Sources:
D:\aarambh\frontend\node_modules\react-native-screens\android\src\main\java\com\swmansion\rnscreens\SearchViewFormatter.kt
2026-08-14 11:37:17.296 [daemon] INFO: Message: output: output:
D:\aarambh\frontend\node_modules\react-native-screens\android\build\tmp\kotlin-classes\release\com\swmansion\rnscreens\bottomsheet\BottomSheetBehaviorExtKt.class
Sources:
D:\aarambh\frontend\node_modules\react-native-screens\android\src\main\java\com\swmansion\rnscreens\bottomsheet\BottomSheetBehaviorExt.kt
2026-08-14 11:37:17.297 [daemon] INFO: Message: output: output:
D:\aarambh\frontend\node_modules\react-native-screens\android\build\tmp\kotlin-classes\release\com\swmansion\rnscreens\bottomsheet\BottomSheetDialogRootView.class
Sources:
D:\aarambh\frontend\node_modules\react-native-screens\android\src\main\java\com\swmansion\rnscreens\bottomsheet\BottomSheetDialogRootView.kt
2026-08-14 11:37:17.297 [daemon] INFO: Message: output: output:
D:\aarambh\frontend\node_modules\react-native-screens\android\build\tmp\kotlin-classes\release\com\swmansion\rnscreens\bottomsheet\BottomSheetDialogRootView$Companion.class
Sources:
D:\aarambh\frontend\node_modules\react-native-screens\android\src\main\java\com\swmansion\rnscreens\bottomsheet\BottomSheetDialogRootView.kt
2026-08-14 11:37:17.297 [daemon] INFO: Message: output: output:
D:\aarambh\frontend\node_modules\react-native-screens\android\build\tmp\kotlin-classes\release\com\swmansion\rnscreens\bottomsheet\BottomSheetDialogScreen.class
Sources:
D:\aarambh\frontend\node_modules\react-native-screens\android\src\main\java\com\swmansion\rnscreens\bottomsheet\BottomSheetDialogScreen.kt
2026-08-14 11:37:17.298 [daemon] INFO: Message: output: output:
D:\aarambh\frontend\node_modules\react-native-screens\android\build\tmp\kotlin-classes\release\com\swmansion\rnscreens\bottomsheet\BottomSheetDialogScreen$Companion.class
Sources:
D:\aarambh\frontend\node_modules\react-native-screens\android\src\main\java\com\swmansion\rnscreens\bottomsheet\BottomSheetDialogScreen.kt
2026-08-14 11:37:17.298 [daemon] INFO: Message: output: output:
D:\aarambh\frontend\node_modules\react-native-screens\android\build\tmp\kotlin-classes\release\com\swmansion\rnscreens\bottomsheet\DimmingView.class
Sources:
D:\aarambh\frontend\node_modules\react-native-screens\android\src\main\java\com\swmansion\rnscreens\bottomsheet\DimmingView.kt
2026-08-14 11:37:17.298 [daemon] INFO: Message: output: output:
D:\aarambh\frontend\node_modules\react-native-screens\android\build\tmp\kotlin-classes\release\com\swmansion\rnscreens\bottomsheet\DimmingView$Companion.class
Sources:
D:\aarambh\frontend\node_modules\react-native-screens\android\src\main\java\com\swmansion\rnscreens\bottomsheet\DimmingView.kt
2026-08-14 11:37:17.299 [daemon] INFO: Message: output: output:
D:\aarambh\frontend\node_modules\react-native-screens\android\build\tmp\kotlin-classes\release\com\swmansion\rnscreens\bottomsheet\DimmingViewManager.class
Sources:
D:\aarambh\frontend\node_modules\react-native-screens\android\src\main\java\com\swmansion\rnscreens\bottomsheet\DimmingViewManager.kt
2026-08-14 11:37:17.299 [daemon] INFO: Message: output: output:
D:\aarambh\frontend\node_modules\react-native-screens\android\build\tmp\kotlin-classes\release\com\swmansion\rnscreens\bottomsheet\DimmingViewManager$AnimateDimmingViewCallback.class
Sources:
D:\aarambh\frontend\node_modules\react-native-screens\android\src\main\java\com\swmansion\rnscreens\bottomsheet\DimmingViewManager.kt
2026-08-14 11:37:17.299 [daemon] INFO: Message: output: output:
D:\aarambh\frontend\node_modules\react-native-screens\android\build\tmp\kotlin-classes\release\com\swmansion\rnscreens\bottomsheet\SheetDelegate.class
Sources:
D:\aarambh\frontend\node_modules\react-native-screens\android\src\main\java\com\swmansion\rnscreens\bottomsheet\SheetDelegate.kt
2026-08-14 11:37:17.301 [daemon] INFO: Message: output: output:
D:\aarambh\frontend\node_modules\react-native-screens\android\build\tmp\kotlin-classes\release\com\swmansion\rnscreens\bottomsheet\SheetDelegate$KeyboardHandler.class
Sources:
D:\aarambh\frontend\node_modules\react-native-screens\android\src\main\java\com\swmansion\rnscreens\bottomsheet\SheetDelegate.kt
2026-08-14 11:37:17.301 [daemon] INFO: Message: output: output:
D:\aarambh\frontend\node_modules\react-native-screens\android\build\tmp\kotlin-classes\release\com\swmansion\rnscreens\bottomsheet\SheetDelegate$SheetStateObserver.class
Sources:
D:\aarambh\frontend\node_modules\react-native-screens\android\src\main\java\com\swmansion\rnscreens\bottomsheet\SheetDelegate.kt
2026-08-14 11:37:17.301 [daemon] INFO: Message: output: output:
D:\aarambh\frontend\node_modules\react-native-screens\android\build\tmp\kotlin-classes\release\com\swmansion\rnscreens\bottomsheet\SheetDelegate$Companion.class
Sources:
D:\aarambh\frontend\node_modules\react-native-screens\android\src\main\java\com\swmansion\rnscreens\bottomsheet\SheetDelegate.kt
2026-08-14 11:37:17.302 [daemon] INFO: Message: output: output:
D:\aarambh\frontend\node_modules\react-native-screens\android\build\tmp\kotlin-classes\release\com\swmansion\rnscreens\bottomsheet\SheetDelegate$WhenMappings.class
Sources:
D:\aarambh\frontend\node_modules\react-native-screens\android\src\main\java\com\swmansion\rnscreens\bottomsheet\SheetDelegate.kt
2026-08-14 11:37:17.302 [daemon] INFO: Message: output: output:
D:\aarambh\frontend\node_modules\react-native-screens\android\build\tmp\kotlin-classes\release\com\swmansion\rnscreens\bottomsheet\SheetUtils.class
Sources:
D:\aarambh\frontend\node_modules\react-native-screens\android\src\main\java\com\swmansion\rnscreens\bottomsheet\SheetUtils.kt
2026-08-14 11:37:17.302 [daemon] INFO: Message: output: output:
D:\aarambh\frontend\node_modules\react-native-screens\android\build\tmp\kotlin-classes\release\com\swmansion\rnscreens\bottomsheet\SheetUtilsKt.class
Sources:
D:\aarambh\frontend\node_modules\react-native-screens\android\src\main\java\com\swmansion\rnscreens\bottomsheet\SheetUtils.kt
2026-08-14 11:37:17.302 [daemon] INFO: Message: output: output:
D:\aarambh\frontend\node_modules\react-native-screens\android\build\tmp\kotlin-classes\release\com\swmansion\rnscreens\events\HeaderAttachedEvent.class
Sources:
D:\aarambh\frontend\node_modules\react-native-screens\android\src\main\java\com\swmansion\rnscreens\events\HeaderAttachedEvent.kt
2026-08-14 11:37:17.303 [daemon] INFO: Message: output: output:
D:\aarambh\frontend\node_modules\react-native-screens\android\build\tmp\kotlin-classes\release\com\swmansion\rnscreens\events\HeaderAttachedEvent$Companion.class
Sources:
D:\aarambh\frontend\node_modules\react-native-screens\android\src\main\java\com\swmansion\rnscreens\events\HeaderAttachedEvent.kt
2026-08-14 11:37:17.303 [daemon] INFO: Message: output: output:
D:\aarambh\frontend\node_modules\react-native-screens\android\build\tmp\kotlin-classes\release\com\swmansion\rnscreens\events\HeaderBackButtonClickedEvent.class
Sources:
D:\aarambh\frontend\node_modules\react-native-screens\android\src\main\java\com\swmansion\rnscreens\events\HeaderBackButtonClickedEvent.kt
2026-08-14 11:37:17.303 [daemon] INFO: Message: output: output:
D:\aarambh\frontend\node_modules\react-native-screens\android\build\tmp\kotlin-classes\release\com\swmansion\rnscreens\events\HeaderBackButtonClickedEvent$Companion.class
Sources:
D:\aarambh\frontend\node_modules\react-native-screens\android\src\main\java\com\swmansion\rnscreens\events\HeaderBackButtonClickedEvent.kt
2026-08-14 11:37:17.304 [daemon] INFO: Message: output: output:
D:\aarambh\frontend\node_modules\react-native-screens\android\build\tmp\kotlin-classes\release\com\swmansion\rnscreens\events\HeaderDetachedEvent.class
Sources:
D:\aarambh\frontend\node_modules\react-native-screens\android\src\main\java\com\swmansion\rnscreens\events\HeaderDetachedEvent.kt
2026-08-14 11:37:17.304 [daemon] INFO: Message: output: output:
D:\aarambh\frontend\node_modules\react-native-screens\android\build\tmp\kotlin-classes\release\com\swmansion\rnscreens\events\HeaderDetachedEvent$Companion.class
Sources:
D:\aarambh\frontend\node_modules\react-native-screens\android\src\main\java\com\swmansion\rnscreens\events\HeaderDetachedEvent.kt
2026-08-14 11:37:17.304 [daemon] INFO: Message: output: output:
D:\aarambh\frontend\node_modules\react-native-screens\android\build\tmp\kotlin-classes\release\com\swmansion\rnscreens\events\HeaderHeightChangeEvent.class
Sources:
D:\aarambh\frontend\node_modules\react-native-screens\android\src\main\java\com\swmansion\rnscreens\events\HeaderHeightChangeEvent.kt
2026-08-14 11:37:17.304 [daemon] INFO: Message: output: output:
D:\aarambh\frontend\node_modules\react-native-screens\android\build\tmp\kotlin-classes\release\com\swmansion\rnscreens\events\HeaderHeightChangeEvent$Companion.class
Sources:
D:\aarambh\frontend\node_modules\react-native-screens\android\src\main\java\com\swmansion\rnscreens\events\HeaderHeightChangeEvent.kt
2026-08-14 11:37:17.305 [daemon] INFO: Message: output: output:
D:\aarambh\frontend\node_modules\react-native-screens\android\build\tmp\kotlin-classes\release\com\swmansion\rnscreens\events\ScreenAnimationDelegate.class
Sources:
D:\aarambh\frontend\node_modules\react-native-screens\android\src\main\java\com\swmansion\rnscreens\events\ScreenAnimationDelegate.kt
2026-08-14 11:37:17.305 [daemon] INFO: Message: output: output:
D:\aarambh\frontend\node_modules\react-native-screens\android\build\tmp\kotlin-classes\release\com\swmansion\rnscreens\events\ScreenAnimationDelegate$AnimationType.class
Sources:
D:\aarambh\frontend\node_modules\react-native-screens\android\src\main\java\com\swmansion\rnscreens\events\ScreenAnimationDelegate.kt
2026-08-14 11:37:17.305 [daemon] INFO: Message: output: output:
D:\aarambh\frontend\node_modules\react-native-screens\android\build\tmp\kotlin-classes\release\com\swmansion\rnscreens\events\ScreenAnimationDelegate$LifecycleState.class
Sources:
D:\aarambh\frontend\node_modules\react-native-screens\android\src\main\java\com\swmansion\rnscreens\events\ScreenAnimationDelegate.kt
2026-08-14 11:37:17.305 [daemon] INFO: Message: output: output:
D:\aarambh\frontend\node_modules\react-native-screens\android\build\tmp\kotlin-classes\release\com\swmansion\rnscreens\events\ScreenAnimationDelegate$Companion.class
Sources:
D:\aarambh\frontend\node_modules\react-native-screens\android\src\main\java\com\swmansion\rnscreens\events\ScreenAnimationDelegate.kt
2026-08-14 11:37:17.305 [daemon] INFO: Message: output: output:
D:\aarambh\frontend\node_modules\react-native-screens\android\build\tmp\kotlin-classes\release\com\swmansion\rnscreens\events\ScreenAnimationDelegate$WhenMappings.class
Sources:
D:\aarambh\frontend\node_modules\react-native-screens\android\src\main\java\com\swmansion\rnscreens\events\ScreenAnimationDelegate.kt
2026-08-14 11:37:17.305 [daemon] INFO: Message: output: output:
D:\aarambh\frontend\node_modules\react-native-screens\android\build\tmp\kotlin-classes\release\com\swmansion\rnscreens\events\ScreenAppearEvent.class
Sources:
D:\aarambh\frontend\node_modules\react-native-screens\android\src\main\java\com\swmansion\rnscreens\events\ScreenAppearEvent.kt
2026-08-14 11:37:17.307 [daemon] INFO: Message: output: output:
D:\aarambh\frontend\node_modules\react-native-screens\android\build\tmp\kotlin-classes\release\com\swmansion\rnscreens\events\ScreenAppearEvent$Companion.class
Sources:
D:\aarambh\frontend\node_modules\react-native-screens\android\src\main\java\com\swmansion\rnscreens\events\ScreenAppearEvent.kt
2026-08-14 11:37:17.307 [daemon] INFO: Message: output: output:
D:\aarambh\frontend\node_modules\react-native-screens\android\build\tmp\kotlin-classes\release\com\swmansion\rnscreens\events\ScreenDisappearEvent.class
Sources:
D:\aarambh\frontend\node_modules\react-native-screens\android\src\main\java\com\swmansion\rnscreens\events\ScreenDisappearEvent.kt
2026-08-14 11:37:17.307 [daemon] INFO: Message: output: output:
D:\aarambh\frontend\node_modules\react-native-screens\android\build\tmp\kotlin-classes\release\com\swmansion\rnscreens\events\ScreenDisappearEvent$Companion.class
Sources:
D:\aarambh\frontend\node_modules\react-native-screens\android\src\main\java\com\swmansion\rnscreens\events\ScreenDisappearEvent.kt
2026-08-14 11:37:17.307 [daemon] INFO: Message: output: output:
D:\aarambh\frontend\node_modules\react-native-screens\android\build\tmp\kotlin-classes\release\com\swmansion\rnscreens\events\ScreenDismissedEvent.class
Sources:
D:\aarambh\frontend\node_modules\react-native-screens\android\src\main\java\com\swmansion\rnscreens\events\ScreenDismissedEvent.kt
2026-08-14 11:37:17.307 [daemon] INFO: Message: output: output:
D:\aarambh\frontend\node_modules\react-native-screens\android\build\tmp\kotlin-classes\release\com\swmansion\rnscreens\events\ScreenDismissedEvent$Companion.class
Sources:
D:\aarambh\frontend\node_modules\react-native-screens\android\src\main\java\com\swmansion\rnscreens\events\ScreenDismissedEvent.kt
2026-08-14 11:37:17.308 [daemon] INFO: Message: output: output:
D:\aarambh\frontend\node_modules\react-native-screens\android\build\tmp\kotlin-classes\release\com\swmansion\rnscreens\events\ScreenEventEmitter.class
Sources:
D:\aarambh\frontend\node_modules\react-native-screens\android\src\main\java\com\swmansion\rnscreens\events\ScreenEventEmitter.kt
2026-08-14 11:37:17.308 [daemon] INFO: Message: output: output:
D:\aarambh\frontend\node_modules\react-native-screens\android\build\tmp\kotlin-classes\release\com\swmansion\rnscreens\events\ScreenTransitionProgressEvent.class
Sources:
D:\aarambh\frontend\node_modules\react-native-screens\android\src\main\java\com\swmansion\rnscreens\events\ScreenTransitionProgressEvent.kt
2026-08-14 11:37:17.308 [daemon] INFO: Message: output: output:
D:\aarambh\frontend\node_modules\react-native-screens\android\build\tmp\kotlin-classes\release\com\swmansion\rnscreens\events\ScreenTransitionProgressEvent$Companion.class
Sources:
D:\aarambh\frontend\node_modules\react-native-screens\android\src\main\java\com\swmansion\rnscreens\events\ScreenTransitionProgressEvent.kt
2026-08-14 11:37:17.308 [daemon] INFO: Message: output: output:
D:\aarambh\frontend\node_modules\react-native-screens\android\build\tmp\kotlin-classes\release\com\swmansion\rnscreens\events\ScreenWillAppearEvent.class
Sources:
D:\aarambh\frontend\node_modules\react-native-screens\android\src\main\java\com\swmansion\rnscreens\events\ScreenWillAppearEvent.kt
2026-08-14 11:37:17.309 [daemon] INFO: Message: output: output:
D:\aarambh\frontend\node_modules\react-native-screens\android\build\tmp\kotlin-classes\release\com\swmansion\rnscreens\events\ScreenWillAppearEvent$Companion.class
Sources:
D:\aarambh\frontend\node_modules\react-native-screens\android\src\main\java\com\swmansion\rnscreens\events\ScreenWillAppearEvent.kt
2026-08-14 11:37:17.309 [daemon] INFO: Message: output: output:
D:\aarambh\frontend\node_modules\react-native-screens\android\build\tmp\kotlin-classes\release\com\swmansion\rnscreens\events\ScreenWillDisappearEvent.class
Sources:
D:\aarambh\frontend\node_modules\react-native-screens\android\src\main\java\com\swmansion\rnscreens\events\ScreenWillDisappearEvent.kt
2026-08-14 11:37:17.309 [daemon] INFO: Message: output: output:
D:\aarambh\frontend\node_modules\react-native-screens\android\build\tmp\kotlin-classes\release\com\swmansion\rnscreens\events\ScreenWillDisappearEvent$Companion.class
Sources:
D:\aarambh\frontend\node_modules\react-native-screens\android\src\main\java\com\swmansion\rnscreens\events\ScreenWillDisappearEvent.kt
2026-08-14 11:37:17.309 [daemon] INFO: Message: output: output:
D:\aarambh\frontend\node_modules\react-native-screens\android\build\tmp\kotlin-classes\release\com\swmansion\rnscreens\events\SearchBarBlurEvent.class
Sources:
D:\aarambh\frontend\node_modules\react-native-screens\android\src\main\java\com\swmansion\rnscreens\events\SearchBarBlurEvent.kt
2026-08-14 11:37:17.310 [daemon] INFO: Message: output: output:
D:\aarambh\frontend\node_modules\react-native-screens\android\build\tmp\kotlin-classes\release\com\swmansion\rnscreens\events\SearchBarBlurEvent$Companion.class
Sources:
D:\aarambh\frontend\node_modules\react-native-screens\android\src\main\java\com\swmansion\rnscreens\events\SearchBarBlurEvent.kt
2026-08-14 11:37:17.310 [daemon] INFO: Message: output: output:
D:\aarambh\frontend\node_modules\react-native-screens\android\build\tmp\kotlin-classes\release\com\swmansion\rnscreens\events\SearchBarChangeTextEvent.class
Sources:
D:\aarambh\frontend\node_modules\react-native-screens\android\src\main\java\com\swmansion\rnscreens\events\SearchBarChangeTextEvent.kt
2026-08-14 11:37:17.310 [daemon] INFO: Message: output: output:
D:\aarambh\frontend\node_modules\react-native-screens\android\build\tmp\kotlin-classes\release\com\swmansion\rnscreens\events\SearchBarChangeTextEvent$Companion.class
Sources:
D:\aarambh\frontend\node_modules\react-native-screens\android\src\main\java\com\swmansion\rnscreens\events\SearchBarChangeTextEvent.kt
2026-08-14 11:37:17.310 [daemon] INFO: Message: output: output:
D:\aarambh\frontend\node_modules\react-native-screens\android\build\tmp\kotlin-classes\release\com\swmansion\rnscreens\events\SearchBarCloseEvent.class
Sources:
D:\aarambh\frontend\node_modules\react-native-screens\android\src\main\java\com\swmansion\rnscreens\events\SearchBarCloseEvent.kt
2026-08-14 11:37:17.310 [daemon] INFO: Message: output: output:
D:\aarambh\frontend\node_modules\react-native-screens\android\build\tmp\kotlin-classes\release\com\swmansion\rnscreens\events\SearchBarCloseEvent$Companion.class
Sources:
D:\aarambh\frontend\node_modules\react-native-screens\android\src\main\java\com\swmansion\rnscreens\events\SearchBarCloseEvent.kt
2026-08-14 11:37:17.311 [daemon] INFO: Message: output: output:
D:\aarambh\frontend\node_modules\react-native-screens\android\build\tmp\kotlin-classes\release\com\swmansion\rnscreens\events\SearchBarFocusEvent.class
Sources:
D:\aarambh\frontend\node_modules\react-native-screens\android\src\main\java\com\swmansion\rnscreens\events\SearchBarFocusEvent.kt
2026-08-14 11:37:17.311 [daemon] INFO: Message: output: output:
D:\aarambh\frontend\node_modules\react-native-screens\android\build\tmp\kotlin-classes\release\com\swmansion\rnscreens\events\SearchBarFocusEvent$Companion.class
Sources:
D:\aarambh\frontend\node_modules\react-native-screens\android\src\main\java\com\swmansion\rnscreens\events\SearchBarFocusEvent.kt
2026-08-14 11:37:17.311 [daemon] INFO: Message: output: output:
D:\aarambh\frontend\node_modules\react-native-screens\android\build\tmp\kotlin-classes\release\com\swmansion\rnscreens\events\SearchBarOpenEvent.class
Sources:
D:\aarambh\frontend\node_modules\react-native-screens\android\src\main\java\com\swmansion\rnscreens\events\SearchBarOpenEvent.kt
2026-08-14 11:37:17.313 [daemon] INFO: Message: output: output:
D:\aarambh\frontend\node_modules\react-native-screens\android\build\tmp\kotlin-classes\release\com\swmansion\rnscreens\events\SearchBarOpenEvent$Companion.class
Sources:
D:\aarambh\frontend\node_modules\react-native-screens\android\src\main\java\com\swmansion\rnscreens\events\SearchBarOpenEvent.kt
2026-08-14 11:37:17.313 [daemon] INFO: Message: output: output:
D:\aarambh\frontend\node_modules\react-native-screens\android\build\tmp\kotlin-classes\release\com\swmansion\rnscreens\events\SearchBarSearchButtonPressEvent.class
Sources:
D:\aarambh\frontend\node_modules\react-native-screens\android\src\main\java\com\swmansion\rnscreens\events\SearchBarSearchButtonPressEvent.kt
2026-08-14 11:37:17.313 [daemon] INFO: Message: output: output:
D:\aarambh\frontend\node_modules\react-native-screens\android\build\tmp\kotlin-classes\release\com\swmansion\rnscreens\events\SearchBarSearchButtonPressEvent$Companion.class
Sources:
D:\aarambh\frontend\node_modules\react-native-screens\android\src\main\java\com\swmansion\rnscreens\events\SearchBarSearchButtonPressEvent.kt
2026-08-14 11:37:17.313 [daemon] INFO: Message: output: output:
D:\aarambh\frontend\node_modules\react-native-screens\android\build\tmp\kotlin-classes\release\com\swmansion\rnscreens\events\SheetDetentChangedEvent.class
Sources:
D:\aarambh\frontend\node_modules\react-native-screens\android\src\main\java\com\swmansion\rnscreens\events\SheetDetentChangedEvent.kt
2026-08-14 11:37:17.313 [daemon] INFO: Message: output: output:
D:\aarambh\frontend\node_modules\react-native-screens\android\build\tmp\kotlin-classes\release\com\swmansion\rnscreens\events\SheetDetentChangedEvent$Companion.class
Sources:
D:\aarambh\frontend\node_modules\react-native-screens\android\src\main\java\com\swmansion\rnscreens\events\SheetDetentChangedEvent.kt
2026-08-14 11:37:17.313 [daemon] INFO: Message: output: output:
D:\aarambh\frontend\node_modules\react-native-screens\android\build\tmp\kotlin-classes\release\com\swmansion\rnscreens\events\StackFinishTransitioningEvent.class
Sources:
D:\aarambh\frontend\node_modules\react-native-screens\android\src\main\java\com\swmansion\rnscreens\events\StackFinishTransitioningEvent.kt
2026-08-14 11:37:17.313 [daemon] INFO: Message: output: output:
D:\aarambh\frontend\node_modules\react-native-screens\android\build\tmp\kotlin-classes\release\com\swmansion\rnscreens\events\StackFinishTransitioningEvent$Companion.class
Sources:
D:\aarambh\frontend\node_modules\react-native-screens\android\src\main\java\com\swmansion\rnscreens\events\StackFinishTransitioningEvent.kt
2026-08-14 11:37:17.314 [daemon] INFO: Message: output: output:
D:\aarambh\frontend\node_modules\react-native-screens\android\build\tmp\kotlin-classes\release\com\swmansion\rnscreens\ext\FragmentExtKt.class
Sources:
D:\aarambh\frontend\node_modules\react-native-screens\android\src\main\java\com\swmansion\rnscreens\ext\FragmentExt.kt
2026-08-14 11:37:17.314 [daemon] INFO: Message: output: output:
D:\aarambh\frontend\node_modules\react-native-screens\android\build\tmp\kotlin-classes\release\com\swmansion\rnscreens\ext\NumericExtKt.class
Sources:
D:\aarambh\frontend\node_modules\react-native-screens\android\src\main\java\com\swmansion\rnscreens\ext\NumericExt.kt
2026-08-14 11:37:17.314 [daemon] INFO: Message: output: output:
D:\aarambh\frontend\node_modules\react-native-screens\android\build\tmp\kotlin-classes\release\com\swmansion\rnscreens\ext\ViewExtKt.class
Sources:
D:\aarambh\frontend\node_modules\react-native-screens\android\src\main\java\com\swmansion\rnscreens\ext\ViewExt.kt
2026-08-14 11:37:17.314 [daemon] INFO: Message: output: output:
D:\aarambh\frontend\node_modules\react-native-screens\android\build\tmp\kotlin-classes\release\com\swmansion\rnscreens\fragment\restoration\AutoRemovingFragment.class
Sources:
D:\aarambh\frontend\node_modules\react-native-screens\android\src\main\java\com\swmansion\rnscreens\fragment\restoration\AutoRemovingFragment.kt
2026-08-14 11:37:17.314 [daemon] INFO: Message: output: output:
D:\aarambh\frontend\node_modules\react-native-screens\android\build\tmp\kotlin-classes\release\com\swmansion\rnscreens\fragment\restoration\RNScreensFragmentFactory.class
Sources:
D:\aarambh\frontend\node_modules\react-native-screens\android\src\main\java\com\swmansion\rnscreens\fragment\restoration\RNScreensFragmentFactory.kt
2026-08-14 11:37:17.315 [daemon] INFO: Message: output: output:
D:\aarambh\frontend\node_modules\react-native-screens\android\build\tmp\kotlin-classes\release\com\swmansion\rnscreens\gamma\common\BaseEventEmitter.class
Sources:
D:\aarambh\frontend\node_modules\react-native-screens\android\src\main\java\com\swmansion\rnscreens\gamma\common\BaseEventEmitter.kt
2026-08-14 11:37:17.315 [daemon] INFO: Message: output: output:
D:\aarambh\frontend\node_modules\react-native-screens\android\build\tmp\kotlin-classes\release\com\swmansion\rnscreens\gamma\common\BaseEventEmitter$Companion.class
Sources:
D:\aarambh\frontend\node_modules\react-native-screens\android\src\main\java\com\swmansion\rnscreens\gamma\common\BaseEventEmitter.kt
2026-08-14 11:37:17.316 [daemon] INFO: Message: output: output:
D:\aarambh\frontend\node_modules\react-native-screens\android\build\tmp\kotlin-classes\release\com\swmansion\rnscreens\gamma\common\FragmentProviding.class
Sources:
D:\aarambh\frontend\node_modules\react-native-screens\android\src\main\java\com\swmansion\rnscreens\gamma\common\FragmentProviding.kt
2026-08-14 11:37:17.316 [daemon] INFO: Message: output: output:
D:\aarambh\frontend\node_modules\react-native-screens\android\build\tmp\kotlin-classes\release\com\swmansion\rnscreens\gamma\common\NamingAwareEventType.class
Sources:
D:\aarambh\frontend\node_modules\react-native-screens\android\src\main\java\com\swmansion\rnscreens\gamma\common\NamingAwareEventType.kt
2026-08-14 11:37:17.316 [daemon] INFO: Message: output: output:
D:\aarambh\frontend\node_modules\react-native-screens\android\build\tmp\kotlin-classes\release\com\swmansion\rnscreens\gamma\helpers\EventHelpersKt.class
Sources:
D:\aarambh\frontend\node_modules\react-native-screens\android\src\main\java\com\swmansion\rnscreens\gamma\helpers\EventHelpers.kt
2026-08-14 11:37:17.318 [daemon] INFO: Message: output: output:
D:\aarambh\frontend\node_modules\react-native-screens\android\build\tmp\kotlin-classes\release\com\swmansion\rnscreens\gamma\helpers\FragmentManagerHelper.class
Sources:
D:\aarambh\frontend\node_modules\react-native-screens\android\src\main\java\com\swmansion\rnscreens\gamma\helpers\FragmentManagerHelper.kt
2026-08-14 11:37:17.318 [daemon] INFO: Message: output: output:
D:\aarambh\frontend\node_modules\react-native-screens\android\build\tmp\kotlin-classes\release\com\swmansion\rnscreens\gamma\helpers\SystemDrawableKt.class
Sources:
D:\aarambh\frontend\node_modules\react-native-screens\android\src\main\java\com\swmansion\rnscreens\gamma\helpers\SystemDrawable.kt
2026-08-14 11:37:17.319 [daemon] INFO: Message: output: output:
D:\aarambh\frontend\node_modules\react-native-screens\android\build\tmp\kotlin-classes\release\com\swmansion\rnscreens\gamma\helpers\ViewIdProviding.class
Sources:
D:\aarambh\frontend\node_modules\react-native-screens\android\src\main\java\com\swmansion\rnscreens\gamma\helpers\ViewIdHelpers.kt
2026-08-14 11:37:17.319 [daemon] INFO: Message: output: output:
D:\aarambh\frontend\node_modules\react-native-screens\android\build\tmp\kotlin-classes\release\com\swmansion\rnscreens\gamma\helpers\NewArchAwareViewIdGenerator.class
Sources:
D:\aarambh\frontend\node_modules\react-native-screens\android\src\main\java\com\swmansion\rnscreens\gamma\helpers\ViewIdHelpers.kt
2026-08-14 11:37:17.320 [daemon] INFO: Message: output: output:
D:\aarambh\frontend\node_modules\react-native-screens\android\build\tmp\kotlin-classes\release\com\swmansion\rnscreens\gamma\helpers\ViewIdGenerator.class
Sources:
D:\aarambh\frontend\node_modules\react-native-screens\android\src\main\java\com\swmansion\rnscreens\gamma\helpers\ViewIdHelpers.kt
2026-08-14 11:37:17.320 [daemon] INFO: Message: output: output:
D:\aarambh\frontend\node_modules\react-native-screens\android\build\tmp\kotlin-classes\release\com\swmansion\rnscreens\gamma\tabs\TabScreen.class
Sources:
D:\aarambh\frontend\node_modules\react-native-screens\android\src\main\java\com\swmansion\rnscreens\gamma\tabs\TabScreen.kt
2026-08-14 11:37:17.321 [daemon] INFO: Message: output: output:
D:\aarambh\frontend\node_modules\react-native-screens\android\build\tmp\kotlin-classes\release\com\swmansion\rnscreens\gamma\tabs\TabScreen$special$$inlined$observable$1.class
Sources:
D:\aarambh\frontend\node_modules\react-native-screens\android\src\main\java\com\swmansion\rnscreens\gamma\tabs\TabScreen.kt
2026-08-14 11:37:17.321 [daemon] INFO: Message: output: output:
D:\aarambh\frontend\node_modules\react-native-screens\android\build\tmp\kotlin-classes\release\com\swmansion\rnscreens\gamma\tabs\TabScreen$special$$inlined$observable$2.class
Sources:
D:\aarambh\frontend\node_modules\react-native-screens\android\src\main\java\com\swmansion\rnscreens\gamma\tabs\TabScreen.kt
2026-08-14 11:37:17.322 [daemon] INFO: Message: output: output:
D:\aarambh\frontend\node_modules\react-native-screens\android\build\tmp\kotlin-classes\release\com\swmansion\rnscreens\gamma\tabs\TabScreen$special$$inlined$observable$3.class
Sources:
D:\aarambh\frontend\node_modules\react-native-screens\android\src\main\java\com\swmansion\rnscreens\gamma\tabs\TabScreen.kt
2026-08-14 11:37:17.322 [daemon] INFO: Message: output: output:
D:\aarambh\frontend\node_modules\react-native-screens\android\build\tmp\kotlin-classes\release\com\swmansion\rnscreens\gamma\tabs\TabScreen$special$$inlined$observable$4.class
Sources:
D:\aarambh\frontend\node_modules\react-native-screens\android\src\main\java\com\swmansion\rnscreens\gamma\tabs\TabScreen.kt
2026-08-14 11:37:17.323 [daemon] INFO: Message: output: output:
D:\aarambh\frontend\node_modules\react-native-screens\android\build\tmp\kotlin-classes\release\com\swmansion\rnscreens\gamma\tabs\TabScreen$special$$inlined$observable$5.class
Sources:
D:\aarambh\frontend\node_modules\react-native-screens\android\src\main\java\com\swmansion\rnscreens\gamma\tabs\TabScreen.kt
2026-08-14 11:37:17.323 [daemon] INFO: Message: output: output:
D:\aarambh\frontend\node_modules\react-native-screens\android\build\tmp\kotlin-classes\release\com\swmansion\rnscreens\gamma\tabs\TabScreen$special$$inlined$observable$6.class
Sources:
D:\aarambh\frontend\node_modules\react-native-screens\android\src\main\java\com\swmansion\rnscreens\gamma\tabs\TabScreen.kt
2026-08-14 11:37:17.323 [daemon] INFO: Message: output: output:
D:\aarambh\frontend\node_modules\react-native-screens\android\build\tmp\kotlin-classes\release\com\swmansion\rnscreens\gamma\tabs\TabScreen$Companion.class
Sources:
D:\aarambh\frontend\node_modules\react-native-screens\android\src\main\java\com\swmansion\rnscreens\gamma\tabs\TabScreen.kt
2026-08-14 11:37:17.324 [daemon] INFO: Message: output: output:
D:\aarambh\frontend\node_modules\react-native-screens\android\build\tmp\kotlin-classes\release\com\swmansion\rnscreens\gamma\tabs\TabScreenDelegate.class
Sources:
D:\aarambh\frontend\node_modules\react-native-screens\android\src\main\java\com\swmansion\rnscreens\gamma\tabs\TabScreenDelegate.kt
2026-08-14 11:37:17.325 [daemon] INFO: Message: output: output:
D:\aarambh\frontend\node_modules\react-native-screens\android\build\tmp\kotlin-classes\release\com\swmansion\rnscreens\gamma\tabs\TabScreenEventEmitter.class
Sources:
D:\aarambh\frontend\node_modules\react-native-screens\android\src\main\java\com\swmansion\rnscreens\gamma\tabs\TabScreenEventEmitter.kt
2026-08-14 11:37:17.325 [daemon] INFO: Message: output: output:
D:\aarambh\frontend\node_modules\react-native-screens\android\build\tmp\kotlin-classes\release\com\swmansion\rnscreens\gamma\tabs\TabScreenEventEmitter$Companion.class
Sources:
D:\aarambh\frontend\node_modules\react-native-screens\android\src\main\java\com\swmansion\rnscreens\gamma\tabs\TabScreenEventEmitter.kt
2026-08-14 11:37:17.325 [daemon] INFO: Message: output: output:
D:\aarambh\frontend\node_modules\react-native-screens\android\build\tmp\kotlin-classes\release\com\swmansion\rnscreens\gamma\tabs\TabScreenEventEmitterKt.class
Sources:
D:\aarambh\frontend\node_modules\react-native-screens\android\src\main\java\com\swmansion\rnscreens\gamma\tabs\TabScreenEventEmitter.kt
2026-08-14 11:37:17.326 [daemon] INFO: Message: output: output:
D:\aarambh\frontend\node_modules\react-native-screens\android\build\tmp\kotlin-classes\release\com\swmansion\rnscreens\gamma\tabs\TabScreenFragment.class
Sources:
D:\aarambh\frontend\node_modules\react-native-screens\android\src\main\java\com\swmansion\rnscreens\gamma\tabs\TabScreenFragment.kt
2026-08-14 11:37:17.326 [daemon] INFO: Message: output: output:
D:\aarambh\frontend\node_modules\react-native-screens\android\build\tmp\kotlin-classes\release\com\swmansion\rnscreens\gamma\tabs\TabScreenViewManager.class
Sources:
D:\aarambh\frontend\node_modules\react-native-screens\android\src\main\java\com\swmansion\rnscreens\gamma\tabs\TabScreenViewManager.kt
2026-08-14 11:37:17.326 [daemon] INFO: Message: output: output:
D:\aarambh\frontend\node_modules\react-native-screens\android\build\tmp\kotlin-classes\release\com\swmansion\rnscreens\gamma\tabs\TabScreenViewManager$loadUsingCoil$$inlined$target$default$1.class
Sources:
D:\aarambh\frontend\node_modules\react-native-screens\android\src\main\java\com\swmansion\rnscreens\gamma\tabs\TabScreenViewManager.kt
2026-08-14 11:37:17.327 [daemon] INFO: Message: output: output:
D:\aarambh\frontend\node_modules\react-native-screens\android\build\tmp\kotlin-classes\release\com\swmansion\rnscreens\gamma\tabs\TabScreenViewManager$loadUsingCoil$$inlined$listener$default$1.class
Sources:
D:\aarambh\frontend\node_modules\react-native-screens\android\src\main\java\com\swmansion\rnscreens\gamma\tabs\TabScreenViewManager.kt
2026-08-14 11:37:17.327 [daemon] INFO: Message: output: output:
D:\aarambh\frontend\node_modules\react-native-screens\android\build\tmp\kotlin-classes\release\com\swmansion\rnscreens\gamma\tabs\TabScreenViewManager$RNSImageSource.class
Sources:
D:\aarambh\frontend\node_modules\react-native-screens\android\src\main\java\com\swmansion\rnscreens\gamma\tabs\TabScreenViewManager.kt
2026-08-14 11:37:17.328 [daemon] INFO: Message: output: output:
D:\aarambh\frontend\node_modules\react-native-screens\android\build\tmp\kotlin-classes\release\com\swmansion\rnscreens\gamma\tabs\TabScreenViewManager$RNSImageSource$DrawableRes.class
Sources:
D:\aarambh\frontend\node_modules\react-native-screens\android\src\main\java\com\swmansion\rnscreens\gamma\tabs\TabScreenViewManager.kt
2026-08-14 11:37:17.329 [daemon] INFO: Message: output: output:
D:\aarambh\frontend\node_modules\react-native-screens\android\build\tmp\kotlin-classes\release\com\swmansion\rnscreens\gamma\tabs\TabScreenViewManager$RNSImageSource$UriString.class
Sources:
D:\aarambh\frontend\node_modules\react-native-screens\android\src\main\java\com\swmansion\rnscreens\gamma\tabs\TabScreenViewManager.kt
2026-08-14 11:37:17.329 [daemon] INFO: Message: output: output:
D:\aarambh\frontend\node_modules\react-native-screens\android\build\tmp\kotlin-classes\release\com\swmansion\rnscreens\gamma\tabs\TabScreenViewManager$Companion.class
Sources:
D:\aarambh\frontend\node_modules\react-native-screens\android\src\main\java\com\swmansion\rnscreens\gamma\tabs\TabScreenViewManager.kt
2026-08-14 11:37:17.329 [daemon] INFO: Message: output: output:
D:\aarambh\frontend\node_modules\react-native-screens\android\build\tmp\kotlin-classes\release\com\swmansion\rnscreens\gamma\tabs\TabsHost.class
Sources:
D:\aarambh\frontend\node_modules\react-native-screens\android\src\main\java\com\swmansion\rnscreens\gamma\tabs\TabsHost.kt
2026-08-14 11:37:17.329 [daemon] INFO: Message: output: output:
D:\aarambh\frontend\node_modules\react-native-screens\android\build\tmp\kotlin-classes\release\com\swmansion\rnscreens\gamma\tabs\TabsHost$special$$inlined$observable$1.class
Sources:
D:\aarambh\frontend\node_modules\react-native-screens\android\src\main\java\com\swmansion\rnscreens\gamma\tabs\TabsHost.kt
2026-08-14 11:37:17.329 [daemon] INFO: Message: output: output:
D:\aarambh\frontend\node_modules\react-native-screens\android\build\tmp\kotlin-classes\release\com\swmansion\rnscreens\gamma\tabs\TabsHost$special$$inlined$observable$2.class
Sources:
D:\aarambh\frontend\node_modules\react-native-screens\android\src\main\java\com\swmansion\rnscreens\gamma\tabs\TabsHost.kt
2026-08-14 11:37:17.330 [daemon] INFO: Message: output: output:
D:\aarambh\frontend\node_modules\react-native-screens\android\build\tmp\kotlin-classes\release\com\swmansion\rnscreens\gamma\tabs\TabsHost$special$$inlined$observable$3.class
Sources:
D:\aarambh\frontend\node_modules\react-native-screens\android\src\main\java\com\swmansion\rnscreens\gamma\tabs\TabsHost.kt
2026-08-14 11:37:17.330 [daemon] INFO: Message: output: output:
D:\aarambh\frontend\node_modules\react-native-screens\android\build\tmp\kotlin-classes\release\com\swmansion\rnscreens\gamma\tabs\TabsHost$special$$inlined$observable$4.class
Sources:
D:\aarambh\frontend\node_modules\react-native-screens\android\src\main\java\com\swmansion\rnscreens\gamma\tabs\TabsHost.kt
2026-08-14 11:37:17.330 [daemon] INFO: Message: output: output:
D:\aarambh\frontend\node_modules\react-native-screens\android\build\tmp\kotlin-classes\release\com\swmansion\rnscreens\gamma\tabs\TabsHost$special$$inlined$observable$5.class
Sources:
D:\aarambh\frontend\node_modules\react-native-screens\android\src\main\java\com\swmansion\rnscreens\gamma\tabs\TabsHost.kt
2026-08-14 11:37:17.330 [daemon] INFO: Message: output: output:
D:\aarambh\frontend\node_modules\react-native-screens\android\build\tmp\kotlin-classes\release\com\swmansion\rnscreens\gamma\tabs\TabsHost$special$$inlined$observable$6.class
Sources:
D:\aarambh\frontend\node_modules\react-native-screens\android\src\main\java\com\swmansion\rnscreens\gamma\tabs\TabsHost.kt
2026-08-14 11:37:17.332 [daemon] INFO: Message: output: output:
D:\aarambh\frontend\node_modules\react-native-screens\android\build\tmp\kotlin-classes\release\com\swmansion\rnscreens\gamma\tabs\TabsHost$special$$inlined$observable$7.class
Sources:
D:\aarambh\frontend\node_modules\react-native-screens\android\src\main\java\com\swmansion\rnscreens\gamma\tabs\TabsHost.kt
2026-08-14 11:37:17.332 [daemon] INFO: Message: output: output:
D:\aarambh\frontend\node_modules\react-native-screens\android\build\tmp\kotlin-classes\release\com\swmansion\rnscreens\gamma\tabs\TabsHost$special$$inlined$observable$8.class
Sources:
D:\aarambh\frontend\node_modules\react-native-screens\android\src\main\java\com\swmansion\rnscreens\gamma\tabs\TabsHost.kt
2026-08-14 11:37:17.332 [daemon] INFO: Message: output: output:
D:\aarambh\frontend\node_modules\react-native-screens\android\build\tmp\kotlin-classes\release\com\swmansion\rnscreens\gamma\tabs\TabsHost$special$$inlined$observable$9.class
Sources:
D:\aarambh\frontend\node_modules\react-native-screens\android\src\main\java\com\swmansion\rnscreens\gamma\tabs\TabsHost.kt
2026-08-14 11:37:17.332 [daemon] INFO: Message: output: output:
D:\aarambh\frontend\node_modules\react-native-screens\android\build\tmp\kotlin-classes\release\com\swmansion\rnscreens\gamma\tabs\TabsHost$special$$inlined$observable$10.class
Sources:
D:\aarambh\frontend\node_modules\react-native-screens\android\src\main\java\com\swmansion\rnscreens\gamma\tabs\TabsHost.kt
2026-08-14 11:37:17.332 [daemon] INFO: Message: output: output:
D:\aarambh\frontend\node_modules\react-native-screens\android\build\tmp\kotlin-classes\release\com\swmansion\rnscreens\gamma\tabs\TabsHost$special$$inlined$observable$11.class
Sources:
D:\aarambh\frontend\node_modules\react-native-screens\android\src\main\java\com\swmansion\rnscreens\gamma\tabs\TabsHost.kt
2026-08-14 11:37:17.333 [daemon] INFO: Message: output: output:
D:\aarambh\frontend\node_modules\react-native-screens\android\build\tmp\kotlin-classes\release\com\swmansion\rnscreens\gamma\tabs\TabsHost$special$$inlined$observable$12.class
Sources:
D:\aarambh\frontend\node_modules\react-native-screens\android\src\main\java\com\swmansion\rnscreens\gamma\tabs\TabsHost.kt
2026-08-14 11:37:17.333 [daemon] INFO: Message: output: output:
D:\aarambh\frontend\node_modules\react-native-screens\android\build\tmp\kotlin-classes\release\com\swmansion\rnscreens\gamma\tabs\TabsHost$special$$inlined$observable$13.class
Sources:
D:\aarambh\frontend\node_modules\react-native-screens\android\src\main\java\com\swmansion\rnscreens\gamma\tabs\TabsHost.kt
2026-08-14 11:37:17.333 [daemon] INFO: Message: output: output:
D:\aarambh\frontend\node_modules\react-native-screens\android\build\tmp\kotlin-classes\release\com\swmansion\rnscreens\gamma\tabs\TabsHost$special$$inlined$observable$14.class
Sources:
D:\aarambh\frontend\node_modules\react-native-screens\android\src\main\java\com\swmansion\rnscreens\gamma\tabs\TabsHost.kt
2026-08-14 11:37:17.333 [daemon] INFO: Message: output: output:
D:\aarambh\frontend\node_modules\react-native-screens\android\build\tmp\kotlin-classes\release\com\swmansion\rnscreens\gamma\tabs\TabsHost$ContainerUpdateCoordinator.class
Sources:
D:\aarambh\frontend\node_modules\react-native-screens\android\src\main\java\com\swmansion\rnscreens\gamma\tabs\TabsHost.kt
2026-08-14 11:37:17.333 [daemon] INFO: Message: output: output:
D:\aarambh\frontend\node_modules\react-native-screens\android\build\tmp\kotlin-classes\release\com\swmansion\rnscreens\gamma\tabs\TabsHost$Companion.class
Sources:
D:\aarambh\frontend\node_modules\react-native-screens\android\src\main\java\com\swmansion\rnscreens\gamma\tabs\TabsHost.kt
2026-08-14 11:37:17.333 [daemon] INFO: Message: output: output:
D:\aarambh\frontend\node_modules\react-native-screens\android\build\tmp\kotlin-classes\release\com\swmansion\rnscreens\gamma\tabs\TabsHostAppearanceApplicator.class
Sources:
D:\aarambh\frontend\node_modules\react-native-screens\android\src\main\java\com\swmansion\rnscreens\gamma\tabs\TabsHostAppearanceApplicator.kt
2026-08-14 11:37:17.333 [daemon] INFO: Message: output: output:
D:\aarambh\frontend\node_modules\react-native-screens\android\build\tmp\kotlin-classes\release\com\swmansion\rnscreens\gamma\tabs\TabsHostAppearanceCoordinator.class
Sources:
D:\aarambh\frontend\node_modules\react-native-screens\android\src\main\java\com\swmansion\rnscreens\gamma\tabs\TabsHostAppearanceCoordinator.kt
2026-08-14 11:37:17.334 [daemon] INFO: Message: output: output:
D:\aarambh\frontend\node_modules\react-native-screens\android\build\tmp\kotlin-classes\release\com\swmansion\rnscreens\gamma\tabs\TabsHostAppearanceCoordinatorKt.class
Sources:
D:\aarambh\frontend\node_modules\react-native-screens\android\src\main\java\com\swmansion\rnscreens\gamma\tabs\TabsHostAppearanceCoordinator.kt
2026-08-14 11:37:17.334 [daemon] INFO: Message: output: output:
D:\aarambh\frontend\node_modules\react-native-screens\android\build\tmp\kotlin-classes\release\com\swmansion\rnscreens\gamma\tabs\TabsHostEventEmitter.class
Sources:
D:\aarambh\frontend\node_modules\react-native-screens\android\src\main\java\com\swmansion\rnscreens\gamma\tabs\TabsHostEventEmitter.kt
2026-08-14 11:37:17.334 [daemon] INFO: Message: output: output:
D:\aarambh\frontend\node_modules\react-native-screens\android\build\tmp\kotlin-classes\release\com\swmansion\rnscreens\gamma\tabs\TabsHostViewManager.class
Sources:
D:\aarambh\frontend\node_modules\react-native-screens\android\src\main\java\com\swmansion\rnscreens\gamma\tabs\TabsHostViewManager.kt
2026-08-14 11:37:17.334 [daemon] INFO: Message: output: output:
D:\aarambh\frontend\node_modules\react-native-screens\android\build\tmp\kotlin-classes\release\com\swmansion\rnscreens\gamma\tabs\TabsHostViewManager$Companion.class
Sources:
D:\aarambh\frontend\node_modules\react-native-screens\android\src\main\java\com\swmansion\rnscreens\gamma\tabs\TabsHostViewManager.kt
2026-08-14 11:37:17.334 [daemon] INFO: Message: output: output:
D:\aarambh\frontend\node_modules\react-native-screens\android\build\tmp\kotlin-classes\release\com\swmansion\rnscreens\gamma\tabs\event\TabScreenDidAppearEvent.class
Sources:
D:\aarambh\frontend\node_modules\react-native-screens\android\src\main\java\com\swmansion\rnscreens\gamma\tabs\event\TabScreenDidAppearEvent.kt
2026-08-14 11:37:17.335 [daemon] INFO: Message: output: output:
D:\aarambh\frontend\node_modules\react-native-screens\android\build\tmp\kotlin-classes\release\com\swmansion\rnscreens\gamma\tabs\event\TabScreenDidAppearEvent$Companion.class
Sources:
D:\aarambh\frontend\node_modules\react-native-screens\android\src\main\java\com\swmansion\rnscreens\gamma\tabs\event\TabScreenDidAppearEvent.kt
2026-08-14 11:37:17.335 [daemon] INFO: Message: output: output:
D:\aarambh\frontend\node_modules\react-native-screens\android\build\tmp\kotlin-classes\release\com\swmansion\rnscreens\gamma\tabs\event\TabScreenDidDisappearEvent.class
Sources:
D:\aarambh\frontend\node_modules\react-native-screens\android\src\main\java\com\swmansion\rnscreens\gamma\tabs\event\TabScreenDidDisappearEvent.kt
2026-08-14 11:37:17.335 [daemon] INFO: Message: output: output:
D:\aarambh\frontend\node_modules\react-native-screens\android\build\tmp\kotlin-classes\release\com\swmansion\rnscreens\gamma\tabs\event\TabScreenDidDisappearEvent$Companion.class
Sources:
D:\aarambh\frontend\node_modules\react-native-screens\android\src\main\java\com\swmansion\rnscreens\gamma\tabs\event\TabScreenDidDisappearEvent.kt
2026-08-14 11:37:17.335 [daemon] INFO: Message: output: output:
D:\aarambh\frontend\node_modules\react-native-screens\android\build\tmp\kotlin-classes\release\com\swmansion\rnscreens\gamma\tabs\event\TabScreenWillAppearEvent.class
Sources:
D:\aarambh\frontend\node_modules\react-native-screens\android\src\main\java\com\swmansion\rnscreens\gamma\tabs\event\TabScreenWillAppearEvent.kt
2026-08-14 11:37:17.335 [daemon] INFO: Message: output: output:
D:\aarambh\frontend\node_modules\react-native-screens\android\build\tmp\kotlin-classes\release\com\swmansion\rnscreens\gamma\tabs\event\TabScreenWillAppearEvent$Companion.class
Sources:
D:\aarambh\frontend\node_modules\react-native-screens\android\src\main\java\com\swmansion\rnscreens\gamma\tabs\event\TabScreenWillAppearEvent.kt
2026-08-14 11:37:17.335 [daemon] INFO: Message: output: output:
D:\aarambh\frontend\node_modules\react-native-screens\android\build\tmp\kotlin-classes\release\com\swmansion\rnscreens\gamma\tabs\event\TabScreenWillDisappearEvent.class
Sources:
D:\aarambh\frontend\node_modules\react-native-screens\android\src\main\java\com\swmansion\rnscreens\gamma\tabs\event\TabScreenWillDisappearEvent.kt
2026-08-14 11:37:17.335 [daemon] INFO: Message: output: output:
D:\aarambh\frontend\node_modules\react-native-screens\android\build\tmp\kotlin-classes\release\com\swmansion\rnscreens\gamma\tabs\event\TabScreenWillDisappearEvent$Companion.class
Sources:
D:\aarambh\frontend\node_modules\react-native-screens\android\src\main\java\com\swmansion\rnscreens\gamma\tabs\event\TabScreenWillDisappearEvent.kt
2026-08-14 11:37:17.335 [daemon] INFO: Message: output: output:
D:\aarambh\frontend\node_modules\react-native-screens\android\build\tmp\kotlin-classes\release\com\swmansion\rnscreens\gamma\tabs\event\TabsHostNativeFocusChangeEvent.class
Sources:
D:\aarambh\frontend\node_modules\react-native-screens\android\src\main\java\com\swmansion\rnscreens\gamma\tabs\event\TabsHostNativeFocusChangeEvent.kt
2026-08-14 11:37:17.335 [daemon] INFO: Message: output: output:
D:\aarambh\frontend\node_modules\react-native-screens\android\build\tmp\kotlin-classes\release\com\swmansion\rnscreens\gamma\tabs\event\TabsHostNativeFocusChangeEvent$Companion.class
Sources:
D:\aarambh\frontend\node_modules\react-native-screens\android\src\main\java\com\swmansion\rnscreens\gamma\tabs\event\TabsHostNativeFocusChangeEvent.kt
2026-08-14 11:37:17.337 [daemon] INFO: Message: output: output:
D:\aarambh\frontend\node_modules\react-native-screens\android\build\tmp\kotlin-classes\release\com\swmansion\rnscreens\stack\anim\ScreensAnimation.class
Sources:
D:\aarambh\frontend\node_modules\react-native-screens\android\src\main\java\com\swmansion\rnscreens\stack\anim\ScreensAnimation.kt
2026-08-14 11:37:17.337 [daemon] INFO: Message: output: output:
D:\aarambh\frontend\node_modules\react-native-screens\android\build\tmp\kotlin-classes\release\com\swmansion\rnscreens\stack\views\ChildrenDrawingOrderStrategyBase.class
Sources:
D:\aarambh\frontend\node_modules\react-native-screens\android\src\main\java\com\swmansion\rnscreens\stack\views\ChildDrawingOrderStrategyImpl.kt
2026-08-14 11:37:17.337 [daemon] INFO: Message: output: output:
D:\aarambh\frontend\node_modules\react-native-screens\android\build\tmp\kotlin-classes\release\com\swmansion\rnscreens\stack\views\ReverseFromIndex.class
Sources:
D:\aarambh\frontend\node_modules\react-native-screens\android\src\main\java\com\swmansion\rnscreens\stack\views\ChildDrawingOrderStrategyImpl.kt
2026-08-14 11:37:17.337 [daemon] INFO: Message: output: output:
D:\aarambh\frontend\node_modules\react-native-screens\android\build\tmp\kotlin-classes\release\com\swmansion\rnscreens\stack\views\ReverseOrder.class
Sources:
D:\aarambh\frontend\node_modules\react-native-screens\android\src\main\java\com\swmansion\rnscreens\stack\views\ChildDrawingOrderStrategyImpl.kt
2026-08-14 11:37:17.337 [daemon] INFO: Message: output: output:
D:\aarambh\frontend\node_modules\react-native-screens\android\build\tmp\kotlin-classes\release\com\swmansion\rnscreens\stack\views\ChildrenDrawingOrderStrategy.class
Sources:
D:\aarambh\frontend\node_modules\react-native-screens\android\src\main\java\com\swmansion\rnscreens\stack\views\ChildrenDrawingOrderStrategy.kt
2026-08-14 11:37:17.338 [daemon] INFO: Message: output: output:
D:\aarambh\frontend\node_modules\react-native-screens\android\build\tmp\kotlin-classes\release\com\swmansion\rnscreens\stack\views\ScreensCoordinatorLayout.class
Sources:
D:\aarambh\frontend\node_modules\react-native-screens\android\src\main\java\com\swmansion\rnscreens\stack\views\ScreensCoordinatorLayout.kt
2026-08-14 11:37:17.338 [daemon] INFO: Message: output: output:
D:\aarambh\frontend\node_modules\react-native-screens\android\build\tmp\kotlin-classes\release\com\swmansion\rnscreens\stack\views\ScreensCoordinatorLayout$animationListener$1.class
Sources:
D:\aarambh\frontend\node_modules\react-native-screens\android\src\main\java\com\swmansion\rnscreens\stack\views\ScreensCoordinatorLayout.kt
2026-08-14 11:37:17.338 [daemon] INFO: Message: output: output:
D:\aarambh\frontend\node_modules\react-native-screens\android\build\tmp\kotlin-classes\release\com\swmansion\rnscreens\transition\ExternalBoundaryValuesEvaluator.class
Sources:
D:\aarambh\frontend\node_modules\react-native-screens\android\src\main\java\com\swmansion\rnscreens\transition\ExternalBoundaryValuesEvaluator.kt
2026-08-14 11:37:17.338 [daemon] INFO: Message: output: output:
D:\aarambh\frontend\node_modules\react-native-screens\android\build\tmp\kotlin-classes\release\com\swmansion\rnscreens\transition\ExternalBoundaryValuesEvaluatorKt.class
Sources:
D:\aarambh\frontend\node_modules\react-native-screens\android\src\main\java\com\swmansion\rnscreens\transition\ExternalBoundaryValuesEvaluator.kt
2026-08-14 11:37:17.339 [daemon] INFO: Message: output: output:
D:\aarambh\frontend\node_modules\react-native-screens\android\build\tmp\kotlin-classes\release\com\swmansion\rnscreens\utils\DeviceUtils.class
Sources:
D:\aarambh\frontend\node_modules\react-native-screens\android\src\main\java\com\swmansion\rnscreens\utils\DeviceUtils.kt
2026-08-14 11:37:17.339 [daemon] INFO: Message: output: output:
D:\aarambh\frontend\node_modules\react-native-screens\android\build\tmp\kotlin-classes\release\com\swmansion\rnscreens\utils\FragmentTransactionKtKt.class
Sources:
D:\aarambh\frontend\node_modules\react-native-screens\android\src\main\java\com\swmansion\rnscreens\utils\FragmentTransactionKt.kt
2026-08-14 11:37:17.339 [daemon] INFO: Message: output: output:
D:\aarambh\frontend\node_modules\react-native-screens\android\build\tmp\kotlin-classes\release\com\swmansion\rnscreens\utils\FragmentTransactionKtKt$WhenMappings.class
Sources:
D:\aarambh\frontend\node_modules\react-native-screens\android\src\main\java\com\swmansion\rnscreens\utils\FragmentTransactionKt.kt
2026-08-14 11:37:17.339 [daemon] INFO: Message: output: output:
D:\aarambh\frontend\node_modules\react-native-screens\android\build\tmp\kotlin-classes\release\com\swmansion\rnscreens\utils\InsetsKtKt.class
Sources:
D:\aarambh\frontend\node_modules\react-native-screens\android\src\main\java\com\swmansion\rnscreens\utils\InsetsKt.kt
2026-08-14 11:37:17.339 [daemon] INFO: Message: output: output:
D:\aarambh\frontend\node_modules\react-native-screens\android\build\tmp\kotlin-classes\release\com\swmansion\rnscreens\utils\PaddingBundle.class
Sources:
D:\aarambh\frontend\node_modules\react-native-screens\android\src\main\java\com\swmansion\rnscreens\utils\PaddingBundle.kt
2026-08-14 11:37:17.339 [daemon] INFO: Message: output: output:
D:\aarambh\frontend\node_modules\react-native-screens\android\build\tmp\kotlin-classes\release\com\swmansion\rnscreens\utils\RNSLog.class
Sources:
D:\aarambh\frontend\node_modules\react-native-screens\android\src\main\java\com\swmansion\rnscreens\utils\RNSLog.kt
2026-08-14 11:37:17.339 [daemon] INFO: Message: output: output:
D:\aarambh\frontend\node_modules\react-native-screens\android\build\tmp\kotlin-classes\release\com\swmansion\rnscreens\utils\ScreenDummyLayoutHelper.class
Sources:
D:\aarambh\frontend\node_modules\react-native-screens\android\src\main\java\com\swmansion\rnscreens\utils\ScreenDummyLayoutHelper.kt
2026-08-14 11:37:17.340 [daemon] INFO: Message: output: output:
D:\aarambh\frontend\node_modules\react-native-screens\android\build\tmp\kotlin-classes\release\com\swmansion\rnscreens\utils\ScreenDummyLayoutHelper$Companion.class
Sources:
D:\aarambh\frontend\node_modules\react-native-screens\android\src\main\java\com\swmansion\rnscreens\utils\ScreenDummyLayoutHelper.kt
2026-08-14 11:37:17.340 [daemon] INFO: Message: output: output:
D:\aarambh\frontend\node_modules\react-native-screens\android\build\tmp\kotlin-classes\release\com\swmansion\rnscreens\utils\CacheKey.class
Sources:
D:\aarambh\frontend\node_modules\react-native-screens\android\src\main\java\com\swmansion\rnscreens\utils\ScreenDummyLayoutHelper.kt
2026-08-14 11:37:17.340 [daemon] INFO: Message: output: output:
D:\aarambh\frontend\node_modules\react-native-screens\android\build\tmp\kotlin-classes\release\com\swmansion\rnscreens\utils\CacheEntry.class
Sources:
D:\aarambh\frontend\node_modules\react-native-screens\android\src\main\java\com\swmansion\rnscreens\utils\ScreenDummyLayoutHelper.kt
2026-08-14 11:37:17.341 [daemon] INFO: Message: output: output:
D:\aarambh\frontend\node_modules\react-native-screens\android\build\tmp\kotlin-classes\release\com\swmansion\rnscreens\utils\CacheEntry$Companion.class
Sources:
D:\aarambh\frontend\node_modules\react-native-screens\android\src\main\java\com\swmansion\rnscreens\utils\ScreenDummyLayoutHelper.kt
2026-08-14 11:37:17.341 [daemon] INFO: Message: output: output:
D:\aarambh\frontend\node_modules\react-native-screens\android\build\tmp\kotlin-classes\release\com\swmansion\rnscreens\utils\ViewBackgroundUtilsKt.class
Sources:
D:\aarambh\frontend\node_modules\react-native-screens\android\src\versioned\backgroundcolor\latest\ViewBackgroundUtils.kt
2026-08-14 11:37:17.341 [daemon] INFO: Message: output: output:
D:\aarambh\frontend\node_modules\react-native-screens\android\build\tmp\kotlin-classes\release\com\swmansion\rnscreens\utils\EdgeToEdgeDetector.class
Sources:
D:\aarambh\frontend\node_modules\react-native-screens\android\src\versioned\edge-to-edge\latest\com\swmansion\rnscreens\utils\EdgeToEdgeDetector.kt
2026-08-14 11:37:17.341 [daemon] INFO: Message: output: output:
D:\aarambh\frontend\node_modules\react-native-screens\android\build\tmp\kotlin-classes\release\com\swmansion\rnscreens\PointerEventsBoxNoneImpl.class
Sources:
D:\aarambh\frontend\node_modules\react-native-screens\android\src\versioned\pointerevents\latest\com\swmansion\rnscreens\PointerEventsBoxNoneImpl.kt
2026-08-14 11:37:17.342 [daemon] INFO: Message: output: output:
D:\aarambh\frontend\node_modules\react-native-screens\android\build\tmp\kotlin-classes\release\com\swmansion\rnscreens\bottomsheet\DimmingViewPointerEventsImpl.class
Sources:
D:\aarambh\frontend\node_modules\react-native-screens\android\src\versioned\pointerevents\latest\com\swmansion\rnscreens\bottomsheet\DimmingViewPointerEvents.kt
2026-08-14 11:37:17.342 [daemon] INFO: Message: output: output:
D:\aarambh\frontend\node_modules\react-native-screens\android\build\tmp\kotlin-classes\release\com\swmansion\rnscreens\bottomsheet\DimmingViewPointerEventsProxy.class
Sources:
D:\aarambh\frontend\node_modules\react-native-screens\android\src\versioned\pointerevents\latest\com\swmansion\rnscreens\bottomsheet\DimmingViewPointerEvents.kt
2026-08-14 11:37:17.342 [daemon] INFO: Message: output: output:
D:\aarambh\frontend\node_modules\react-native-screens\android\build\tmp\kotlin-classes\release\META-INF\react-native-screens_release.kotlin_module
Sources:
D:\aarambh\frontend\node_modules\react-native-screens\android\src\main\java\com\swmansion\rnscreens\events\SearchBarBlurEvent.kt
D:\aarambh\frontend\node_modules\react-native-screens\android\src\main\java\com\swmansion\rnscreens\gamma\tabs\event\TabScreenDidDisappearEvent.kt
D:\aarambh\frontend\node_modules\react-native-screens\android\src\main\java\com\swmansion\rnscreens\gamma\common\NamingAwareEventType.kt
D:\aarambh\frontend\node_modules\react-native-screens\android\src\main\java\com\swmansion\rnscreens\gamma\tabs\TabScreenFragment.kt
D:\aarambh\frontend\node_modules\react-native-screens\android\src\main\java\com\swmansion\rnscreens\CustomToolbar.kt
D:\aarambh\frontend\node_modules\react-native-screens\android\src\main\java\com\swmansion\rnscreens\ScreenStackHeaderConfigViewManager.kt
D:\aarambh\frontend\node_modules\react-native-screens\android\src\main\java\com\swmansion\rnscreens\FragmentBackPressOverrider.kt
D:\aarambh\frontend\node_modules\react-native-screens\android\src\main\java\com\swmansion\rnscreens\events\HeaderDetachedEvent.kt
D:\aarambh\frontend\node_modules\react-native-screens\android\src\main\java\com\swmansion\rnscreens\gamma\tabs\TabScreenDelegate.kt
D:\aarambh\frontend\node_modules\react-native-screens\android\src\main\java\com\swmansion\rnscreens\FragmentHolder.kt
D:\aarambh\frontend\node_modules\react-native-screens\android\src\main\java\com\swmansion\rnscreens\stack\views\ChildDrawingOrderStrategyImpl.kt
D:\aarambh\frontend\node_modules\react-native-screens\android\src\main\java\com\swmansion\rnscreens\ScreenStackHeaderSubviewManager.kt
D:\aarambh\frontend\node_modules\react-native-screens\android\src\fabric\java\com\swmansion\rnscreens\FabricEnabledHeaderConfigViewGroup.kt
D:\aarambh\frontend\node_modules\react-native-screens\android\src\main\java\com\swmansion\rnscreens\bottomsheet\DimmingView.kt
D:\aarambh\frontend\node_modules\react-native-screens\android\src\main\java\com\swmansion\rnscreens\ScreenEventDispatcher.kt
D:\aarambh\frontend\node_modules\react-native-screens\android\src\main\java\com\swmansion\rnscreens\ext\ViewExt.kt
D:\aarambh\frontend\node_modules\react-native-screens\android\src\fabric\java\com\swmansion\rnscreens\NativeProxy.kt
D:\aarambh\frontend\node_modules\react-native-screens\android\src\fabric\java\com\swmansion\rnscreens\FabricEnabledHeaderSubviewViewGroup.kt
D:\aarambh\frontend\node_modules\react-native-screens\android\src\main\java\com\swmansion\rnscreens\utils\PaddingBundle.kt
D:\aarambh\frontend\node_modules\react-native-screens\android\src\main\java\com\swmansion\rnscreens\events\ScreenDisappearEvent.kt
D:\aarambh\frontend\node_modules\react-native-screens\android\src\main\java\com\swmansion\rnscreens\gamma\tabs\TabScreenEventEmitter.kt
D:\aarambh\frontend\node_modules\react-native-screens\android\src\main\java\com\swmansion\rnscreens\fragment\restoration\RNScreensFragmentFactory.kt
D:\aarambh\frontend\node_modules\react-native-screens\android\src\main\java\com\swmansion\rnscreens\ScreenContainer.kt
D:\aarambh\frontend\node_modules\react-native-screens\android\src\main\java\com\swmansion\rnscreens\ScreenStackFragment.kt
D:\aarambh\frontend\node_modules\react-native-screens\android\src\main\java\com\swmansion\rnscreens\ScreenFragmentWrapper.kt
D:\aarambh\frontend\node_modules\react-native-screens\android\src\main\java\com\swmansion\rnscreens\gamma\tabs\TabsHostEventEmitter.kt
D:\aarambh\frontend\node_modules\react-native-screens\android\src\main\java\com\swmansion\rnscreens\utils\InsetsKt.kt
D:\aarambh\frontend\node_modules\react-native-screens\android\src\main\java\com\swmansion\rnscreens\ScreenStack.kt
D:\aarambh\frontend\node_modules\react-native-screens\android\src\main\java\com\swmansion\rnscreens\events\SearchBarSearchButtonPressEvent.kt
D:\aarambh\frontend\node_modules\react-native-screens\android\src\main\java\com\swmansion\rnscreens\RNScreensPackage.kt
D:\aarambh\frontend\node_modules\react-native-screens\android\src\main\java\com\swmansion\rnscreens\SearchBarManager.kt
D:\aarambh\frontend\node_modules\react-native-screens\android\src\main\java\com\swmansion\rnscreens\bottomsheet\DimmingViewManager.kt
D:\aarambh\frontend\node_modules\react-native-screens\android\src\main\java\com\swmansion\rnscreens\events\SearchBarFocusEvent.kt
D:\aarambh\frontend\node_modules\react-native-screens\android\src\main\java\com\swmansion\rnscreens\fragment\restoration\AutoRemovingFragment.kt
D:\aarambh\frontend\node_modules\react-native-screens\android\src\main\java\com\swmansion\rnscreens\gamma\tabs\TabScreenViewManager.kt
D:\aarambh\frontend\node_modules\react-native-screens\android\src\main\java\com\swmansion\rnscreens\ScreenFooter.kt
D:\aarambh\frontend\node_modules\react-native-screens\android\src\main\java\com\swmansion\rnscreens\ScreenFragment.kt
D:\aarambh\frontend\node_modules\react-native-screens\android\src\main\java\com\swmansion\rnscreens\ScreenViewManager.kt
D:\aarambh\frontend\node_modules\react-native-screens\android\src\main\java\com\swmansion\rnscreens\ScreenContentWrapper.kt
D:\aarambh\frontend\node_modules\react-native-screens\android\src\main\java\com\swmansion\rnscreens\ext\FragmentExt.kt
D:\aarambh\frontend\node_modules\react-native-screens\android\src\main\java\com\swmansion\rnscreens\events\HeaderAttachedEvent.kt
D:\aarambh\frontend\node_modules\react-native-screens\android\src\main\java\com\swmansion\rnscreens\gamma\tabs\TabsHostAppearanceApplicator.kt
D:\aarambh\frontend\node_modules\react-native-screens\android\src\versioned\edge-to-edge\latest\com\swmansion\rnscreens\utils\EdgeToEdgeDetector.kt
D:\aarambh\frontend\node_modules\react-native-screens\android\src\main\java\com\swmansion\rnscreens\utils\DeviceUtils.kt
D:\aarambh\frontend\node_modules\react-native-screens\android\src\main\java\com\swmansion\rnscreens\ScreenContainerViewManager.kt
D:\aarambh\frontend\node_modules\react-native-screens\android\src\main\java\com\swmansion\rnscreens\events\SearchBarOpenEvent.kt
D:\aarambh\frontend\node_modules\react-native-screens\android\src\main\java\com\swmansion\rnscreens\gamma\tabs\event\TabScreenWillDisappearEvent.kt
D:\aarambh\frontend\node_modules\react-native-screens\android\src\versioned\pointerevents\latest\com\swmansion\rnscreens\bottomsheet\DimmingViewPointerEvents.kt
D:\aarambh\frontend\node_modules\react-native-screens\android\src\main\java\com\swmansion\rnscreens\InsetsObserverProxy.kt
D:\aarambh\frontend\node_modules\react-native-screens\android\src\main\java\com\swmansion\rnscreens\gamma\helpers\FragmentManagerHelper.kt
D:\aarambh\frontend\node_modules\react-native-screens\android\src\main\java\com\swmansion\rnscreens\ModalScreenViewManager.kt
D:\aarambh\frontend\node_modules\react-native-screens\android\src\main\java\com\swmansion\rnscreens\gamma\tabs\event\TabScreenDidAppearEvent.kt
D:\aarambh\frontend\node_modules\react-native-screens\android\src\main\java\com\swmansion\rnscreens\ScreenWindowTraits.kt
D:\aarambh\frontend\node_modules\react-native-screens\android\src\main\java\com\swmansion\rnscreens\Screen.kt
D:\aarambh\frontend\node_modules\react-native-screens\android\src\main\java\com\swmansion\rnscreens\ext\NumericExt.kt
D:\aarambh\frontend\node_modules\react-native-screens\android\src\main\java\com\swmansion\rnscreens\ScreensModule.kt
D:\aarambh\frontend\node_modules\react-native-screens\android\src\main\java\com\swmansion\rnscreens\ScreensShadowNode.kt
D:\aarambh\frontend\node_modules\react-native-screens\android\src\main\java\com\swmansion\rnscreens\events\SearchBarChangeTextEvent.kt
D:\aarambh\frontend\node_modules\react-native-screens\android\src\main\java\com\swmansion\rnscreens\ScreenContentWrapperManager.kt
D:\aarambh\frontend\node_modules\react-native-screens\android\src\main\java\com\swmansion\rnscreens\ScreenStackViewManager.kt
D:\aarambh\frontend\node_modules\react-native-screens\android\src\main\java\com\swmansion\rnscreens\bottomsheet\BottomSheetDialogScreen.kt
D:\aarambh\frontend\node_modules\react-native-screens\android\src\main\java\com\swmansion\rnscreens\transition\ExternalBoundaryValuesEvaluator.kt
D:\aarambh\frontend\node_modules\react-native-screens\android\src\versioned\backgroundcolor\latest\ViewBackgroundUtils.kt
D:\aarambh\frontend\node_modules\react-native-screens\android\src\main\java\com\swmansion\rnscreens\events\ScreenWillAppearEvent.kt
D:\aarambh\frontend\node_modules\react-native-screens\android\src\main\java\com\swmansion\rnscreens\bottomsheet\SheetDelegate.kt
D:\aarambh\frontend\node_modules\react-native-screens\android\src\main\java\com\swmansion\rnscreens\events\ScreenAnimationDelegate.kt
D:\aarambh\frontend\node_modules\react-native-screens\android\src\main\java\com\swmansion\rnscreens\bottomsheet\BottomSheetDialogRootView.kt
D:\aarambh\frontend\node_modules\react-native-screens\android\src\main\java\com\swmansion\rnscreens\gamma\helpers\ViewIdHelpers.kt
D:\aarambh\frontend\node_modules\react-native-screens\android\src\main\java\com\swmansion\rnscreens\gamma\tabs\TabsHostAppearanceCoordinator.kt
D:\aarambh\frontend\node_modules\react-native-screens\android\src\main\java\com\swmansion\rnscreens\ScreenFooterManager.kt
D:\aarambh\frontend\node_modules\react-native-screens\android\src\main\java\com\swmansion\rnscreens\ScreenStackFragmentWrapper.kt
D:\aarambh\frontend\node_modules\react-native-screens\android\src\main\java\com\swmansion\rnscreens\stack\views\ChildrenDrawingOrderStrategy.kt
D:\aarambh\frontend\node_modules\react-native-screens\android\src\main\java\com\swmansion\rnscreens\events\ScreenWillDisappearEvent.kt
D:\aarambh\frontend\node_modules\react-native-screens\android\src\main\java\com\swmansion\rnscreens\gamma\common\FragmentProviding.kt
D:\aarambh\frontend\node_modules\react-native-screens\android\src\main\java\com\swmansion\rnscreens\gamma\tabs\event\TabsHostNativeFocusChangeEvent.kt
D:\aarambh\frontend\node_modules\react-native-screens\android\src\main\java\com\swmansion\rnscreens\events\SearchBarCloseEvent.kt
D:\aarambh\frontend\node_modules\react-native-screens\android\src\main\java\com\swmansion\rnscreens\gamma\common\BaseEventEmitter.kt
D:\aarambh\frontend\node_modules\react-native-screens\android\src\main\java\com\swmansion\rnscreens\events\SheetDetentChangedEvent.kt
D:\aarambh\frontend\node_modules\react-native-screens\android\src\main\java\com\swmansion\rnscreens\gamma\tabs\TabsHostViewManager.kt
D:\aarambh\frontend\node_modules\react-native-screens\android\src\main\java\com\swmansion\rnscreens\gamma\tabs\event\TabScreenWillAppearEvent.kt
D:\aarambh\frontend\node_modules\react-native-screens\android\src\versioned\pointerevents\latest\com\swmansion\rnscreens\PointerEventsBoxNoneImpl.kt
D:\aarambh\frontend\node_modules\react-native-screens\android\src\main\java\com\swmansion\rnscreens\gamma\helpers\SystemDrawable.kt
D:\aarambh\frontend\node_modules\react-native-screens\android\src\main\java\com\swmansion\rnscreens\stack\anim\ScreensAnimation.kt
D:\aarambh\frontend\node_modules\react-native-screens\android\src\main\java\com\swmansion\rnscreens\SearchViewFormatter.kt
D:\aarambh\frontend\node_modules\react-native-screens\android\src\main\java\com\swmansion\rnscreens\gamma\tabs\TabScreen.kt
D:\aarambh\frontend\node_modules\react-native-screens\android\src\main\java\com\swmansion\rnscreens\SearchBarView.kt
D:\aarambh\frontend\node_modules\react-native-screens\android\src\main\java\com\swmansion\rnscreens\gamma\tabs\TabsHost.kt
D:\aarambh\frontend\node_modules\react-native-screens\android\src\main\java\com\swmansion\rnscreens\events\HeaderHeightChangeEvent.kt
D:\aarambh\frontend\node_modules\react-native-screens\android\src\main\java\com\swmansion\rnscreens\stack\views\ScreensCoordinatorLayout.kt
D:\aarambh\frontend\node_modules\react-native-screens\android\src\main\java\com\swmansion\rnscreens\ScreenStackHeaderConfig.kt
D:\aarambh\frontend\node_modules\react-native-screens\android\src\main\java\com\swmansion\rnscreens\events\ScreenTransitionProgressEvent.kt
D:\aarambh\frontend\node_modules\react-native-screens\android\src\main\java\com\swmansion\rnscreens\events\StackFinishTransitioningEvent.kt
D:\aarambh\frontend\node_modules\react-native-screens\android\src\main\java\com\swmansion\rnscreens\utils\RNSLog.kt
D:\aarambh\frontend\node_modules\react-native-screens\android\src\main\java\com\swmansion\rnscreens\events\ScreenEventEmitter.kt
D:\aarambh\frontend\node_modules\react-native-screens\android\src\main\java\com\swmansion\rnscreens\ScreenStackHeaderSubview.kt
D:\aarambh\frontend\node_modules\react-native-screens\android\src\main\java\com\swmansion\rnscreens\ScreenStackHeaderConfigShadowNode.kt
D:\aarambh\frontend\node_modules\react-native-screens\android\src\main\java\com\swmansion\rnscreens\events\ScreenAppearEvent.kt
D:\aarambh\frontend\node_modules\react-native-screens\android\src\fabric\java\com\swmansion\rnscreens\FabricEnabledViewGroup.kt
D:\aarambh\frontend\node_modules\react-native-screens\android\src\main\java\com\swmansion\rnscreens\bottomsheet\SheetUtils.kt
D:\aarambh\frontend\node_modules\react-native-screens\android\src\main\java\com\swmansion\rnscreens\bottomsheet\BottomSheetBehaviorExt.kt
D:\aarambh\frontend\node_modules\react-native-screens\android\src\main\java\com\swmansion\rnscreens\ScreenModalFragment.kt
D:\aarambh\frontend\node_modules\react-native-screens\android\src\main\java\com\swmansion\rnscreens\events\HeaderBackButtonClickedEvent.kt
D:\aarambh\frontend\node_modules\react-native-screens\android\src\main\java\com\swmansion\rnscreens\events\ScreenDismissedEvent.kt
D:\aarambh\frontend\node_modules\react-native-screens\android\src\main\java\com\swmansion\rnscreens\gamma\helpers\EventHelpers.kt
D:\aarambh\frontend\node_modules\react-native-screens\android\src\main\java\com\swmansion\rnscreens\utils\FragmentTransactionKt.kt
D:\aarambh\frontend\node_modules\react-native-screens\android\src\main\java\com\swmansion\rnscreens\CustomSearchView.kt
D:\aarambh\frontend\node_modules\react-native-screens\android\src\main\java\com\swmansion\rnscreens\utils\ScreenDummyLayoutHelper.kt
2026-08-14 11:37:17.342 [daemon] INFO: Message: warning: the corresponding parameter in the supertype 'BaseReactPackage' is named 'name'. This may cause problems when calling this function with named arguments.
        s: String,
        ^
2026-08-14 11:37:17.342 [daemon] INFO: Message: warning: the corresponding parameter in the supertype 'BaseReactPackage' is named 'reactContext'. This may cause problems when calling this function with named arguments.
        reactApplicationContext: ReactApplicationContext,
        ^^^^^^^^^^^^^^^^^^^^^^^
2026-08-14 11:37:17.343 [daemon] INFO: Message: warning: 'constructor(name: String, className: String, canOverrideExistingModule: Boolean, needsEagerInit: Boolean, hasConstants: Boolean, isCxxModule: Boolean, isTurboModule: Boolean): ReactModuleInfo' is deprecated. This constructor is deprecated and will be removed in the future. Use ReactModuleInfo(String, String, boolean, boolean, boolean, boolean)].
                ReactModuleInfo(
                ^^^^^^^^^^^^^^^
2026-08-14 11:37:17.343 [daemon] INFO: Message: warning: unchecked cast of '(CoordinatorLayout.Behavior<View!>?..CoordinatorLayout.Behavior<*>?)' to 'BottomSheetBehavior<Screen>'.
        get() = (layoutParams as? CoordinatorLayout.LayoutParams)?.behavior as? BottomSheetBehavior<Screen>
                                                                            ^^^^^^^^^^^^^^^^^^^^^^^^^^^^^^^
2026-08-14 11:37:17.343 [daemon] INFO: Message: warning: 'fun setTranslucent(screen: Screen, activity: Activity?, context: ReactContext?): Unit' is deprecated. For apps targeting SDK 35 or above this prop has no effect because edge-to-edge is enabled by default and the status bar is always translucent.
                ScreenWindowTraits.setTranslucent(
                                   ^^^^^^^^^^^^^^
2026-08-14 11:37:17.343 [daemon] INFO: Message: warning: 'fun setColor(screen: Screen, activity: Activity?, context: ReactContext?): Unit' is deprecated. For apps targeting SDK 35 or above this prop has no effect because edge-to-edge is enabled by default and the status bar is always translucent.
                ScreenWindowTraits.setColor(
                                   ^^^^^^^^
2026-08-14 11:37:17.343 [daemon] INFO: Message: warning: 'fun setNavigationBarColor(screen: Screen, activity: Activity?): Unit' is deprecated. For all apps targeting Android SDK 35 or above edge-to-edge is enabled by default.
                ScreenWindowTraits.setNavigationBarColor(
                                   ^^^^^^^^^^^^^^^^^^^^^
2026-08-14 11:37:17.344 [daemon] INFO: Message: warning: 'fun setNavigationBarTranslucent(screen: Screen, activity: Activity?): Unit' is deprecated. For all apps targeting Android SDK 35 or above edge-to-edge is enabled by default.
                ScreenWindowTraits.setNavigationBarTranslucent(
                                   ^^^^^^^^^^^^^^^^^^^^^^^^^^^
2026-08-14 11:37:17.344 [daemon] INFO: Message: warning: 'var targetElevation: Float' is deprecated. Deprecated in Java.
                appBarLayout?.targetElevation = 0f
                              ^^^^^^^^^^^^^^^
2026-08-14 11:37:17.344 [daemon] INFO: Message: warning: 'fun setHasOptionsMenu(p0: Boolean): Unit' is deprecated. Deprecated in Java.
            setHasOptionsMenu(true)
            ^^^^^^^^^^^^^^^^^
2026-08-14 11:37:17.345 [daemon] INFO: Message: warning: this declaration overrides a deprecated member but is not marked as deprecated itself. Add the '@Deprecated' annotation or suppress the diagnostic.
    override fun onPrepareOptionsMenu(menu: Menu) {
                 ^^^^^^^^^^^^^^^^^^^^
2026-08-14 11:37:17.345 [daemon] INFO: Message: warning: 'fun onPrepareOptionsMenu(p0: Menu): Unit' is deprecated. Deprecated in Java.
        return super.onPrepareOptionsMenu(menu)
                     ^^^^^^^^^^^^^^^^^^^^
2026-08-14 11:37:17.345 [daemon] INFO: Message: warning: this declaration overrides a deprecated member but is not marked as deprecated itself. Add the '@Deprecated' annotation or suppress the diagnostic.
    override fun onCreateOptionsMenu(
                 ^^^^^^^^^^^^^^^^^^^
2026-08-14 11:37:17.347 [daemon] INFO: Message: warning: 'fun onCreateOptionsMenu(p0: Menu, p1: MenuInflater): Unit' is deprecated. Deprecated in Java.
        return super.onCreateOptionsMenu(menu, inflater)
                     ^^^^^^^^^^^^^^^^^^^
2026-08-14 11:37:17.347 [daemon] INFO: Message: warning: 'val reactNativeHost: ReactNativeHost' is deprecated. You should not use ReactNativeHost directly in the New Architecture. Use ReactHost instead.
                .reactNativeHost
                 ^^^^^^^^^^^^^^^
2026-08-14 11:37:17.347 [daemon] INFO: Message: warning: 'var statusBarColor: Int?' is deprecated. For apps targeting SDK 35 or above this prop has no effect because edge-to-edge is enabled by default and the status bar is always translucent.
        view.statusBarColor = statusBarColor
             ^^^^^^^^^^^^^^
2026-08-14 11:37:17.347 [daemon] INFO: Message: warning: 'var isStatusBarTranslucent: Boolean?' is deprecated. For apps targeting SDK 35 or above this prop has no effect because edge-to-edge is enabled by default and the status bar is always translucent.
        view.isStatusBarTranslucent = statusBarTranslucent
             ^^^^^^^^^^^^^^^^^^^^^^
2026-08-14 11:37:17.347 [daemon] INFO: Message: warning: 'var navigationBarColor: Int?' is deprecated. For all apps targeting Android SDK 35 or above edge-to-edge is enabled by default.
        view.navigationBarColor = navigationBarColor
             ^^^^^^^^^^^^^^^^^^
2026-08-14 11:37:17.348 [daemon] INFO: Message: warning: 'var isNavigationBarTranslucent: Boolean?' is deprecated. For all apps targeting Android SDK 35 or above edge-to-edge is enabled by default.
        view.isNavigationBarTranslucent = navigationBarTranslucent
             ^^^^^^^^^^^^^^^^^^^^^^^^^^
2026-08-14 11:37:17.348 [daemon] INFO: Message: warning: 'fun replaceSystemWindowInsets(p0: Int, p1: Int, p2: Int, p3: Int): WindowInsetsCompat' is deprecated. Deprecated in Java.
                    return defaultInsets.replaceSystemWindowInsets(
                                         ^^^^^^^^^^^^^^^^^^^^^^^^^
2026-08-14 11:37:17.349 [daemon] INFO: Message: warning: 'val systemWindowInsetLeft: Int' is deprecated. Deprecated in Java.
                        defaultInsets.systemWindowInsetLeft,
                                      ^^^^^^^^^^^^^^^^^^^^^
2026-08-14 11:37:17.349 [daemon] INFO: Message: warning: 'val systemWindowInsetRight: Int' is deprecated. Deprecated in Java.
                        defaultInsets.systemWindowInsetRight,
                                      ^^^^^^^^^^^^^^^^^^^^^^
2026-08-14 11:37:17.349 [daemon] INFO: Message: warning: 'val systemWindowInsetBottom: Int' is deprecated. Deprecated in Java.
                        defaultInsets.systemWindowInsetBottom,
                                      ^^^^^^^^^^^^^^^^^^^^^^^
2026-08-14 11:37:17.350 [daemon] INFO: Message: warning: 'var statusBarColor: Int' is deprecated. Deprecated in Java.
            defaultStatusBarColor = activity.window.statusBarColor
                                                    ^^^^^^^^^^^^^^
2026-08-14 11:37:17.350 [daemon] INFO: Message: warning: 'var statusBarColor: Int?' is deprecated. For apps targeting SDK 35 or above this prop has no effect because edge-to-edge is enabled by default and the status bar is always translucent.
        val color = screenForColor?.statusBarColor ?: defaultStatusBarColor
                                    ^^^^^^^^^^^^^^
2026-08-14 11:37:17.350 [daemon] INFO: Message: warning: 'var statusBarColor: Int' is deprecated. Deprecated in Java.
                    val curColor: Int = window.statusBarColor
                                               ^^^^^^^^^^^^^^
2026-08-14 11:37:17.351 [daemon] INFO: Message: warning: 'var statusBarColor: Int' is deprecated. Deprecated in Java.
                        window.statusBarColor = animator.animatedValue as Int
                               ^^^^^^^^^^^^^^
2026-08-14 11:37:17.351 [daemon] INFO: Message: warning: 'var isStatusBarTranslucent: Boolean?' is deprecated. For apps targeting SDK 35 or above this prop has no effect because edge-to-edge is enabled by default and the status bar is always translucent.
        val translucent = screenForTranslucent?.isStatusBarTranslucent ?: false
                                                ^^^^^^^^^^^^^^^^^^^^^^
2026-08-14 11:37:17.351 [daemon] INFO: Message: warning: 'var navigationBarColor: Int?' is deprecated. For all apps targeting Android SDK 35 or above edge-to-edge is enabled by default.
        val color = screenForNavBarColor?.navigationBarColor ?: window.navigationBarColor
                                          ^^^^^^^^^^^^^^^^^^
2026-08-14 11:37:17.352 [daemon] INFO: Message: warning: 'var navigationBarColor: Int' is deprecated. Deprecated in Java.
        val color = screenForNavBarColor?.navigationBarColor ?: window.navigationBarColor
                                                                       ^^^^^^^^^^^^^^^^^^
2026-08-14 11:37:17.352 [daemon] INFO: Message: warning: 'var navigationBarColor: Int' is deprecated. Deprecated in Java.
        window.navigationBarColor = color
               ^^^^^^^^^^^^^^^^^^
2026-08-14 11:37:17.352 [daemon] INFO: Message: warning: 'var isNavigationBarTranslucent: Boolean?' is deprecated. For all apps targeting Android SDK 35 or above edge-to-edge is enabled by default.
        val translucent = screenForNavBarTranslucent?.isNavigationBarTranslucent ?: return
                                                      ^^^^^^^^^^^^^^^^^^^^^^^^^^
2026-08-14 11:37:17.354 [daemon] INFO: Message: warning: 'fun setColor(screen: Screen, activity: Activity?, context: ReactContext?): Unit' is deprecated. For apps targeting SDK 35 or above this prop has no effect because edge-to-edge is enabled by default and the status bar is always translucent.
            setColor(screen, activity, context)
            ^^^^^^^^
2026-08-14 11:37:17.354 [daemon] INFO: Message: warning: 'fun setTranslucent(screen: Screen, activity: Activity?, context: ReactContext?): Unit' is deprecated. For apps targeting SDK 35 or above this prop has no effect because edge-to-edge is enabled by default and the status bar is always translucent.
            setTranslucent(screen, activity, context)
            ^^^^^^^^^^^^^^
2026-08-14 11:37:17.354 [daemon] INFO: Message: warning: 'fun setNavigationBarColor(screen: Screen, activity: Activity?): Unit' is deprecated. For all apps targeting Android SDK 35 or above edge-to-edge is enabled by default.
            setNavigationBarColor(screen, activity)
            ^^^^^^^^^^^^^^^^^^^^^
2026-08-14 11:37:17.355 [daemon] INFO: Message: warning: 'fun setNavigationBarTranslucent(screen: Screen, activity: Activity?): Unit' is deprecated. For all apps targeting Android SDK 35 or above edge-to-edge is enabled by default.
            setNavigationBarTranslucent(screen, activity)
            ^^^^^^^^^^^^^^^^^^^^^^^^^^^
2026-08-14 11:37:17.355 [daemon] INFO: Message: warning: 'var statusBarColor: Int?' is deprecated. For apps targeting SDK 35 or above this prop has no effect because edge-to-edge is enabled by default and the status bar is always translucent.
            WindowTraits.COLOR -> screen.statusBarColor != null
                                         ^^^^^^^^^^^^^^
2026-08-14 11:37:17.356 [daemon] INFO: Message: warning: 'var isStatusBarTranslucent: Boolean?' is deprecated. For apps targeting SDK 35 or above this prop has no effect because edge-to-edge is enabled by default and the status bar is always translucent.
            WindowTraits.TRANSLUCENT -> screen.isStatusBarTranslucent != null
                                               ^^^^^^^^^^^^^^^^^^^^^^
2026-08-14 11:37:17.356 [daemon] INFO: Message: warning: 'var navigationBarColor: Int?' is deprecated. For all apps targeting Android SDK 35 or above edge-to-edge is enabled by default.
            WindowTraits.NAVIGATION_BAR_COLOR -> screen.navigationBarColor != null
                                                        ^^^^^^^^^^^^^^^^^^
2026-08-14 11:37:17.356 [daemon] INFO: Message: warning: 'var isNavigationBarTranslucent: Boolean?' is deprecated. For all apps targeting Android SDK 35 or above edge-to-edge is enabled by default.
            WindowTraits.NAVIGATION_BAR_TRANSLUCENT -> screen.isNavigationBarTranslucent != null
                                                              ^^^^^^^^^^^^^^^^^^^^^^^^^^
2026-08-14 11:37:17.356 [daemon] INFO: Message: warning: 'object ReactFeatureFlags : Any' is deprecated. Use com.facebook.react.internal.featureflags.ReactNativeFeatureFlags instead.
import com.facebook.react.config.ReactFeatureFlags
       ^^^^^^^^^^^^^^^^^^^^^^^^^^^^^^^^^^^^^^^^^^^
2026-08-14 11:37:17.356 [daemon] INFO: Message: warning: 'object ReactFeatureFlags : Any' is deprecated. Use com.facebook.react.internal.featureflags.ReactNativeFeatureFlags instead.
        if (ReactFeatureFlags.dispatchPointerEvents) {
            ^^^^^^^^^^^^^^^^^
2026-08-14 11:37:17.357 [daemon] INFO: Message: warning: the corresponding parameter in the supertype 'ReactViewGroup' is named 'left'. This may cause problems when calling this function with named arguments.
        l: Int,
        ^
2026-08-14 11:37:17.357 [daemon] INFO: Message: warning: the corresponding parameter in the supertype 'ReactViewGroup' is named 'top'. This may cause problems when calling this function with named arguments.
        t: Int,
        ^
2026-08-14 11:37:17.357 [daemon] INFO: Message: warning: the corresponding parameter in the supertype 'ReactViewGroup' is named 'right'. This may cause problems when calling this function with named arguments.
        r: Int,
        ^
2026-08-14 11:37:17.357 [daemon] INFO: Message: warning: the corresponding parameter in the supertype 'ReactViewGroup' is named 'bottom'. This may cause problems when calling this function with named arguments.
        b: Int,
        ^
2026-08-14 11:37:17.357 [daemon] INFO: Message: warning: the corresponding parameter in the supertype 'RootView' is named 'childView'. This may cause problems when calling this function with named arguments.
        view: View?,
        ^^^^
2026-08-14 11:37:17.358 [daemon] INFO: Message: warning: the corresponding parameter in the supertype 'RootView' is named 'ev'. This may cause problems when calling this function with named arguments.
        event: MotionEvent,
        ^^^^^
2026-08-14 11:37:17.358 [daemon] INFO: Message: warning: the corresponding parameter in the supertype 'RootView' is named 'ev'. This may cause problems when calling this function with named arguments.
    override fun onChildStartedNativeGesture(event: MotionEvent): Unit =
                                             ^^^^^
2026-08-14 11:37:17.358 [daemon] INFO: Message: warning: the corresponding parameter in the supertype 'RootView' is named 'childView'. This may cause problems when calling this function with named arguments.
        view: View,
        ^^^^
2026-08-14 11:37:17.358 [daemon] INFO: Message: warning: the corresponding parameter in the supertype 'RootView' is named 'ev'. This may cause problems when calling this function with named arguments.
        event: MotionEvent,
        ^^^^^
2026-08-14 11:37:17.358 [daemon] INFO: Message: warning: the corresponding parameter in the supertype 'RootView' is named 't'. This may cause problems when calling this function with named arguments.
    override fun handleException(throwable: Throwable) {
                                 ^^^^^^^^^
2026-08-14 11:37:17.358 [daemon] INFO: Message: warning: the corresponding parameter in the supertype 'ReactCompoundView' is named 'touchX'. This may cause problems when calling this function with named arguments.
        x: Float,
        ^
2026-08-14 11:37:17.359 [daemon] INFO: Message: warning: the corresponding parameter in the supertype 'ReactCompoundView' is named 'touchY'. This may cause problems when calling this function with named arguments.
        y: Float,
        ^
2026-08-14 11:37:17.359 [daemon] INFO: Message: warning: the corresponding parameter in the supertype 'ReactCompoundViewGroup' is named 'touchX'. This may cause problems when calling this function with named arguments.
        x: Float,
        ^
2026-08-14 11:37:17.359 [daemon] INFO: Message: warning: the corresponding parameter in the supertype 'ReactCompoundViewGroup' is named 'touchY'. This may cause problems when calling this function with named arguments.
        y: Float,
        ^
2026-08-14 11:37:17.584 [daemon] INFO: Message: warning: the corresponding parameter in the supertype 'TabsHostViewManager' is named 'view'. This may cause problems when calling this function with named arguments.
        child: View,
        ^^^^^
2026-08-14 11:37:19.407 [compiler] INFO: Done with result 0
2026-08-14 11:37:19.639 [compiler] INFO: cleaning after session 7
2026-08-14 11:37:32.837 [compiler] INFO: getDaemonJVMOptions: DaemonJVMOptions(maxMemory=2048m, maxMetaspaceSize=512m, reservedCodeCacheSize=320m, jvmParams=[-Djava.io.tmpdir=D:/aarambh/.tmp-build, -Djava.awt.headless=true, -Djava.rmi.server.hostname=127.0.0.1, -Dkotlin.environment.keepalive, -ea, -XX:+UseCodeCacheFlushing, -XX:+UseParallelGC, -Dkotlin.daemon.initiator.marker.file=D:\aarambh\.tmp-build\kotlin-compiler-in-expogradleplugin-16492466878395323379.alive, --add-exports=java.base/sun.nio.ch=ALL-UNNAMED, Dkotlin.environment.keepalive, ea])
2026-08-14 11:37:32.838 [compiler] INFO: Registered a client alive file: D:\aarambh\.tmp-build\kotlin-compiler-in-hms-8567579073821835045.alive
2026-08-14 11:37:32.839 [compiler] INFO: leased a new session 8, session alive file: D:\aarambh\frontend\android\.kotlin\sessions\kotlin-compiler-15786901465648546014.salive
2026-08-14 11:37:32.889 [compiler] INFO: Starting compilation with args: -Xallow-no-source-files -classpath C:\Users\USER\AppData\Local\Android\Sdk\platforms\android-35\android.jar;C:\Users\USER\AppData\Local\Android\Sdk\build-tools\35.0.0\core-lambda-stubs.jar;D:\aarambh\frontend\node_modules\expo-modules-core\android\build\intermediates\compile_r_class_jar\release\generateReleaseRFile\R.jar;C:\Users\USER\.gradle\caches\modules-2\files-2.1\org.jetbrains.kotlinx\kotlinx-coroutines-core-jvm\1.7.3\2b09627576f0989a436a00a4a54b55fa5026fb86\kotlinx-coroutines-core-jvm-1.7.3.jar;C:\Users\USER\.gradle\caches\8.14.3\transforms\d1ff2d2667f7d4e152e45f9118f2ba54\transformed\react-android-0.81.5-release-api.jar;C:\Users\USER\.gradle\caches\8.14.3\transforms\81b01510b9ce8e4e2e5859bbbe10e3c3\transformed\appcompat-resources-1.7.0-api.jar;C:\Users\USER\.gradle\caches\8.14.3\transforms\85646afd59b508f9f9efb49f3e51cd31\transformed\appcompat-1.7.0-api.jar;C:\Users\USER\.gradle\caches\8.14.3\transforms\c460eb590b0f6beb0f9946f0bce8f08e\transformed\fragment-1.5.4-api.jar;C:\Users\USER\.gradle\caches\8.14.3\transforms\202c63e3b2d96408c85716254691bbf3\transformed\activity-1.7.0-api.jar;C:\Users\USER\.gradle\caches\8.14.3\transforms\83befa9fe345790bcb86999c9ab833a9\transformed\loader-1.0.0-api.jar;C:\Users\USER\.gradle\caches\8.14.3\transforms\5b9dc94874c69aceffcbcf1289f733a5\transformed\lifecycle-livedata-2.6.2-api.jar;C:\Users\USER\.gradle\caches\8.14.3\transforms\2aab3f128cbfa120a57c7d864ad46606\transformed\lifecycle-livedata-core-2.6.2-api.jar;C:\Users\USER\.gradle\caches\8.14.3\transforms\d639df3c93d57cde14d3952cacc96571\transformed\lifecycle-viewmodel-2.6.2-api.jar;C:\Users\USER\.gradle\caches\8.14.3\transforms\8e120a65084baef22be3a36d56477435\transformed\lifecycle-viewmodel-savedstate-2.6.2-api.jar;C:\Users\USER\.gradle\caches\8.14.3\transforms\4a0ca62bd78b1f68356b71f965088457\transformed\core-ktx-1.13.1-api.jar;C:\Users\USER\.gradle\caches\8.14.3\transforms\6e738d9f7137c038d33487deec09956f\transformed\swiperefreshlayout-1.1.0-api.jar;C:\Users\USER\.gradle\caches\8.14.3\transforms\8c4d73a67a927c2fc1a0e415d4127a6f\transformed\drawerlayout-1.0.0-api.jar;C:\Users\USER\.gradle\caches\8.14.3\transforms\73dd28ce8c5b7965336a8642ba9d0c6b\transformed\vectordrawable-animated-1.1.0-api.jar;C:\Users\USER\.gradle\caches\8.14.3\transforms\9dcf144118bd36515d2f9f5e19d892e8\transformed\vectordrawable-1.1.0-api.jar;C:\Users\USER\.gradle\caches\8.14.3\transforms\d980fb07799502ea8fbc668cb38687e3\transformed\viewpager-1.0.0-api.jar;C:\Users\USER\.gradle\caches\8.14.3\transforms\7bb9bee32eb95885e69ad729cf192403\transformed\customview-1.0.0-api.jar;C:\Users\USER\.gradle\caches\8.14.3\transforms\d318b0cd10ef97c153883e0296921532\transformed\core-1.13.1-api.jar;C:\Users\USER\.gradle\caches\8.14.3\transforms\e3f9a29beb4bf4a081a9fa6d3130cda0\transformed\lifecycle-runtime-2.6.2-api.jar;C:\Users\USER\.gradle\caches\modules-2\files-2.1\androidx.lifecycle\lifecycle-common\2.6.2\10f354fdb64868baecd67128560c5a0d6312c495\lifecycle-common-2.6.2.jar;C:\Users\USER\.gradle\caches\modules-2\files-2.1\org.jetbrains.kotlinx\kotlinx-coroutines-android\1.7.3\38d9cad3a0b03a10453b56577984bdeb48edeed5\kotlinx-coroutines-android-1.7.3.jar;C:\Users\USER\.gradle\caches\8.14.3\transforms\6f43cc58917cfcc57bfebe52d8937386\transformed\fbjni-0.7.0-api.jar;C:\Users\USER\.gradle\caches\modules-2\files-2.1\org.jetbrains.kotlin\kotlin-reflect\2.1.20\3c1003045c4f2a72f987a147abac8e7058be1183\kotlin-reflect-2.1.20.jar;C:\Users\USER\.gradle\caches\8.14.3\transforms\4da89da7893dafdd0519ee6d5f348d7c\transformed\tracing-1.2.0-api.jar;C:\Users\USER\.gradle\caches\8.14.3\transforms\bdc70971fc973319cabddf6db179ca16\transformed\tracing-ktx-1.2.0-api.jar;C:\Users\USER\.gradle\caches\8.14.3\transforms\94bb797470a6866e2e8007defe3e14d1\transformed\versionedparcelable-1.1.1-api.jar;C:\Users\USER\.gradle\caches\8.14.3\transforms\3a775bbafbb9cb49a1391eb92850dd8c\transformed\cursoradapter-1.0.0-api.jar;C:\Users\USER\.gradle\caches\8.14.3\transforms\f32a874dc8eeb4a88ed7b518904d2cb5\transformed\savedstate-1.2.1-api.jar;C:\Users\USER\.gradle\caches\8.14.3\transforms\36fc2506a8d74a32e2907d227725bcb5\transformed\interpolator-1.0.0-api.jar;C:\Users\USER\.gradle\caches\8.14.3\transforms\2ab20d9d5d474cf53e1e3f253abb1f2d\transformed\core-runtime-2.2.0-api.jar;C:\Users\USER\.gradle\caches\modules-2\files-2.1\androidx.arch.core\core-common\2.2.0\5e1b8b81dfd5f52c56a8d53b18ca759c19a301f3\core-common-2.2.0.jar;C:\Users\USER\.gradle\caches\modules-2\files-2.1\androidx.collection\collection\1.1.0\1f27220b47669781457de0d600849a5de0e89909\collection-1.1.0.jar;C:\Users\USER\.gradle\caches\modules-2\files-2.1\androidx.annotation\annotation-jvm\1.7.1\920472d40adcdef5e18708976b3e314f9a636fcd\annotation-jvm-1.7.1.jar;C:\Users\USER\.gradle\caches\8.14.3\transforms\a8355b39797f4cf2f67a0fa6d49c06c4\transformed\fresco-3.6.0-api.jar;C:\Users\USER\.gradle\caches\8.14.3\transforms\671cb54975d8f40a4a1e92a0e3d032e4\transformed\imagepipeline-okhttp3-3.6.0-api.jar;C:\Users\USER\.gradle\caches\8.14.3\transforms\64d0fa98e2fdd18bd92058f853bb2b86\transformed\middleware-3.6.0-api.jar;C:\Users\USER\.gradle\caches\8.14.3\transforms\a202ed36926b5a76a703cb7e2f2c5751\transformed\ui-common-3.6.0-api.jar;C:\Users\USER\.gradle\caches\modules-2\files-2.1\com.squareup.okhttp3\okhttp-urlconnection\4.9.2\3b9e64d3d56370bc7488ed8b336d17a8013cb336\okhttp-urlconnection-4.9.2.jar;C:\Users\USER\.gradle\caches\modules-2\files-2.1\com.squareup.okhttp3\okhttp\4.9.2\5302714ee9320b64cf65ed865e5f65981ef9ba46\okhttp-4.9.2.jar;C:\Users\USER\.gradle\caches\modules-2\files-2.1\com.squareup.okio\okio\2.9.0\dcc813b08ce5933f8bdfd1dfbab4ad4bd170e7a\okio-jvm-2.9.0.jar;C:\Users\USER\.gradle\caches\8.14.3\transforms\fe4765dadb362e889f4ccdd9a1c954c0\transformed\annotation-experimental-1.4.0-api.jar;C:\Users\USER\.gradle\caches\8.14.3\transforms\4e4010baa57e6a86d782abc833c927fd\transformed\fbcore-3.6.0-api.jar;C:\Users\USER\.gradle\caches\8.14.3\transforms\0de1c15f3e05c31c8d70661bfd1d6a47\transformed\drawee-3.6.0-api.jar;C:\Users\USER\.gradle\caches\8.14.3\transforms\b1e85b97fa94f4b4f51a96cf3bc4a184\transformed\ui-core-3.6.0-api.jar;C:\Users\USER\.gradle\caches\8.14.3\transforms\4c3663dde0ea3f7565f2c57944c8f1e4\transformed\imagepipeline-3.6.0-api.jar;C:\Users\USER\.gradle\caches\8.14.3\transforms\befab0bcb77e7b2e3959c99126ce0b97\transformed\imagepipeline-base-3.6.0-api.jar;C:\Users\USER\.gradle\caches\modules-2\files-2.1\org.jetbrains.kotlin\kotlin-stdlib\2.1.20\aa8ca79cd50578314f6d1180c47cbe14c0fee567\kotlin-stdlib-2.1.20.jar;C:\Users\USER\.gradle\caches\modules-2\files-2.1\org.jetbrains.kotlin\kotlin-stdlib-jdk8\1.8.20\73576ddf378c5b4f1f6b449fe6b119b8183fc078\kotlin-stdlib-jdk8-1.8.20.jar;C:\Users\USER\.gradle\caches\modules-2\files-2.1\org.jetbrains.kotlin\kotlin-stdlib-jdk7\2.1.20\72672df5e83231744c00550955b10acb71ed49d6\kotlin-stdlib-jdk7-2.1.20.jar;C:\Users\USER\.gradle\caches\modules-2\files-2.1\org.jetbrains\annotations\23.0.0\8cc20c07506ec18e0834947b84a864bfc094484e\annotations-23.0.0.jar;C:\Users\USER\.gradle\caches\8.14.3\transforms\4e111bc800d855cf56e037e7617c86e0\transformed\autofill-1.1.0-api.jar;C:\Users\USER\.gradle\caches\8.14.3\transforms\706c4a8633264bb32af03ccd4b8da323\transformed\soloader-0.12.1-api.jar;C:\Users\USER\.gradle\caches\modules-2\files-2.1\com.facebook.soloader\nativeloader\0.12.1\492cc5082540e19b29328f2f56c53255cb6e7cc6\nativeloader-0.12.1.jar;C:\Users\USER\.gradle\caches\modules-2\files-2.1\com.facebook.soloader\annotation\0.12.1\945ada76f62253ba8e72cbf755d0e85ea7362cfe\annotation-0.12.1.jar;C:\Users\USER\.gradle\caches\modules-2\files-2.1\com.facebook.infer.annotation\infer-annotation\0.18.0\27539793fe93ed7d92b6376281c16cda8278ab2f\infer-annotation-0.18.0.jar;C:\Users\USER\.gradle\caches\modules-2\files-2.1\com.google.code.findbugs\jsr305\3.0.2\25ea2e8b0c338a877313bd4672d3fe056ea78f0d\jsr305-3.0.2.jar;C:\Users\USER\.gradle\caches\modules-2\files-2.1\org.jetbrains.kotlin\kotlin-annotations-jvm\1.3.72\7dba6c57de526588d8080317bda0c14cd88c8055\kotlin-annotations-jvm-1.3.72.jar;C:\Users\USER\.gradle\caches\8.14.3\transforms\f979db765c17764c8b881882b62e00c4\transformed\imagepipeline-native-3.6.0-api.jar;C:\Users\USER\.gradle\caches\8.14.3\transforms\c7fc4207dda0e4117bf7889d48864637\transformed\memory-type-ashmem-3.6.0-api.jar;C:\Users\USER\.gradle\caches\8.14.3\transforms\c8c7746c931f093cab61effeec53d35c\transformed\memory-type-native-3.6.0-api.jar;C:\Users\USER\.gradle\caches\8.14.3\transforms\31ba3c11c4274d08ea298783793ef95a\transformed\memory-type-java-3.6.0-api.jar;C:\Users\USER\.gradle\caches\8.14.3\transforms\2944c452ee02efe4f56aa06f0da44f09\transformed\nativeimagefilters-3.6.0-api.jar;C:\Users\USER\.gradle\caches\8.14.3\transforms\2ba82a540b29b924e7c18ccec0c9febd\transformed\nativeimagetranscoder-3.6.0-api.jar;C:\Users\USER\.gradle\caches\modules-2\files-2.1\com.facebook.yoga\proguard-annotations\1.19.0\fcbbb39052e6490eaaf6a6959c49c3a4fbe87c63\proguard-annotations-1.19.0.jar;C:\Users\USER\.gradle\caches\modules-2\files-2.1\javax.inject\javax.inject\1\6975da39a7040257bd51d21a231b76c915872d38\javax.inject-1.jar -d D:\aarambh\frontend\node_modules\expo-modules-core\android\build\tmp\kotlin-classes\release -jvm-target 17 -module-name expo-modules-core_release -no-jdk -no-reflect -no-stdlib D:\aarambh\frontend\node_modules\expo-modules-core\android\src\main\java\expo\modules\adapters\react\ModuleRegistryAdapter.java D:\aarambh\frontend\node_modules\expo-modules-core\android\src\main\java\expo\modules\adapters\react\ModuleRegistryReadyNotifier.java D:\aarambh\frontend\node_modules\expo-modules-core\android\src\main\java\expo\modules\adapters\react\NativeModulesProxy.java D:\aarambh\frontend\node_modules\expo-modules-core\android\src\main\java\expo\modules\adapters\react\ReactAdapterPackage.java D:\aarambh\frontend\node_modules\expo-modules-core\android\src\main\java\expo\modules\adapters\react\ReactModuleRegistryProvider.java D:\aarambh\frontend\node_modules\expo-modules-core\android\src\main\java\expo\modules\adapters\react\ReactPackagesProvider.java D:\aarambh\frontend\node_modules\expo-modules-core\android\src\main\java\expo\modules\adapters\react\services\EventEmitterModule.java D:\aarambh\frontend\node_modules\expo-modules-core\android\src\main\java\expo\modules\adapters\react\services\UIManagerModuleWrapper.java D:\aarambh\frontend\node_modules\expo-modules-core\android\src\main\java\expo\modules\adapters\react\views\ViewManagerAdapterUtils.java D:\aarambh\frontend\node_modules\expo-modules-core\android\src\main\java\expo\modules\apploader\AppLoaderPackagesProviderInterface.java D:\aarambh\frontend\node_modules\expo-modules-core\android\src\main\java\expo\modules\apploader\HeadlessAppLoader.java D:\aarambh\frontend\node_modules\expo-modules-core\android\src\main\java\expo\modules\core\arguments\MapArguments.java D:\aarambh\frontend\node_modules\expo-modules-core\android\src\main\java\expo\modules\core\arguments\ReadableArguments.java D:\aarambh\frontend\node_modules\expo-modules-core\android\src\main\java\expo\modules\core\BasePackage.java D:\aarambh\frontend\node_modules\expo-modules-core\android\src\main\java\expo\modules\core\errors\CodedException.java D:\aarambh\frontend\node_modules\expo-modules-core\android\src\main\java\expo\modules\core\errors\CodedRuntimeException.java D:\aarambh\frontend\node_modules\expo-modules-core\android\src\main\java\expo\modules\core\errors\CurrentActivityNotFoundException.java D:\aarambh\frontend\node_modules\expo-modules-core\android\src\main\java\expo\modules\core\errors\InvalidArgumentException.java D:\aarambh\frontend\node_modules\expo-modules-core\android\src\main\java\expo\modules\core\errors\ModuleNotFoundException.java D:\aarambh\frontend\node_modules\expo-modules-core\android\src\main\java\expo\modules\core\interfaces\ActivityEventListener.java D:\aarambh\frontend\node_modules\expo-modules-core\android\src\main\java\expo\modules\core\interfaces\ActivityProvider.java D:\aarambh\frontend\node_modules\expo-modules-core\android\src\main\java\expo\modules\core\interfaces\ApplicationLifecycleListener.java D:\aarambh\frontend\node_modules\expo-modules-core\android\src\main\java\expo\modules\core\interfaces\Arguments.java D:\aarambh\frontend\node_modules\expo-modules-core\android\src\main\java\expo\modules\core\interfaces\CodedThrowable.java D:\aarambh\frontend\node_modules\expo-modules-core\android\src\main\java\expo\modules\core\interfaces\Consumer.java D:\aarambh\frontend\node_modules\expo-modules-core\android\src\main\java\expo\modules\core\interfaces\DoNotStrip.java D:\aarambh\frontend\node_modules\expo-modules-core\android\src\main\java\expo\modules\core\interfaces\Function.java D:\aarambh\frontend\node_modules\expo-modules-core\android\src\main\java\expo\modules\core\interfaces\InternalModule.java D:\aarambh\frontend\node_modules\expo-modules-core\android\src\main\java\expo\modules\core\interfaces\JavaScriptContextProvider.java D:\aarambh\frontend\node_modules\expo-modules-core\android\src\main\java\expo\modules\core\interfaces\LifecycleEventListener.java D:\aarambh\frontend\node_modules\expo-modules-core\android\src\main\java\expo\modules\core\interfaces\Package.java D:\aarambh\frontend\node_modules\expo-modules-core\android\src\main\java\expo\modules\core\interfaces\ReactActivityHandler.java D:\aarambh\frontend\node_modules\expo-modules-core\android\src\main\java\expo\modules\core\interfaces\ReactActivityLifecycleListener.java D:\aarambh\frontend\node_modules\expo-modules-core\android\src\main\java\expo\modules\core\interfaces\ReactNativeHostHandler.java D:\aarambh\frontend\node_modules\expo-modules-core\android\src\main\java\expo\modules\core\interfaces\RegistryLifecycleListener.java D:\aarambh\frontend\node_modules\expo-modules-core\android\src\main\java\expo\modules\core\interfaces\services\EventEmitter.java D:\aarambh\frontend\node_modules\expo-modules-core\android\src\main\java\expo\modules\core\interfaces\services\KeepAwakeManager.java D:\aarambh\frontend\node_modules\expo-modules-core\android\src\main\java\expo\modules\core\interfaces\services\UIManager.java D:\aarambh\frontend\node_modules\expo-modules-core\android\src\main\java\expo\modules\core\interfaces\SingletonModule.java D:\aarambh\frontend\node_modules\expo-modules-core\android\src\main\java\expo\modules\core\MapHelper.java D:\aarambh\frontend\node_modules\expo-modules-core\android\src\main\java\expo\modules\core\ModuleRegistry.java D:\aarambh\frontend\node_modules\expo-modules-core\android\src\main\java\expo\modules\core\ModuleRegistryProvider.java D:\aarambh\frontend\node_modules\expo-modules-core\android\src\main\java\expo\modules\core\Promise.java D:\aarambh\frontend\node_modules\expo-modules-core\android\src\main\java\expo\modules\core\utilities\FileUtilities.java D:\aarambh\frontend\node_modules\expo-modules-core\android\src\main\java\expo\modules\interfaces\camera\CameraViewInterface.java D:\aarambh\frontend\node_modules\expo-modules-core\android\src\main\java\expo\modules\interfaces\constants\ConstantsInterface.java D:\aarambh\frontend\node_modules\expo-modules-core\android\src\main\java\expo\modules\interfaces\facedetector\FaceDetectionError.java D:\aarambh\frontend\node_modules\expo-modules-core\android\src\main\java\expo\modules\interfaces\facedetector\FaceDetectionSkipped.java D:\aarambh\frontend\node_modules\expo-modules-core\android\src\main\java\expo\modules\interfaces\facedetector\FaceDetectionUnspecifiedError.java D:\aarambh\frontend\node_modules\expo-modules-core\android\src\main\java\expo\modules\interfaces\facedetector\FaceDetectorInterface.java D:\aarambh\frontend\node_modules\expo-modules-core\android\src\main\java\expo\modules\interfaces\facedetector\FaceDetectorProviderInterface.java D:\aarambh\frontend\node_modules\expo-modules-core\android\src\main\java\expo\modules\interfaces\facedetector\FacesDetectionCompleted.java D:\aarambh\frontend\node_modules\expo-modules-core\android\src\main\java\expo\modules\interfaces\filesystem\FilePermissionModuleInterface.java D:\aarambh\frontend\node_modules\expo-modules-core\android\src\main\java\expo\modules\interfaces\filesystem\Permission.java D:\aarambh\frontend\node_modules\expo-modules-core\android\src\main\java\expo\modules\interfaces\font\FontManagerInterface.java D:\aarambh\frontend\node_modules\expo-modules-core\android\src\main\java\expo\modules\interfaces\imageloader\ImageLoaderInterface.java D:\aarambh\frontend\node_modules\expo-modules-core\android\src\main\java\expo\modules\interfaces\permissions\Permissions.java D:\aarambh\frontend\node_modules\expo-modules-core\android\src\main\java\expo\modules\interfaces\permissions\PermissionsResponseListener.java D:\aarambh\frontend\node_modules\expo-modules-core\android\src\main\java\expo\modules\interfaces\permissions\PermissionsStatus.java D:\aarambh\frontend\node_modules\expo-modules-core\android\src\main\java\expo\modules\interfaces\taskManager\TaskConsumer.java D:\aarambh\frontend\node_modules\expo-modules-core\android\src\main\java\expo\modules\interfaces\taskManager\TaskConsumerInterface.java D:\aarambh\frontend\node_modules\expo-modules-core\android\src\main\java\expo\modules\interfaces\taskManager\TaskExecutionCallback.java D:\aarambh\frontend\node_modules\expo-modules-core\android\src\main\java\expo\modules\interfaces\taskManager\TaskInterface.java D:\aarambh\frontend\node_modules\expo-modules-core\android\src\main\java\expo\modules\interfaces\taskManager\TaskManagerInterface.java D:\aarambh\frontend\node_modules\expo-modules-core\android\src\main\java\expo\modules\interfaces\taskManager\TaskManagerUtilsInterface.java D:\aarambh\frontend\node_modules\expo-modules-core\android\src\main\java\expo\modules\interfaces\taskManager\TaskServiceInterface.java D:\aarambh\frontend\node_modules\expo-modules-core\android\src\main\java\expo\modules\interfaces\taskManager\TaskServiceProviderInterface.java D:\aarambh\frontend\node_modules\expo-modules-core\android\build\generated\source\buildConfig\release\expo\modules\BuildConfig.java D:\aarambh\frontend\node_modules\expo-modules-core\android\src\main\java\com\facebook\react\uimanager\ReactStylesDiffMapHelper.kt D:\aarambh\frontend\node_modules\expo-modules-core\android\src\main\java\expo\modules\adapters\react\apploader\HeadlessAppLoaderNotifier.kt D:\aarambh\frontend\node_modules\expo-modules-core\android\src\main\java\expo\modules\adapters\react\apploader\RNHeadlessAppLoader.kt D:\aarambh\frontend\node_modules\expo-modules-core\android\src\main\java\expo\modules\adapters\react\FabricComponentsRegistry.kt D:\aarambh\frontend\node_modules\expo-modules-core\android\src\main\java\expo\modules\adapters\react\permissions\PermissionsService.kt D:\aarambh\frontend\node_modules\expo-modules-core\android\src\main\java\expo\modules\apploader\AppLoaderProvider.kt D:\aarambh\frontend\node_modules\expo-modules-core\android\src\main\java\expo\modules\core\errors\ContextDestroyedException.kt D:\aarambh\frontend\node_modules\expo-modules-core\android\src\main\java\expo\modules\core\errors\ModuleDestroyedException.kt D:\aarambh\frontend\node_modules\expo-modules-core\android\src\main\java\expo\modules\core\logging\Logger.kt D:\aarambh\frontend\node_modules\expo-modules-core\android\src\main\java\expo\modules\core\logging\LoggerTimer.kt D:\aarambh\frontend\node_modules\expo-modules-core\android\src\main\java\expo\modules\core\logging\LoggerUtils.kt D:\aarambh\frontend\node_modules\expo-modules-core\android\src\main\java\expo\modules\core\logging\LogHandler.kt D:\aarambh\frontend\node_modules\expo-modules-core\android\src\main\java\expo\modules\core\logging\LogHandlers.kt D:\aarambh\frontend\node_modules\expo-modules-core\android\src\main\java\expo\modules\core\logging\LogType.kt D:\aarambh\frontend\node_modules\expo-modules-core\android\src\main\java\expo\modules\core\logging\OSLogHandler.kt D:\aarambh\frontend\node_modules\expo-modules-core\android\src\main\java\expo\modules\core\logging\PersistentFileLog.kt D:\aarambh\frontend\node_modules\expo-modules-core\android\src\main\java\expo\modules\core\logging\PersistentFileLogHandler.kt D:\aarambh\frontend\node_modules\expo-modules-core\android\src\main\java\expo\modules\core\logging\PersistentFileLogSerialDispatchQueue.kt D:\aarambh\frontend\node_modules\expo-modules-core\android\src\main\java\expo\modules\core\ModulePriorities.kt D:\aarambh\frontend\node_modules\expo-modules-core\android\src\main\java\expo\modules\core\utilities\EmulatorUtilities.kt D:\aarambh\frontend\node_modules\expo-modules-core\android\src\main\java\expo\modules\core\utilities\KotlinUtilities.kt D:\aarambh\frontend\node_modules\expo-modules-core\android\src\main\java\expo\modules\core\utilities\VRUtilities.kt D:\aarambh\frontend\node_modules\expo-modules-core\android\src\main\java\expo\modules\interfaces\filesystem\AppDirectoriesModuleInterface.kt D:\aarambh\frontend\node_modules\expo-modules-core\android\src\main\java\expo\modules\interfaces\permissions\PermissionsResponse.kt D:\aarambh\frontend\node_modules\expo-modules-core\android\src\main\java\expo\modules\interfaces\taskManager\TaskServiceProviderHelper.kt D:\aarambh\frontend\node_modules\expo-modules-core\android\src\main\java\expo\modules\kotlin\activityaware\AppCompatActivityAware.kt D:\aarambh\frontend\node_modules\expo-modules-core\android\src\main\java\expo\modules\kotlin\activityaware\AppCompatActivityAwareHelper.kt D:\aarambh\frontend\node_modules\expo-modules-core\android\src\main\java\expo\modules\kotlin\activityaware\OnActivityAvailableListener.kt D:\aarambh\frontend\node_modules\expo-modules-core\android\src\main\java\expo\modules\kotlin\activityresult\ActivityResultsManager.kt D:\aarambh\frontend\node_modules\expo-modules-core\android\src\main\java\expo\modules\kotlin\activityresult\AppContextActivityResultCaller.kt D:\aarambh\frontend\node_modules\expo-modules-core\android\src\main\java\expo\modules\kotlin\activityresult\AppContextActivityResultContract.kt D:\aarambh\frontend\node_modules\expo-modules-core\android\src\main\java\expo\modules\kotlin\activityresult\AppContextActivityResultFallbackCallback.kt D:\aarambh\frontend\node_modules\expo-modules-core\android\src\main\java\expo\modules\kotlin\activityresult\AppContextActivityResultLauncher.kt D:\aarambh\frontend\node_modules\expo-modules-core\android\src\main\java\expo\modules\kotlin\activityresult\AppContextActivityResultRegistry.kt D:\aarambh\frontend\node_modules\expo-modules-core\android\src\main\java\expo\modules\kotlin\activityresult\DataPersistor.kt D:\aarambh\frontend\node_modules\expo-modules-core\android\src\main\java\expo\modules\kotlin\allocators\ObjectConstructor.kt D:\aarambh\frontend\node_modules\expo-modules-core\android\src\main\java\expo\modules\kotlin\allocators\ObjectConstructorFactory.kt D:\aarambh\frontend\node_modules\expo-modules-core\android\src\main\java\expo\modules\kotlin\allocators\UnsafeAllocator.kt D:\aarambh\frontend\node_modules\expo-modules-core\android\src\main\java\expo\modules\kotlin\AndroidExtensions.kt D:\aarambh\frontend\node_modules\expo-modules-core\android\src\main\java\expo\modules\kotlin\apifeatures\Features.kt D:\aarambh\frontend\node_modules\expo-modules-core\android\src\main\java\expo\modules\kotlin\AppContext.kt D:\aarambh\frontend\node_modules\expo-modules-core\android\src\main\java\expo\modules\kotlin\ArrayExtenstions.kt D:\aarambh\frontend\node_modules\expo-modules-core\android\src\main\java\expo\modules\kotlin\classcomponent\ClassComponentBuilder.kt D:\aarambh\frontend\node_modules\expo-modules-core\android\src\main\java\expo\modules\kotlin\classcomponent\ClassDefinitionData.kt D:\aarambh\frontend\node_modules\expo-modules-core\android\src\main\java\expo\modules\kotlin\ConcatIterator.kt D:\aarambh\frontend\node_modules\expo-modules-core\android\src\main\java\expo\modules\kotlin\CoreLogger.kt D:\aarambh\frontend\node_modules\expo-modules-core\android\src\main\java\expo\modules\kotlin\defaultmodules\AppDirectoriesModule.kt D:\aarambh\frontend\node_modules\expo-modules-core\android\src\main\java\expo\modules\kotlin\defaultmodules\CoreModule.kt D:\aarambh\frontend\node_modules\expo-modules-core\android\src\main\java\expo\modules\kotlin\defaultmodules\FilePermissionModule.kt D:\aarambh\frontend\node_modules\expo-modules-core\android\src\main\java\expo\modules\kotlin\defaultmodules\JSLoggerModule.kt D:\aarambh\frontend\node_modules\expo-modules-core\android\src\main\java\expo\modules\kotlin\defaultmodules\NativeModulesProxyModule.kt D:\aarambh\frontend\node_modules\expo-modules-core\android\src\main\java\expo\modules\kotlin\devtools\cdp\CdpNetworkTypes.kt D:\aarambh\frontend\node_modules\expo-modules-core\android\src\main\java\expo\modules\kotlin\devtools\ExpoNetworkInspectOkHttpInterceptors.kt D:\aarambh\frontend\node_modules\expo-modules-core\android\src\main\java\expo\modules\kotlin\devtools\ExpoRequestCdpInterceptor.kt D:\aarambh\frontend\node_modules\expo-modules-core\android\src\main\java\expo\modules\kotlin\devtools\OkHttpExtensions.kt D:\aarambh\frontend\node_modules\expo-modules-core\android\src\main\java\expo\modules\kotlin\DynamicExtenstions.kt D:\aarambh\frontend\node_modules\expo-modules-core\android\src\main\java\expo\modules\kotlin\edgeToEdge\EdgeToEdgePackage.kt D:\aarambh\frontend\node_modules\expo-modules-core\android\src\main\java\expo\modules\kotlin\EnumExtensions.kt D:\aarambh\frontend\node_modules\expo-modules-core\android\src\main\java\expo\modules\kotlin\events\EventEmitter.kt D:\aarambh\frontend\node_modules\expo-modules-core\android\src\main\java\expo\modules\kotlin\events\EventListener.kt D:\aarambh\frontend\node_modules\expo-modules-core\android\src\main\java\expo\modules\kotlin\events\EventName.kt D:\aarambh\frontend\node_modules\expo-modules-core\android\src\main\java\expo\modules\kotlin\events\EventsDefinition.kt D:\aarambh\frontend\node_modules\expo-modules-core\android\src\main\java\expo\modules\kotlin\events\KModuleEventEmitterWrapper.kt D:\aarambh\frontend\node_modules\expo-modules-core\android\src\main\java\expo\modules\kotlin\events\OnActivityResultPayload.kt D:\aarambh\frontend\node_modules\expo-modules-core\android\src\main\java\expo\modules\kotlin\exception\CodedException.kt D:\aarambh\frontend\node_modules\expo-modules-core\android\src\main\java\expo\modules\kotlin\exception\CommonExceptions.kt D:\aarambh\frontend\node_modules\expo-modules-core\android\src\main\java\expo\modules\kotlin\exception\ExceptionDecorator.kt D:\aarambh\frontend\node_modules\expo-modules-core\android\src\main\java\expo\modules\kotlin\ExpoBridgeModule.kt D:\aarambh\frontend\node_modules\expo-modules-core\android\src\main\java\expo\modules\kotlin\ExpoModulesHelper.kt D:\aarambh\frontend\node_modules\expo-modules-core\android\src\main\java\expo\modules\kotlin\FilteredIterator.kt D:\aarambh\frontend\node_modules\expo-modules-core\android\src\main\java\expo\modules\kotlin\functions\AnyFunction.kt D:\aarambh\frontend\node_modules\expo-modules-core\android\src\main\java\expo\modules\kotlin\functions\AsyncFunctionBuilder.kt D:\aarambh\frontend\node_modules\expo-modules-core\android\src\main\java\expo\modules\kotlin\functions\AsyncFunctionComponent.kt D:\aarambh\frontend\node_modules\expo-modules-core\android\src\main\java\expo\modules\kotlin\functions\AsyncFunctionWithPromiseComponent.kt D:\aarambh\frontend\node_modules\expo-modules-core\android\src\main\java\expo\modules\kotlin\functions\BaseAsyncFunctionComponent.kt D:\aarambh\frontend\node_modules\expo-modules-core\android\src\main\java\expo\modules\kotlin\functions\FunctionBuilder.kt D:\aarambh\frontend\node_modules\expo-modules-core\android\src\main\java\expo\modules\kotlin\functions\SuspendFunctionComponent.kt D:\aarambh\frontend\node_modules\expo-modules-core\android\src\main\java\expo\modules\kotlin\functions\SyncFunctionComponent.kt D:\aarambh\frontend\node_modules\expo-modules-core\android\src\main\java\expo\modules\kotlin\functions\UntypedAsyncFunctionComponent.kt D:\aarambh\frontend\node_modules\expo-modules-core\android\src\main\java\expo\modules\kotlin\jni\CppType.kt D:\aarambh\frontend\node_modules\expo-modules-core\android\src\main\java\expo\modules\kotlin\jni\decorators\JSDecoratorsBridgingObject.kt D:\aarambh\frontend\node_modules\expo-modules-core\android\src\main\java\expo\modules\kotlin\jni\ExpectedType.kt D:\aarambh\frontend\node_modules\expo-modules-core\android\src\main\java\expo\modules\kotlin\jni\JavaCallback.kt D:\aarambh\frontend\node_modules\expo-modules-core\android\src\main\java\expo\modules\kotlin\jni\JavaScriptFunction.kt D:\aarambh\frontend\node_modules\expo-modules-core\android\src\main\java\expo\modules\kotlin\jni\JavaScriptModuleObject.kt D:\aarambh\frontend\node_modules\expo-modules-core\android\src\main\java\expo\modules\kotlin\jni\JavaScriptObject.kt D:\aarambh\frontend\node_modules\expo-modules-core\android\src\main\java\expo\modules\kotlin\jni\JavaScriptTypedArray.kt D:\aarambh\frontend\node_modules\expo-modules-core\android\src\main\java\expo\modules\kotlin\jni\JavaScriptValue.kt D:\aarambh\frontend\node_modules\expo-modules-core\android\src\main\java\expo\modules\kotlin\jni\JavaScriptWeakObject.kt D:\aarambh\frontend\node_modules\expo-modules-core\android\src\main\java\expo\modules\kotlin\jni\JNIDeallocator.kt D:\aarambh\frontend\node_modules\expo-modules-core\android\src\main\java\expo\modules\kotlin\jni\JNIFunctionBody.kt D:\aarambh\frontend\node_modules\expo-modules-core\android\src\main\java\expo\modules\kotlin\jni\JNIUtils.kt D:\aarambh\frontend\node_modules\expo-modules-core\android\src\main\java\expo\modules\kotlin\jni\JSIContext.kt D:\aarambh\frontend\node_modules\expo-modules-core\android\src\main\java\expo\modules\kotlin\jni\PromiseImpl.kt D:\aarambh\frontend\node_modules\expo-modules-core\android\src\main\java\expo\modules\kotlin\jni\tests\RuntimeHolder.kt D:\aarambh\frontend\node_modules\expo-modules-core\android\src\main\java\expo\modules\kotlin\KClassExtensions.kt D:\aarambh\frontend\node_modules\expo-modules-core\android\src\main\java\expo\modules\kotlin\KotlinInteropModuleRegistry.kt D:\aarambh\frontend\node_modules\expo-modules-core\android\src\main\java\expo\modules\kotlin\KPromiseWrapper.kt D:\aarambh\frontend\node_modules\expo-modules-core\android\src\main\java\expo\modules\kotlin\ModuleHolder.kt D:\aarambh\frontend\node_modules\expo-modules-core\android\src\main\java\expo\modules\kotlin\ModuleRegistry.kt D:\aarambh\frontend\node_modules\expo-modules-core\android\src\main\java\expo\modules\kotlin\modules\DefinitionMarker.kt D:\aarambh\frontend\node_modules\expo-modules-core\android\src\main\java\expo\modules\kotlin\modules\Module.kt D:\aarambh\frontend\node_modules\expo-modules-core\android\src\main\java\expo\modules\kotlin\modules\ModuleConvertersBuilder.kt D:\aarambh\frontend\node_modules\expo-modules-core\android\src\main\java\expo\modules\kotlin\modules\ModuleDefinitionBuilder.kt D:\aarambh\frontend\node_modules\expo-modules-core\android\src\main\java\expo\modules\kotlin\modules\ModuleDefinitionData.kt D:\aarambh\frontend\node_modules\expo-modules-core\android\src\main\java\expo\modules\kotlin\ModulesProvider.kt D:\aarambh\frontend\node_modules\expo-modules-core\android\src\main\java\expo\modules\kotlin\objects\ConstantComponent.kt D:\aarambh\frontend\node_modules\expo-modules-core\android\src\main\java\expo\modules\kotlin\objects\ConstantComponentBuilder.kt D:\aarambh\frontend\node_modules\expo-modules-core\android\src\main\java\expo\modules\kotlin\objects\EventObservingDefinition.kt D:\aarambh\frontend\node_modules\expo-modules-core\android\src\main\java\expo\modules\kotlin\objects\ObjectDefinitionBuilder.kt D:\aarambh\frontend\node_modules\expo-modules-core\android\src\main\java\expo\modules\kotlin\objects\ObjectDefinitionData.kt D:\aarambh\frontend\node_modules\expo-modules-core\android\src\main\java\expo\modules\kotlin\objects\PropertyComponent.kt D:\aarambh\frontend\node_modules\expo-modules-core\android\src\main\java\expo\modules\kotlin\objects\PropertyComponentBuilder.kt D:\aarambh\frontend\node_modules\expo-modules-core\android\src\main\java\expo\modules\kotlin\Promise.kt D:\aarambh\frontend\node_modules\expo-modules-core\android\src\main\java\expo\modules\kotlin\providers\AppContextProvider.kt D:\aarambh\frontend\node_modules\expo-modules-core\android\src\main\java\expo\modules\kotlin\providers\CurrentActivityProvider.kt D:\aarambh\frontend\node_modules\expo-modules-core\android\src\main\java\expo\modules\kotlin\ReactExtensions.kt D:\aarambh\frontend\node_modules\expo-modules-core\android\src\main\java\expo\modules\kotlin\ReactLifecycleDelegate.kt D:\aarambh\frontend\node_modules\expo-modules-core\android\src\main\java\expo\modules\kotlin\ReadableArrayIterator.kt D:\aarambh\frontend\node_modules\expo-modules-core\android\src\main\java\expo\modules\kotlin\ReadableTypeExtensions.kt D:\aarambh\frontend\node_modules\expo-modules-core\android\src\main\java\expo\modules\kotlin\records\Field.kt D:\aarambh\frontend\node_modules\expo-modules-core\android\src\main\java\expo\modules\kotlin\records\FieldValidator.kt D:\aarambh\frontend\node_modules\expo-modules-core\android\src\main\java\expo\modules\kotlin\records\Record.kt D:\aarambh\frontend\node_modules\expo-modules-core\android\src\main\java\expo\modules\kotlin\records\RecordTypeConverter.kt D:\aarambh\frontend\node_modules\expo-modules-core\android\src\main\java\expo\modules\kotlin\records\Required.kt D:\aarambh\frontend\node_modules\expo-modules-core\android\src\main\java\expo\modules\kotlin\records\ValidationBinder.kt D:\aarambh\frontend\node_modules\expo-modules-core\android\src\main\java\expo\modules\kotlin\records\Validators.kt D:\aarambh\frontend\node_modules\expo-modules-core\android\src\main\java\expo\modules\kotlin\RuntimeContext.kt D:\aarambh\frontend\node_modules\expo-modules-core\android\src\main\java\expo\modules\kotlin\sharedobjects\ClassRegistry.kt D:\aarambh\frontend\node_modules\expo-modules-core\android\src\main\java\expo\modules\kotlin\sharedobjects\SharedObject.kt D:\aarambh\frontend\node_modules\expo-modules-core\android\src\main\java\expo\modules\kotlin\sharedobjects\SharedObjectRegistry.kt D:\aarambh\frontend\node_modules\expo-modules-core\android\src\main\java\expo\modules\kotlin\sharedobjects\SharedObjectTypeConverter.kt D:\aarambh\frontend\node_modules\expo-modules-core\android\src\main\java\expo\modules\kotlin\sharedobjects\SharedRef.kt D:\aarambh\frontend\node_modules\expo-modules-core\android\src\main\java\expo\modules\kotlin\tracing\ExpoTrace.kt D:\aarambh\frontend\node_modules\expo-modules-core\android\src\main\java\expo\modules\kotlin\traits\SavableTrait.kt D:\aarambh\frontend\node_modules\expo-modules-core\android\src\main\java\expo\modules\kotlin\traits\Trait.kt D:\aarambh\frontend\node_modules\expo-modules-core\android\src\main\java\expo\modules\kotlin\typedarray\ConcreteTypedArrays.kt D:\aarambh\frontend\node_modules\expo-modules-core\android\src\main\java\expo\modules\kotlin\typedarray\GenericTypedArray.kt D:\aarambh\frontend\node_modules\expo-modules-core\android\src\main\java\expo\modules\kotlin\typedarray\TypedArray.kt D:\aarambh\frontend\node_modules\expo-modules-core\android\src\main\java\expo\modules\kotlin\typedarray\TypedArrayIterator.kt D:\aarambh\frontend\node_modules\expo-modules-core\android\src\main\java\expo\modules\kotlin\types\AnyType.kt D:\aarambh\frontend\node_modules\expo-modules-core\android\src\main\java\expo\modules\kotlin\types\AnyTypeConverter.kt D:\aarambh\frontend\node_modules\expo-modules-core\android\src\main\java\expo\modules\kotlin\types\ArrayTypeConverter.kt D:\aarambh\frontend\node_modules\expo-modules-core\android\src\main\java\expo\modules\kotlin\types\ByteArrayTypeConverter.kt D:\aarambh\frontend\node_modules\expo-modules-core\android\src\main\java\expo\modules\kotlin\types\ColorTypeConverter.kt D:\aarambh\frontend\node_modules\expo-modules-core\android\src\main\java\expo\modules\kotlin\types\DateTypeConverter.kt D:\aarambh\frontend\node_modules\expo-modules-core\android\src\main\java\expo\modules\kotlin\types\DurationTypeConverter.kt D:\aarambh\frontend\node_modules\expo-modules-core\android\src\main\java\expo\modules\kotlin\types\Either.kt D:\aarambh\frontend\node_modules\expo-modules-core\android\src\main\java\expo\modules\kotlin\types\EitherTypeConverter.kt D:\aarambh\frontend\node_modules\expo-modules-core\android\src\main\java\expo\modules\kotlin\types\EnforceType.kt D:\aarambh\frontend\node_modules\expo-modules-core\android\src\main\java\expo\modules\kotlin\types\Enumerable.kt D:\aarambh\frontend\node_modules\expo-modules-core\android\src\main\java\expo\modules\kotlin\types\EnumTypeConverter.kt D:\aarambh\frontend\node_modules\expo-modules-core\android\src\main\java\expo\modules\kotlin\types\ExpoDynamic.kt D:\aarambh\frontend\node_modules\expo-modules-core\android\src\main\java\expo\modules\kotlin\types\folly\FollyDynamicExtensionConverter.kt D:\aarambh\frontend\node_modules\expo-modules-core\android\src\main\java\expo\modules\kotlin\types\io\FileTypeConverter.kt D:\aarambh\frontend\node_modules\expo-modules-core\android\src\main\java\expo\modules\kotlin\types\io\PathTypeConverter.kt D:\aarambh\frontend\node_modules\expo-modules-core\android\src\main\java\expo\modules\kotlin\types\JavaScriptFunctionTypeConverter.kt D:\aarambh\frontend\node_modules\expo-modules-core\android\src\main\java\expo\modules\kotlin\types\JSTypeConverter.kt D:\aarambh\frontend\node_modules\expo-modules-core\android\src\main\java\expo\modules\kotlin\types\JSTypeConverterHelper.kt D:\aarambh\frontend\node_modules\expo-modules-core\android\src\main\java\expo\modules\kotlin\types\ListTypeConverter.kt D:\aarambh\frontend\node_modules\expo-modules-core\android\src\main\java\expo\modules\kotlin\types\MapTypeConverter.kt D:\aarambh\frontend\node_modules\expo-modules-core\android\src\main\java\expo\modules\kotlin\types\net\UriTypeConverter.kt D:\aarambh\frontend\node_modules\expo-modules-core\android\src\main\java\expo\modules\kotlin\types\net\URLTypConverter.kt D:\aarambh\frontend\node_modules\expo-modules-core\android\src\main\java\expo\modules\kotlin\types\NullableTypeConverter.kt D:\aarambh\frontend\node_modules\expo-modules-core\android\src\main\java\expo\modules\kotlin\types\PairTypeConverter.kt D:\aarambh\frontend\node_modules\expo-modules-core\android\src\main\java\expo\modules\kotlin\types\ReadableArgumentsTypeConverter.kt D:\aarambh\frontend\node_modules\expo-modules-core\android\src\main\java\expo\modules\kotlin\types\ReturnType.kt D:\aarambh\frontend\node_modules\expo-modules-core\android\src\main\java\expo\modules\kotlin\types\SetTypeConverter.kt D:\aarambh\frontend\node_modules\expo-modules-core\android\src\main\java\expo\modules\kotlin\types\TypeConverter.kt D:\aarambh\frontend\node_modules\expo-modules-core\android\src\main\java\expo\modules\kotlin\types\TypeConverterCollection.kt D:\aarambh\frontend\node_modules\expo-modules-core\android\src\main\java\expo\modules\kotlin\types\TypeConverterProvider.kt D:\aarambh\frontend\node_modules\expo-modules-core\android\src\main\java\expo\modules\kotlin\types\TypedArrayTypeConverter.kt D:\aarambh\frontend\node_modules\expo-modules-core\android\src\main\java\expo\modules\kotlin\types\UnitTypeConverter.kt D:\aarambh\frontend\node_modules\expo-modules-core\android\src\main\java\expo\modules\kotlin\types\ValueOrUndefined.kt D:\aarambh\frontend\node_modules\expo-modules-core\android\src\main\java\expo\modules\kotlin\types\ValueOrUndefinedTypeConverter.kt D:\aarambh\frontend\node_modules\expo-modules-core\android\src\main\java\expo\modules\kotlin\Utils.kt D:\aarambh\frontend\node_modules\expo-modules-core\android\src\main\java\expo\modules\kotlin\uuidv5\Exceptions.kt D:\aarambh\frontend\node_modules\expo-modules-core\android\src\main\java\expo\modules\kotlin\uuidv5\Uuidv5.kt D:\aarambh\frontend\node_modules\expo-modules-core\android\src\main\java\expo\modules\kotlin\viewevent\ViewEvent.kt D:\aarambh\frontend\node_modules\expo-modules-core\android\src\main\java\expo\modules\kotlin\viewevent\ViewEventDelegate.kt D:\aarambh\frontend\node_modules\expo-modules-core\android\src\main\java\expo\modules\kotlin\views\AnyViewProp.kt D:\aarambh\frontend\node_modules\expo-modules-core\android\src\main\java\expo\modules\kotlin\views\CallbacksDefinition.kt D:\aarambh\frontend\node_modules\expo-modules-core\android\src\main\java\expo\modules\kotlin\views\ConcreteViewProp.kt D:\aarambh\frontend\node_modules\expo-modules-core\android\src\main\java\expo\modules\kotlin\views\decorators\CSSProps.kt D:\aarambh\frontend\node_modules\expo-modules-core\android\src\main\java\expo\modules\kotlin\views\ErrorView.kt D:\aarambh\frontend\node_modules\expo-modules-core\android\src\main\java\expo\modules\kotlin\views\ExpoView.kt D:\aarambh\frontend\node_modules\expo-modules-core\android\src\main\java\expo\modules\kotlin\views\FilteredReadableMap.kt D:\aarambh\frontend\node_modules\expo-modules-core\android\src\main\java\expo\modules\kotlin\views\GroupViewManagerWrapper.kt D:\aarambh\frontend\node_modules\expo-modules-core\android\src\main\java\expo\modules\kotlin\views\ShadowNodeProxy.kt D:\aarambh\frontend\node_modules\expo-modules-core\android\src\main\java\expo\modules\kotlin\views\SimpleViewManagerWrapper.kt D:\aarambh\frontend\node_modules\expo-modules-core\android\src\main\java\expo\modules\kotlin\views\ViewDefinitionBuilder.kt D:\aarambh\frontend\node_modules\expo-modules-core\android\src\main\java\expo\modules\kotlin\views\ViewGroupDefinition.kt D:\aarambh\frontend\node_modules\expo-modules-core\android\src\main\java\expo\modules\kotlin\views\ViewGroupDefinitionBuilder.kt D:\aarambh\frontend\node_modules\expo-modules-core\android\src\main\java\expo\modules\kotlin\views\ViewManagerDefinition.kt D:\aarambh\frontend\node_modules\expo-modules-core\android\src\main\java\expo\modules\kotlin\views\ViewManagerType.kt D:\aarambh\frontend\node_modules\expo-modules-core\android\src\main\java\expo\modules\kotlin\views\ViewManagerWrapperDelegate.kt D:\aarambh\frontend\node_modules\expo-modules-core\android\src\main\java\expo\modules\kotlin\views\ViewTypeConverter.kt D:\aarambh\frontend\node_modules\expo-modules-core\android\src\main\java\expo\modules\kotlin\views\ViewWrapperDelegateHolder.kt D:\aarambh\frontend\node_modules\expo-modules-core\android\src\main\java\expo\modules\rncompatibility\ReactNativeFeatureFlags.kt D:\aarambh\frontend\node_modules\expo-modules-core\android\src\withoutCompose\expo\modules\kotlin\views\ModuleDefinitionBuilderComposeExtension.kt
2026-08-14 11:39:18.512 [daemon] INFO: Message: logging: using Kotlin home directory <no_path>
2026-08-14 11:39:18.608 [daemon] INFO: Message: logging: exception on loading scripting plugin: java.lang.ClassNotFoundException: org.jetbrains.kotlin.scripting.compiler.plugin.ScriptingCompilerConfigurationComponentRegistrar
2026-08-14 11:39:18.608 [daemon] INFO: Message: logging: scripting plugin will not be loaded: not all required jars are present in the classpath (missing files: [.\kotlin-scripting-compiler.jar, .\kotlin-scripting-compiler-impl.jar, .\kotlin-scripting-common.jar, .\kotlin-scripting-jvm.jar])
2026-08-14 11:39:18.608 [daemon] INFO: Message: logging: configuring the compilation environment
2026-08-14 11:39:18.608 [daemon] INFO: Message: output: output:
D:\aarambh\frontend\node_modules\expo-modules-core\android\build\tmp\kotlin-classes\release\com\facebook\react\uimanager\ReactStylesDiffMapHelperKt.class
Sources:
D:\aarambh\frontend\node_modules\expo-modules-core\android\src\main\java\com\facebook\react\uimanager\ReactStylesDiffMapHelper.kt
2026-08-14 11:39:18.609 [daemon] INFO: Message: output: output:
D:\aarambh\frontend\node_modules\expo-modules-core\android\build\tmp\kotlin-classes\release\expo\modules\adapters\react\FabricComponentsRegistry.class
Sources:
D:\aarambh\frontend\node_modules\expo-modules-core\android\src\main\java\expo\modules\adapters\react\FabricComponentsRegistry.kt
2026-08-14 11:39:18.609 [daemon] INFO: Message: output: output:
D:\aarambh\frontend\node_modules\expo-modules-core\android\build\tmp\kotlin-classes\release\expo\modules\adapters\react\FabricComponentsRegistry$Companion.class
Sources:
D:\aarambh\frontend\node_modules\expo-modules-core\android\src\main\java\expo\modules\adapters\react\FabricComponentsRegistry.kt
2026-08-14 11:39:18.609 [daemon] INFO: Message: output: output:
D:\aarambh\frontend\node_modules\expo-modules-core\android\build\tmp\kotlin-classes\release\expo\modules\adapters\react\apploader\HeadlessAppLoaderListener.class
Sources:
D:\aarambh\frontend\node_modules\expo-modules-core\android\src\main\java\expo\modules\adapters\react\apploader\HeadlessAppLoaderNotifier.kt
2026-08-14 11:39:18.609 [daemon] INFO: Message: output: output:
D:\aarambh\frontend\node_modules\expo-modules-core\android\build\tmp\kotlin-classes\release\expo\modules\adapters\react\apploader\HeadlessAppLoaderNotifier.class
Sources:
D:\aarambh\frontend\node_modules\expo-modules-core\android\src\main\java\expo\modules\adapters\react\apploader\HeadlessAppLoaderNotifier.kt
2026-08-14 11:39:18.611 [daemon] INFO: Message: output: output:
D:\aarambh\frontend\node_modules\expo-modules-core\android\build\tmp\kotlin-classes\release\expo\modules\adapters\react\apploader\RNHeadlessAppLoader.class
Sources:
D:\aarambh\frontend\node_modules\expo-modules-core\android\src\main\java\expo\modules\adapters\react\apploader\RNHeadlessAppLoader.kt
2026-08-14 11:39:18.611 [daemon] INFO: Message: output: output:
D:\aarambh\frontend\node_modules\expo-modules-core\android\build\tmp\kotlin-classes\release\expo\modules\adapters\react\apploader\RNHeadlessAppLoader$loadApp$1.class
Sources:
D:\aarambh\frontend\node_modules\expo-modules-core\android\src\main\java\expo\modules\adapters\react\apploader\RNHeadlessAppLoader.kt
2026-08-14 11:39:18.612 [daemon] INFO: Message: output: output:
D:\aarambh\frontend\node_modules\expo-modules-core\android\build\tmp\kotlin-classes\release\expo\modules\adapters\react\apploader\RNHeadlessAppLoaderKt.class
Sources:
D:\aarambh\frontend\node_modules\expo-modules-core\android\src\main\java\expo\modules\adapters\react\apploader\RNHeadlessAppLoader.kt
2026-08-14 11:39:18.612 [daemon] INFO: Message: output: output:
D:\aarambh\frontend\node_modules\expo-modules-core\android\build\tmp\kotlin-classes\release\expo\modules\adapters\react\permissions\PermissionsService.class
Sources:
D:\aarambh\frontend\node_modules\expo-modules-core\android\src\main\java\expo\modules\adapters\react\permissions\PermissionsService.kt
2026-08-14 11:39:18.612 [daemon] INFO: Message: output: output:
D:\aarambh\frontend\node_modules\expo-modules-core\android\build\tmp\kotlin-classes\release\expo\modules\adapters\react\permissions\PermissionsServiceKt.class
Sources:
D:\aarambh\frontend\node_modules\expo-modules-core\android\src\main\java\expo\modules\adapters\react\permissions\PermissionsService.kt
2026-08-14 11:39:18.613 [daemon] INFO: Message: output: output:
D:\aarambh\frontend\node_modules\expo-modules-core\android\build\tmp\kotlin-classes\release\expo\modules\apploader\AppLoaderProvider.class
Sources:
D:\aarambh\frontend\node_modules\expo-modules-core\android\src\main\java\expo\modules\apploader\AppLoaderProvider.kt
2026-08-14 11:39:18.613 [daemon] INFO: Message: output: output:
D:\aarambh\frontend\node_modules\expo-modules-core\android\build\tmp\kotlin-classes\release\expo\modules\apploader\AppLoaderProvider$Callback.class
Sources:
D:\aarambh\frontend\node_modules\expo-modules-core\android\src\main\java\expo\modules\apploader\AppLoaderProvider.kt
2026-08-14 11:39:18.614 [daemon] INFO: Message: output: output:
D:\aarambh\frontend\node_modules\expo-modules-core\android\build\tmp\kotlin-classes\release\expo\modules\core\ModulePriorities.class
Sources:
D:\aarambh\frontend\node_modules\expo-modules-core\android\src\main\java\expo\modules\core\ModulePriorities.kt
2026-08-14 11:39:18.614 [daemon] INFO: Message: output: output:
D:\aarambh\frontend\node_modules\expo-modules-core\android\build\tmp\kotlin-classes\release\expo\modules\core\errors\ContextDestroyedException.class
Sources:
D:\aarambh\frontend\node_modules\expo-modules-core\android\src\main\java\expo\modules\core\errors\ContextDestroyedException.kt
2026-08-14 11:39:18.614 [daemon] INFO: Message: output: output:
D:\aarambh\frontend\node_modules\expo-modules-core\android\build\tmp\kotlin-classes\release\expo\modules\core\errors\ContextDestroyedExceptionKt.class
Sources:
D:\aarambh\frontend\node_modules\expo-modules-core\android\src\main\java\expo\modules\core\errors\ContextDestroyedException.kt
2026-08-14 11:39:18.615 [daemon] INFO: Message: output: output:
D:\aarambh\frontend\node_modules\expo-modules-core\android\build\tmp\kotlin-classes\release\expo\modules\core\errors\ModuleDestroyedException.class
Sources:
D:\aarambh\frontend\node_modules\expo-modules-core\android\src\main\java\expo\modules\core\errors\ModuleDestroyedException.kt
2026-08-14 11:39:18.615 [daemon] INFO: Message: output: output:
D:\aarambh\frontend\node_modules\expo-modules-core\android\build\tmp\kotlin-classes\release\expo\modules\core\errors\ModuleDestroyedExceptionKt.class
Sources:
D:\aarambh\frontend\node_modules\expo-modules-core\android\src\main\java\expo\modules\core\errors\ModuleDestroyedException.kt
2026-08-14 11:39:18.616 [daemon] INFO: Message: output: output:
D:\aarambh\frontend\node_modules\expo-modules-core\android\build\tmp\kotlin-classes\release\expo\modules\core\logging\LogHandler.class
Sources:
D:\aarambh\frontend\node_modules\expo-modules-core\android\src\main\java\expo\modules\core\logging\LogHandler.kt
2026-08-14 11:39:18.616 [daemon] INFO: Message: output: output:
D:\aarambh\frontend\node_modules\expo-modules-core\android\build\tmp\kotlin-classes\release\expo\modules\core\logging\LogHandlers.class
Sources:
D:\aarambh\frontend\node_modules\expo-modules-core\android\src\main\java\expo\modules\core\logging\LogHandlers.kt
2026-08-14 11:39:18.617 [daemon] INFO: Message: output: output:
D:\aarambh\frontend\node_modules\expo-modules-core\android\build\tmp\kotlin-classes\release\expo\modules\core\logging\LogType.class
Sources:
D:\aarambh\frontend\node_modules\expo-modules-core\android\src\main\java\expo\modules\core\logging\LogType.kt
2026-08-14 11:39:18.617 [daemon] INFO: Message: output: output:
D:\aarambh\frontend\node_modules\expo-modules-core\android\build\tmp\kotlin-classes\release\expo\modules\core\logging\LogType$Companion.class
Sources:
D:\aarambh\frontend\node_modules\expo-modules-core\android\src\main\java\expo\modules\core\logging\LogType.kt
2026-08-14 11:39:18.617 [daemon] INFO: Message: output: output:
D:\aarambh\frontend\node_modules\expo-modules-core\android\build\tmp\kotlin-classes\release\expo\modules\core\logging\LogType$Companion$WhenMappings.class
Sources:
D:\aarambh\frontend\node_modules\expo-modules-core\android\src\main\java\expo\modules\core\logging\LogType.kt
2026-08-14 11:39:18.618 [daemon] INFO: Message: output: output:
D:\aarambh\frontend\node_modules\expo-modules-core\android\build\tmp\kotlin-classes\release\expo\modules\core\logging\Logger.class
Sources:
D:\aarambh\frontend\node_modules\expo-modules-core\android\src\main\java\expo\modules\core\logging\Logger.kt
2026-08-14 11:39:18.618 [daemon] INFO: Message: output: output:
D:\aarambh\frontend\node_modules\expo-modules-core\android\build\tmp\kotlin-classes\release\expo\modules\core\logging\Logger$startTimer$1.class
Sources:
D:\aarambh\frontend\node_modules\expo-modules-core\android\src\main\java\expo\modules\core\logging\Logger.kt
2026-08-14 11:39:18.619 [daemon] INFO: Message: output: output:
D:\aarambh\frontend\node_modules\expo-modules-core\android\build\tmp\kotlin-classes\release\expo\modules\core\logging\LoggerTimer.class
Sources:
D:\aarambh\frontend\node_modules\expo-modules-core\android\src\main\java\expo\modules\core\logging\LoggerTimer.kt
2026-08-14 11:39:18.619 [daemon] INFO: Message: output: output:
D:\aarambh\frontend\node_modules\expo-modules-core\android\build\tmp\kotlin-classes\release\expo\modules\core\logging\LoggerUtilsKt.class
Sources:
D:\aarambh\frontend\node_modules\expo-modules-core\android\src\main\java\expo\modules\core\logging\LoggerUtils.kt
2026-08-14 11:39:18.622 [daemon] INFO: Message: output: output:
D:\aarambh\frontend\node_modules\expo-modules-core\android\build\tmp\kotlin-classes\release\expo\modules\core\logging\OSLogHandler.class
Sources:
D:\aarambh\frontend\node_modules\expo-modules-core\android\src\main\java\expo\modules\core\logging\OSLogHandler.kt
2026-08-14 11:39:18.623 [daemon] INFO: Message: output: output:
D:\aarambh\frontend\node_modules\expo-modules-core\android\build\tmp\kotlin-classes\release\expo\modules\core\logging\OSLogHandlerKt.class
Sources:
D:\aarambh\frontend\node_modules\expo-modules-core\android\src\main\java\expo\modules\core\logging\OSLogHandler.kt
2026-08-14 11:39:18.623 [daemon] INFO: Message: output: output:
D:\aarambh\frontend\node_modules\expo-modules-core\android\build\tmp\kotlin-classes\release\expo\modules\core\logging\PersistentFileLog.class
Sources:
D:\aarambh\frontend\node_modules\expo-modules-core\android\src\main\java\expo\modules\core\logging\PersistentFileLog.kt
2026-08-14 11:39:18.623 [daemon] INFO: Message: output: output:
D:\aarambh\frontend\node_modules\expo-modules-core\android\build\tmp\kotlin-classes\release\expo\modules\core\logging\PersistentFileLog$Companion.class
Sources:
D:\aarambh\frontend\node_modules\expo-modules-core\android\src\main\java\expo\modules\core\logging\PersistentFileLog.kt
2026-08-14 11:39:18.625 [daemon] INFO: Message: output: output:
D:\aarambh\frontend\node_modules\expo-modules-core\android\build\tmp\kotlin-classes\release\expo\modules\core\logging\PersistentFileLogHandler.class
Sources:
D:\aarambh\frontend\node_modules\expo-modules-core\android\src\main\java\expo\modules\core\logging\PersistentFileLogHandler.kt
2026-08-14 11:39:18.625 [daemon] INFO: Message: output: output:
D:\aarambh\frontend\node_modules\expo-modules-core\android\build\tmp\kotlin-classes\release\expo\modules\core\logging\PersistentFileLogSerialDispatchQueue.class
Sources:
D:\aarambh\frontend\node_modules\expo-modules-core\android\src\main\java\expo\modules\core\logging\PersistentFileLogSerialDispatchQueue.kt
2026-08-14 11:39:18.625 [daemon] INFO: Message: output: output:
D:\aarambh\frontend\node_modules\expo-modules-core\android\build\tmp\kotlin-classes\release\expo\modules\core\logging\PersistentFileLogSerialDispatchQueue$add$1.class
Sources:
D:\aarambh\frontend\node_modules\expo-modules-core\android\src\main\java\expo\modules\core\logging\PersistentFileLogSerialDispatchQueue.kt
2026-08-14 11:39:18.625 [daemon] INFO: Message: output: output:
D:\aarambh\frontend\node_modules\expo-modules-core\android\build\tmp\kotlin-classes\release\expo\modules\core\logging\PersistentFileLogSerialDispatchQueue$queueRunner$1.class
Sources:
D:\aarambh\frontend\node_modules\expo-modules-core\android\src\main\java\expo\modules\core\logging\PersistentFileLogSerialDispatchQueue.kt
2026-08-14 11:39:18.626 [daemon] INFO: Message: output: output:
D:\aarambh\frontend\node_modules\expo-modules-core\android\build\tmp\kotlin-classes\release\expo\modules\core\logging\PersistentFileLogSerialDispatchQueueKt.class
Sources:
D:\aarambh\frontend\node_modules\expo-modules-core\android\src\main\java\expo\modules\core\logging\PersistentFileLogSerialDispatchQueue.kt
2026-08-14 11:39:18.626 [daemon] INFO: Message: output: output:
D:\aarambh\frontend\node_modules\expo-modules-core\android\build\tmp\kotlin-classes\release\expo\modules\core\utilities\EmulatorUtilities.class
Sources:
D:\aarambh\frontend\node_modules\expo-modules-core\android\src\main\java\expo\modules\core\utilities\EmulatorUtilities.kt
2026-08-14 11:39:18.627 [daemon] INFO: Message: output: output:
D:\aarambh\frontend\node_modules\expo-modules-core\android\build\tmp\kotlin-classes\release\expo\modules\core\utilities\KotlinUtilitiesKt.class
Sources:
D:\aarambh\frontend\node_modules\expo-modules-core\android\src\main\java\expo\modules\core\utilities\KotlinUtilities.kt
2026-08-14 11:39:18.627 [daemon] INFO: Message: output: output:
D:\aarambh\frontend\node_modules\expo-modules-core\android\build\tmp\kotlin-classes\release\expo\modules\core\utilities\VRUtilities.class
Sources:
D:\aarambh\frontend\node_modules\expo-modules-core\android\src\main\java\expo\modules\core\utilities\VRUtilities.kt
2026-08-14 11:39:18.628 [daemon] INFO: Message: output: output:
D:\aarambh\frontend\node_modules\expo-modules-core\android\build\tmp\kotlin-classes\release\expo\modules\core\utilities\VRUtilities$Companion.class
Sources:
D:\aarambh\frontend\node_modules\expo-modules-core\android\src\main\java\expo\modules\core\utilities\VRUtilities.kt
2026-08-14 11:39:18.628 [daemon] INFO: Message: output: output:
D:\aarambh\frontend\node_modules\expo-modules-core\android\build\tmp\kotlin-classes\release\expo\modules\interfaces\filesystem\AppDirectoriesModuleInterface.class
Sources:
D:\aarambh\frontend\node_modules\expo-modules-core\android\src\main\java\expo\modules\interfaces\filesystem\AppDirectoriesModuleInterface.kt
2026-08-14 11:39:18.628 [daemon] INFO: Message: output: output:
D:\aarambh\frontend\node_modules\expo-modules-core\android\build\tmp\kotlin-classes\release\expo\modules\interfaces\permissions\PermissionsResponse.class
Sources:
D:\aarambh\frontend\node_modules\expo-modules-core\android\src\main\java\expo\modules\interfaces\permissions\PermissionsResponse.kt
2026-08-14 11:39:18.629 [daemon] INFO: Message: output: output:
D:\aarambh\frontend\node_modules\expo-modules-core\android\build\tmp\kotlin-classes\release\expo\modules\interfaces\permissions\PermissionsResponse$Companion.class
Sources:
D:\aarambh\frontend\node_modules\expo-modules-core\android\src\main\java\expo\modules\interfaces\permissions\PermissionsResponse.kt
2026-08-14 11:39:18.629 [daemon] INFO: Message: output: output:
D:\aarambh\frontend\node_modules\expo-modules-core\android\build\tmp\kotlin-classes\release\expo\modules\interfaces\taskManager\TaskServiceProviderHelper.class
Sources:
D:\aarambh\frontend\node_modules\expo-modules-core\android\src\main\java\expo\modules\interfaces\taskManager\TaskServiceProviderHelper.kt
2026-08-14 11:39:18.630 [daemon] INFO: Message: output: output:
D:\aarambh\frontend\node_modules\expo-modules-core\android\build\tmp\kotlin-classes\release\expo\modules\interfaces\taskManager\TaskServiceProviderHelper$getTaskServiceImpl$$inlined$sortedByDescending$1.class
Sources:
D:\aarambh\frontend\node_modules\expo-modules-core\android\src\main\java\expo\modules\interfaces\taskManager\TaskServiceProviderHelper.kt
2026-08-14 11:39:18.630 [daemon] INFO: Message: output: output:
D:\aarambh\frontend\node_modules\expo-modules-core\android\build\tmp\kotlin-classes\release\expo\modules\kotlin\AndroidExtensionsKt.class
Sources:
D:\aarambh\frontend\node_modules\expo-modules-core\android\src\main\java\expo\modules\kotlin\AndroidExtensions.kt
2026-08-14 11:39:18.631 [daemon] INFO: Message: output: output:
D:\aarambh\frontend\node_modules\expo-modules-core\android\build\tmp\kotlin-classes\release\expo\modules\kotlin\AppContext.class
Sources:
D:\aarambh\frontend\node_modules\expo-modules-core\android\src\main\java\expo\modules\kotlin\AppContext.kt
2026-08-14 11:39:18.631 [daemon] INFO: Message: output: output:
D:\aarambh\frontend\node_modules\expo-modules-core\android\build\tmp\kotlin-classes\release\expo\modules\kotlin\tracing\ExpoTraceKt.class
Sources:
D:\aarambh\frontend\node_modules\expo-modules-core\android\src\main\java\expo\modules\kotlin\tracing\ExpoTrace.kt
2026-08-14 11:39:18.631 [daemon] INFO: Message: output: output:
D:\aarambh\frontend\node_modules\expo-modules-core\android\build\tmp\kotlin-classes\release\expo\modules\kotlin\RuntimeContext.class
Sources:
D:\aarambh\frontend\node_modules\expo-modules-core\android\src\main\java\expo\modules\kotlin\RuntimeContext.kt
2026-08-14 11:39:18.633 [daemon] INFO: Message: output: output:
D:\aarambh\frontend\node_modules\expo-modules-core\android\build\tmp\kotlin-classes\release\expo\modules\kotlin\Utils.class
Sources:
D:\aarambh\frontend\node_modules\expo-modules-core\android\src\main\java\expo\modules\kotlin\Utils.kt
2026-08-14 11:39:18.633 [daemon] INFO: Message: output: output:
D:\aarambh\frontend\node_modules\expo-modules-core\android\build\tmp\kotlin-classes\release\expo\modules\kotlin\ModuleRegistry.class
Sources:
D:\aarambh\frontend\node_modules\expo-modules-core\android\src\main\java\expo\modules\kotlin\ModuleRegistry.kt
2026-08-14 11:39:18.633 [daemon] INFO: Message: output: output:
D:\aarambh\frontend\node_modules\expo-modules-core\android\build\tmp\kotlin-classes\release\expo\modules\kotlin\ArrayExtenstionsKt.class
Sources:
D:\aarambh\frontend\node_modules\expo-modules-core\android\src\main\java\expo\modules\kotlin\ArrayExtenstions.kt
2026-08-14 11:39:18.634 [daemon] INFO: Message: output: output:
D:\aarambh\frontend\node_modules\expo-modules-core\android\build\tmp\kotlin-classes\release\expo\modules\kotlin\ConcatIterator.class
Sources:
D:\aarambh\frontend\node_modules\expo-modules-core\android\src\main\java\expo\modules\kotlin\ConcatIterator.kt
2026-08-14 11:39:18.634 [daemon] INFO: Message: output: output:
D:\aarambh\frontend\node_modules\expo-modules-core\android\build\tmp\kotlin-classes\release\expo\modules\kotlin\CoreLoggerKt.class
Sources:
D:\aarambh\frontend\node_modules\expo-modules-core\android\src\main\java\expo\modules\kotlin\CoreLogger.kt
2026-08-14 11:39:18.634 [daemon] INFO: Message: output: output:
D:\aarambh\frontend\node_modules\expo-modules-core\android\build\tmp\kotlin-classes\release\expo\modules\kotlin\DynamicExtenstionsKt.class
Sources:
D:\aarambh\frontend\node_modules\expo-modules-core\android\src\main\java\expo\modules\kotlin\DynamicExtenstions.kt
2026-08-14 11:39:18.635 [daemon] INFO: Message: output: output:
D:\aarambh\frontend\node_modules\expo-modules-core\android\build\tmp\kotlin-classes\release\expo\modules\kotlin\DynamicExtenstionsKt$WhenMappings.class
Sources:
D:\aarambh\frontend\node_modules\expo-modules-core\android\src\main\java\expo\modules\kotlin\DynamicExtenstions.kt
2026-08-14 11:39:18.635 [daemon] INFO: Message: output: output:
D:\aarambh\frontend\node_modules\expo-modules-core\android\build\tmp\kotlin-classes\release\expo\modules\kotlin\EnumExtensionsKt.class
Sources:
D:\aarambh\frontend\node_modules\expo-modules-core\android\src\main\java\expo\modules\kotlin\EnumExtensions.kt
2026-08-14 11:39:18.636 [daemon] INFO: Message: output: output:
D:\aarambh\frontend\node_modules\expo-modules-core\android\build\tmp\kotlin-classes\release\expo\modules\kotlin\ExpoBridgeModule.class
Sources:
D:\aarambh\frontend\node_modules\expo-modules-core\android\src\main\java\expo\modules\kotlin\ExpoBridgeModule.kt
2026-08-14 11:39:18.639 [daemon] INFO: Message: output: output:
D:\aarambh\frontend\node_modules\expo-modules-core\android\build\tmp\kotlin-classes\release\expo\modules\kotlin\ExpoModulesHelper.class
Sources:
D:\aarambh\frontend\node_modules\expo-modules-core\android\src\main\java\expo\modules\kotlin\ExpoModulesHelper.kt
2026-08-14 11:39:18.639 [daemon] INFO: Message: output: output:
D:\aarambh\frontend\node_modules\expo-modules-core\android\build\tmp\kotlin-classes\release\expo\modules\kotlin\ExpoModulesHelper$Companion.class
Sources:
D:\aarambh\frontend\node_modules\expo-modules-core\android\src\main\java\expo\modules\kotlin\ExpoModulesHelper.kt
2026-08-14 11:39:18.640 [daemon] INFO: Message: output: output:
D:\aarambh\frontend\node_modules\expo-modules-core\android\build\tmp\kotlin-classes\release\expo\modules\kotlin\Filter.class
Sources:
D:\aarambh\frontend\node_modules\expo-modules-core\android\src\main\java\expo\modules\kotlin\FilteredIterator.kt
2026-08-14 11:39:18.640 [daemon] INFO: Message: output: output:
D:\aarambh\frontend\node_modules\expo-modules-core\android\build\tmp\kotlin-classes\release\expo\modules\kotlin\FilteredIterator.class
Sources:
D:\aarambh\frontend\node_modules\expo-modules-core\android\src\main\java\expo\modules\kotlin\FilteredIterator.kt
2026-08-14 11:39:18.641 [daemon] INFO: Message: output: output:
D:\aarambh\frontend\node_modules\expo-modules-core\android\build\tmp\kotlin-classes\release\expo\modules\kotlin\KClassExtensionsKt.class
Sources:
D:\aarambh\frontend\node_modules\expo-modules-core\android\src\main\java\expo\modules\kotlin\KClassExtensions.kt
2026-08-14 11:39:18.641 [daemon] INFO: Message: output: output:
D:\aarambh\frontend\node_modules\expo-modules-core\android\build\tmp\kotlin-classes\release\expo\modules\kotlin\KPromiseWrapper.class
Sources:
D:\aarambh\frontend\node_modules\expo-modules-core\android\src\main\java\expo\modules\kotlin\KPromiseWrapper.kt
2026-08-14 11:39:18.642 [daemon] INFO: Message: output: output:
D:\aarambh\frontend\node_modules\expo-modules-core\android\build\tmp\kotlin-classes\release\expo\modules\kotlin\KotlinInteropModuleRegistry.class
Sources:
D:\aarambh\frontend\node_modules\expo-modules-core\android\src\main\java\expo\modules\kotlin\KotlinInteropModuleRegistry.kt
2026-08-14 11:39:18.642 [daemon] INFO: Message: output: output:
D:\aarambh\frontend\node_modules\expo-modules-core\android\build\tmp\kotlin-classes\release\expo\modules\kotlin\KotlinInteropModuleRegistry$WhenMappings.class
Sources:
D:\aarambh\frontend\node_modules\expo-modules-core\android\src\main\java\expo\modules\kotlin\KotlinInteropModuleRegistry.kt
2026-08-14 11:39:18.642 [daemon] INFO: Message: output: output:
D:\aarambh\frontend\node_modules\expo-modules-core\android\build\tmp\kotlin-classes\release\expo\modules\kotlin\ModuleHolder.class
Sources:
D:\aarambh\frontend\node_modules\expo-modules-core\android\src\main\java\expo\modules\kotlin\ModuleHolder.kt
2026-08-14 11:39:18.643 [daemon] INFO: Message: output: output:
D:\aarambh\frontend\node_modules\expo-modules-core\android\build\tmp\kotlin-classes\release\expo\modules\kotlin\exception\ExceptionDecoratorKt.class
Sources:
D:\aarambh\frontend\node_modules\expo-modules-core\android\src\main\java\expo\modules\kotlin\exception\ExceptionDecorator.kt
2026-08-14 11:39:18.643 [daemon] INFO: Message: output: output:
D:\aarambh\frontend\node_modules\expo-modules-core\android\build\tmp\kotlin-classes\release\expo\modules\kotlin\exception\CodedExceptionKt.class
Sources:
D:\aarambh\frontend\node_modules\expo-modules-core\android\src\main\java\expo\modules\kotlin\exception\CodedException.kt
2026-08-14 11:39:18.644 [daemon] INFO: Message: output: output:
D:\aarambh\frontend\node_modules\expo-modules-core\android\build\tmp\kotlin-classes\release\expo\modules\kotlin\ModuleHolder$registerContracts$1$1.class
Sources:
D:\aarambh\frontend\node_modules\expo-modules-core\android\src\main\java\expo\modules\kotlin\ModuleHolder.kt
2026-08-14 11:39:18.644 [daemon] INFO: Message: output: output:
D:\aarambh\frontend\node_modules\expo-modules-core\android\build\tmp\kotlin-classes\release\expo\modules\kotlin\ModuleHolder$jsObject$2$1$1.class
Sources:
D:\aarambh\frontend\node_modules\expo-modules-core\android\src\main\java\expo\modules\kotlin\ModuleHolder.kt
2026-08-14 11:39:18.644 [daemon] INFO: Message: output: output:
D:\aarambh\frontend\node_modules\expo-modules-core\android\build\tmp\kotlin-classes\release\expo\modules\kotlin\ModuleHolder$jsObject$2$1$2.class
Sources:
D:\aarambh\frontend\node_modules\expo-modules-core\android\src\main\java\expo\modules\kotlin\ModuleHolder.kt
2026-08-14 11:39:18.645 [daemon] INFO: Message: output: output:
D:\aarambh\frontend\node_modules\expo-modules-core\android\build\tmp\kotlin-classes\release\expo\modules\kotlin\ModuleHolder$sam$java_util_function_BiConsumer$0.class
Sources:
D:\aarambh\frontend\node_modules\expo-modules-core\android\src\main\java\expo\modules\kotlin\ModuleHolder.kt
2026-08-14 11:39:18.698 [daemon] INFO: Message: output: output:
D:\aarambh\frontend\node_modules\expo-modules-core\android\build\tmp\kotlin-classes\release\expo\modules\kotlin\ModuleRegistry$register$1$2.class
Sources:
D:\aarambh\frontend\node_modules\expo-modules-core\android\src\main\java\expo\modules\kotlin\ModuleRegistry.kt
2026-08-14 11:39:18.934 [daemon] INFO: Message: output: output:
D:\aarambh\frontend\node_modules\expo-modules-core\android\build\tmp\kotlin-classes\release\expo\modules\kotlin\ModuleRegistry$PostponedEvent.class
Sources:
D:\aarambh\frontend\node_modules\expo-modules-core\android\src\main\java\expo\modules\kotlin\ModuleRegistry.kt
2026-08-14 11:39:18.935 [daemon] INFO: Message: output: output:
D:\aarambh\frontend\node_modules\expo-modules-core\android\build\tmp\kotlin-classes\release\expo\modules\kotlin\ModulesProvider.class
Sources:
D:\aarambh\frontend\node_modules\expo-modules-core\android\src\main\java\expo\modules\kotlin\ModulesProvider.kt
2026-08-14 11:39:18.937 [daemon] INFO: Message: output: output:
D:\aarambh\frontend\node_modules\expo-modules-core\android\build\tmp\kotlin-classes\release\expo\modules\kotlin\Promise.class
Sources:
D:\aarambh\frontend\node_modules\expo-modules-core\android\src\main\java\expo\modules\kotlin\Promise.kt
2026-08-14 11:39:18.938 [daemon] INFO: Message: output: output:
D:\aarambh\frontend\node_modules\expo-modules-core\android\build\tmp\kotlin-classes\release\expo\modules\kotlin\Promise$DefaultImpls.class
Sources:
D:\aarambh\frontend\node_modules\expo-modules-core\android\src\main\java\expo\modules\kotlin\Promise.kt
2026-08-14 11:39:18.939 [daemon] INFO: Message: output: output:
D:\aarambh\frontend\node_modules\expo-modules-core\android\build\tmp\kotlin-classes\release\expo\modules\kotlin\PromiseKt.class
Sources:
D:\aarambh\frontend\node_modules\expo-modules-core\android\src\main\java\expo\modules\kotlin\Promise.kt
2026-08-14 11:39:18.939 [daemon] INFO: Message: output: output:
D:\aarambh\frontend\node_modules\expo-modules-core\android\build\tmp\kotlin-classes\release\expo\modules\kotlin\PromiseKt$toBridgePromise$resolveMethod$1.class
Sources:
D:\aarambh\frontend\node_modules\expo-modules-core\android\src\main\java\expo\modules\kotlin\Promise.kt
2026-08-14 11:39:18.940 [daemon] INFO: Message: output: output:
D:\aarambh\frontend\node_modules\expo-modules-core\android\build\tmp\kotlin-classes\release\expo\modules\kotlin\PromiseKt$toBridgePromise$resolveMethod$2.class
Sources:
D:\aarambh\frontend\node_modules\expo-modules-core\android\src\main\java\expo\modules\kotlin\Promise.kt
2026-08-14 11:39:18.940 [daemon] INFO: Message: output: output:
D:\aarambh\frontend\node_modules\expo-modules-core\android\build\tmp\kotlin-classes\release\expo\modules\kotlin\PromiseKt$toBridgePromise$1.class
Sources:
D:\aarambh\frontend\node_modules\expo-modules-core\android\src\main\java\expo\modules\kotlin\Promise.kt
2026-08-14 11:39:18.941 [daemon] INFO: Message: output: output:
D:\aarambh\frontend\node_modules\expo-modules-core\android\build\tmp\kotlin-classes\release\expo\modules\kotlin\ReactExtensionsKt.class
Sources:
D:\aarambh\frontend\node_modules\expo-modules-core\android\src\main\java\expo\modules\kotlin\ReactExtensions.kt
2026-08-14 11:39:18.941 [daemon] INFO: Message: output: output:
D:\aarambh\frontend\node_modules\expo-modules-core\android\build\tmp\kotlin-classes\release\expo\modules\kotlin\ReactLifecycleDelegate.class
Sources:
D:\aarambh\frontend\node_modules\expo-modules-core\android\src\main\java\expo\modules\kotlin\ReactLifecycleDelegate.kt
2026-08-14 11:39:18.942 [daemon] INFO: Message: output: output:
D:\aarambh\frontend\node_modules\expo-modules-core\android\build\tmp\kotlin-classes\release\expo\modules\kotlin\ReadableArrayIterator.class
Sources:
D:\aarambh\frontend\node_modules\expo-modules-core\android\src\main\java\expo\modules\kotlin\ReadableArrayIterator.kt
2026-08-14 11:39:18.942 [daemon] INFO: Message: output: output:
D:\aarambh\frontend\node_modules\expo-modules-core\android\build\tmp\kotlin-classes\release\expo\modules\kotlin\ReadableArrayIteratorKt.class
Sources:
D:\aarambh\frontend\node_modules\expo-modules-core\android\src\main\java\expo\modules\kotlin\ReadableArrayIterator.kt
2026-08-14 11:39:18.942 [daemon] INFO: Message: output: output:
D:\aarambh\frontend\node_modules\expo-modules-core\android\build\tmp\kotlin-classes\release\expo\modules\kotlin\ReadableTypeExtensionsKt.class
Sources:
D:\aarambh\frontend\node_modules\expo-modules-core\android\src\main\java\expo\modules\kotlin\ReadableTypeExtensions.kt
2026-08-14 11:39:18.943 [daemon] INFO: Message: output: output:
D:\aarambh\frontend\node_modules\expo-modules-core\android\build\tmp\kotlin-classes\release\expo\modules\kotlin\ReadableTypeExtensionsKt$WhenMappings.class
Sources:
D:\aarambh\frontend\node_modules\expo-modules-core\android\src\main\java\expo\modules\kotlin\ReadableTypeExtensions.kt
2026-08-14 11:39:18.944 [daemon] INFO: Message: output: output:
D:\aarambh\frontend\node_modules\expo-modules-core\android\build\tmp\kotlin-classes\release\expo\modules\kotlin\UtilsKt.class
Sources:
D:\aarambh\frontend\node_modules\expo-modules-core\android\src\main\java\expo\modules\kotlin\Utils.kt
2026-08-14 11:39:18.944 [daemon] INFO: Message: output: output:
D:\aarambh\frontend\node_modules\expo-modules-core\android\build\tmp\kotlin-classes\release\expo\modules\kotlin\activityaware\AppCompatActivityAware.class
Sources:
D:\aarambh\frontend\node_modules\expo-modules-core\android\src\main\java\expo\modules\kotlin\activityaware\AppCompatActivityAware.kt
2026-08-14 11:39:18.945 [daemon] INFO: Message: output: output:
D:\aarambh\frontend\node_modules\expo-modules-core\android\build\tmp\kotlin-classes\release\expo\modules\kotlin\activityaware\AppCompatActivityAwareKt.class
Sources:
D:\aarambh\frontend\node_modules\expo-modules-core\android\src\main\java\expo\modules\kotlin\activityaware\AppCompatActivityAware.kt
2026-08-14 11:39:18.945 [daemon] INFO: Message: output: output:
D:\aarambh\frontend\node_modules\expo-modules-core\android\build\tmp\kotlin-classes\release\expo\modules\kotlin\activityaware\AppCompatActivityAwareKt$withActivityAvailable$2$listener$1.class
Sources:
D:\aarambh\frontend\node_modules\expo-modules-core\android\src\main\java\expo\modules\kotlin\activityaware\AppCompatActivityAware.kt
2026-08-14 11:39:18.945 [daemon] INFO: Message: output: output:
D:\aarambh\frontend\node_modules\expo-modules-core\android\build\tmp\kotlin-classes\release\expo\modules\kotlin\activityaware\AppCompatActivityAwareKt$withActivityAvailable$2$1.class
Sources:
D:\aarambh\frontend\node_modules\expo-modules-core\android\src\main\java\expo\modules\kotlin\activityaware\AppCompatActivityAware.kt
2026-08-14 11:39:18.946 [daemon] INFO: Message: output: output:
D:\aarambh\frontend\node_modules\expo-modules-core\android\build\tmp\kotlin-classes\release\expo\modules\kotlin\activityaware\AppCompatActivityAwareHelper.class
Sources:
D:\aarambh\frontend\node_modules\expo-modules-core\android\src\main\java\expo\modules\kotlin\activityaware\AppCompatActivityAwareHelper.kt
2026-08-14 11:39:18.946 [daemon] INFO: Message: output: output:
D:\aarambh\frontend\node_modules\expo-modules-core\android\build\tmp\kotlin-classes\release\expo\modules\kotlin\activityaware\OnActivityAvailableListener.class
Sources:
D:\aarambh\frontend\node_modules\expo-modules-core\android\src\main\java\expo\modules\kotlin\activityaware\OnActivityAvailableListener.kt
2026-08-14 11:39:18.946 [daemon] INFO: Message: output: output:
D:\aarambh\frontend\node_modules\expo-modules-core\android\build\tmp\kotlin-classes\release\expo\modules\kotlin\activityresult\ActivityResultsManager.class
Sources:
D:\aarambh\frontend\node_modules\expo-modules-core\android\src\main\java\expo\modules\kotlin\activityresult\ActivityResultsManager.kt
2026-08-14 11:39:18.947 [daemon] INFO: Message: output: output:
D:\aarambh\frontend\node_modules\expo-modules-core\android\build\tmp\kotlin-classes\release\expo\modules\kotlin\activityresult\ActivityResultsManager$registerForActivityResult$$inlined$withActivityAvailable$1.class
Sources:
D:\aarambh\frontend\node_modules\expo-modules-core\android\src\main\java\expo\modules\kotlin\activityresult\ActivityResultsManager.kt
2026-08-14 11:39:18.947 [daemon] INFO: Message: output: output:
D:\aarambh\frontend\node_modules\expo-modules-core\android\build\tmp\kotlin-classes\release\expo\modules\kotlin\activityresult\ActivityResultsManager$registerForActivityResult$$inlined$withActivityAvailable$2.class
Sources:
D:\aarambh\frontend\node_modules\expo-modules-core\android\src\main\java\expo\modules\kotlin\activityresult\ActivityResultsManager.kt
2026-08-14 11:39:18.948 [daemon] INFO: Message: output: output:
D:\aarambh\frontend\node_modules\expo-modules-core\android\build\tmp\kotlin-classes\release\expo\modules\kotlin\activityresult\ActivityResultsManager$1.class
Sources:
D:\aarambh\frontend\node_modules\expo-modules-core\android\src\main\java\expo\modules\kotlin\activityresult\ActivityResultsManager.kt
2026-08-14 11:39:18.980 [daemon] INFO: Message: output: output:
D:\aarambh\frontend\node_modules\expo-modules-core\android\build\tmp\kotlin-classes\release\expo\modules\kotlin\activityresult\ActivityResultsManager$1$invokeSuspend$$inlined$withActivityAvailable$1.class
Sources:
D:\aarambh\frontend\node_modules\expo-modules-core\android\src\main\java\expo\modules\kotlin\activityresult\ActivityResultsManager.kt
2026-08-14 11:39:18.980 [daemon] INFO: Message: output: output:
D:\aarambh\frontend\node_modules\expo-modules-core\android\build\tmp\kotlin-classes\release\expo\modules\kotlin\activityresult\ActivityResultsManager$1$invokeSuspend$$inlined$withActivityAvailable$2.class
Sources:
D:\aarambh\frontend\node_modules\expo-modules-core\android\src\main\java\expo\modules\kotlin\activityresult\ActivityResultsManager.kt
2026-08-14 11:39:18.981 [daemon] INFO: Message: output: output:
D:\aarambh\frontend\node_modules\expo-modules-core\android\build\tmp\kotlin-classes\release\expo\modules\kotlin\activityresult\AppContextActivityResultCaller.class
Sources:
D:\aarambh\frontend\node_modules\expo-modules-core\android\src\main\java\expo\modules\kotlin\activityresult\AppContextActivityResultCaller.kt
2026-08-14 11:39:18.981 [daemon] INFO: Message: output: output:
D:\aarambh\frontend\node_modules\expo-modules-core\android\build\tmp\kotlin-classes\release\expo\modules\kotlin\activityresult\AppContextActivityResultCaller$DefaultImpls.class
Sources:
D:\aarambh\frontend\node_modules\expo-modules-core\android\src\main\java\expo\modules\kotlin\activityresult\AppContextActivityResultCaller.kt
2026-08-14 11:39:18.982 [daemon] INFO: Message: output: output:
D:\aarambh\frontend\node_modules\expo-modules-core\android\build\tmp\kotlin-classes\release\expo\modules\kotlin\activityresult\DefaultAppContextActivityResultCaller.class
Sources:
D:\aarambh\frontend\node_modules\expo-modules-core\android\src\main\java\expo\modules\kotlin\activityresult\AppContextActivityResultCaller.kt
2026-08-14 11:39:18.982 [daemon] INFO: Message: output: output:
D:\aarambh\frontend\node_modules\expo-modules-core\android\build\tmp\kotlin-classes\release\expo\modules\kotlin\activityresult\AppContextActivityResultContract.class
Sources:
D:\aarambh\frontend\node_modules\expo-modules-core\android\src\main\java\expo\modules\kotlin\activityresult\AppContextActivityResultContract.kt
2026-08-14 11:39:18.983 [daemon] INFO: Message: output: output:
D:\aarambh\frontend\node_modules\expo-modules-core\android\build\tmp\kotlin-classes\release\expo\modules\kotlin\activityresult\AppContextActivityResultFallbackCallback.class
Sources:
D:\aarambh\frontend\node_modules\expo-modules-core\android\src\main\java\expo\modules\kotlin\activityresult\AppContextActivityResultFallbackCallback.kt
2026-08-14 11:39:18.984 [daemon] INFO: Message: output: output:
D:\aarambh\frontend\node_modules\expo-modules-core\android\build\tmp\kotlin-classes\release\expo\modules\kotlin\activityresult\AppContextActivityResultLauncher.class
Sources:
D:\aarambh\frontend\node_modules\expo-modules-core\android\src\main\java\expo\modules\kotlin\activityresult\AppContextActivityResultLauncher.kt
2026-08-14 11:39:18.984 [daemon] INFO: Message: output: output:
D:\aarambh\frontend\node_modules\expo-modules-core\android\build\tmp\kotlin-classes\release\expo\modules\kotlin\activityresult\AppContextActivityResultLauncher$launch$2$1.class
Sources:
D:\aarambh\frontend\node_modules\expo-modules-core\android\src\main\java\expo\modules\kotlin\activityresult\AppContextActivityResultLauncher.kt
2026-08-14 11:39:18.985 [daemon] INFO: Message: output: output:
D:\aarambh\frontend\node_modules\expo-modules-core\android\build\tmp\kotlin-classes\release\expo\modules\kotlin\activityresult\AppContextActivityResultRegistry.class
Sources:
D:\aarambh\frontend\node_modules\expo-modules-core\android\src\main\java\expo\modules\kotlin\activityresult\AppContextActivityResultRegistry.kt
2026-08-14 11:39:18.985 [daemon] INFO: Message: output: output:
D:\aarambh\frontend\node_modules\expo-modules-core\android\build\tmp\kotlin-classes\release\expo\modules\kotlin\activityresult\AppContextActivityResultRegistry$register$2.class
Sources:
D:\aarambh\frontend\node_modules\expo-modules-core\android\src\main\java\expo\modules\kotlin\activityresult\AppContextActivityResultRegistry.kt
2026-08-14 11:39:18.987 [daemon] INFO: Message: output: output:
D:\aarambh\frontend\node_modules\expo-modules-core\android\build\tmp\kotlin-classes\release\expo\modules\kotlin\activityresult\AppContextActivityResultRegistry$CallbacksAndContract.class
Sources:
D:\aarambh\frontend\node_modules\expo-modules-core\android\src\main\java\expo\modules\kotlin\activityresult\AppContextActivityResultRegistry.kt
2026-08-14 11:39:18.988 [daemon] INFO: Message: output: output:
D:\aarambh\frontend\node_modules\expo-modules-core\android\build\tmp\kotlin-classes\release\expo\modules\kotlin\activityresult\AppContextActivityResultRegistry$LifecycleContainer.class
Sources:
D:\aarambh\frontend\node_modules\expo-modules-core\android\src\main\java\expo\modules\kotlin\activityresult\AppContextActivityResultRegistry.kt
2026-08-14 11:39:18.989 [daemon] INFO: Message: output: output:
D:\aarambh\frontend\node_modules\expo-modules-core\android\build\tmp\kotlin-classes\release\expo\modules\kotlin\activityresult\AppContextActivityResultRegistry$WhenMappings.class
Sources:
D:\aarambh\frontend\node_modules\expo-modules-core\android\src\main\java\expo\modules\kotlin\activityresult\AppContextActivityResultRegistry.kt
2026-08-14 11:39:18.989 [daemon] INFO: Message: output: output:
D:\aarambh\frontend\node_modules\expo-modules-core\android\build\tmp\kotlin-classes\release\expo\modules\kotlin\activityresult\AppContextActivityResultRegistryKt.class
Sources:
D:\aarambh\frontend\node_modules\expo-modules-core\android\src\main\java\expo\modules\kotlin\activityresult\AppContextActivityResultRegistry.kt
2026-08-14 11:39:18.990 [daemon] INFO: Message: output: output:
D:\aarambh\frontend\node_modules\expo-modules-core\android\build\tmp\kotlin-classes\release\expo\modules\kotlin\activityresult\DataPersistor.class
Sources:
D:\aarambh\frontend\node_modules\expo-modules-core\android\src\main\java\expo\modules\kotlin\activityresult\DataPersistor.kt
2026-08-14 11:39:18.990 [daemon] INFO: Message: output: output:
D:\aarambh\frontend\node_modules\expo-modules-core\android\build\tmp\kotlin-classes\release\expo\modules\kotlin\activityresult\DataPersistorKt.class
Sources:
D:\aarambh\frontend\node_modules\expo-modules-core\android\src\main\java\expo\modules\kotlin\activityresult\DataPersistor.kt
2026-08-14 11:39:18.991 [daemon] INFO: Message: output: output:
D:\aarambh\frontend\node_modules\expo-modules-core\android\build\tmp\kotlin-classes\release\expo\modules\kotlin\allocators\ObjectConstructor.class
Sources:
D:\aarambh\frontend\node_modules\expo-modules-core\android\src\main\java\expo\modules\kotlin\allocators\ObjectConstructor.kt
2026-08-14 11:39:18.991 [daemon] INFO: Message: output: output:
D:\aarambh\frontend\node_modules\expo-modules-core\android\build\tmp\kotlin-classes\release\expo\modules\kotlin\allocators\ObjectConstructorFactory.class
Sources:
D:\aarambh\frontend\node_modules\expo-modules-core\android\src\main\java\expo\modules\kotlin\allocators\ObjectConstructorFactory.kt
2026-08-14 11:39:18.992 [daemon] INFO: Message: output: output:
D:\aarambh\frontend\node_modules\expo-modules-core\android\build\tmp\kotlin-classes\release\expo\modules\kotlin\allocators\UnsafeAllocator.class
Sources:
D:\aarambh\frontend\node_modules\expo-modules-core\android\src\main\java\expo\modules\kotlin\allocators\UnsafeAllocator.kt
2026-08-14 11:39:18.992 [daemon] INFO: Message: output: output:
D:\aarambh\frontend\node_modules\expo-modules-core\android\build\tmp\kotlin-classes\release\expo\modules\kotlin\allocators\UnsafeAllocator$Companion.class
Sources:
D:\aarambh\frontend\node_modules\expo-modules-core\android\src\main\java\expo\modules\kotlin\allocators\UnsafeAllocator.kt
2026-08-14 11:39:18.993 [daemon] INFO: Message: output: output:
D:\aarambh\frontend\node_modules\expo-modules-core\android\build\tmp\kotlin-classes\release\expo\modules\kotlin\apifeatures\EitherType.class
Sources:
D:\aarambh\frontend\node_modules\expo-modules-core\android\src\main\java\expo\modules\kotlin\apifeatures\Features.kt
2026-08-14 11:39:18.994 [daemon] INFO: Message: output: output:
D:\aarambh\frontend\node_modules\expo-modules-core\android\build\tmp\kotlin-classes\release\expo\modules\kotlin\classcomponent\ClassComponentBuilder.class
Sources:
D:\aarambh\frontend\node_modules\expo-modules-core\android\src\main\java\expo\modules\kotlin\classcomponent\ClassComponentBuilder.kt
2026-08-14 11:39:18.994 [daemon] INFO: Message: output: output:
D:\aarambh\frontend\node_modules\expo-modules-core\android\build\tmp\kotlin-classes\release\expo\modules\kotlin\classcomponent\ClassComponentBuilder$buildClass$1.class
Sources:
D:\aarambh\frontend\node_modules\expo-modules-core\android\src\main\java\expo\modules\kotlin\classcomponent\ClassComponentBuilder.kt
2026-08-14 11:39:18.995 [daemon] INFO: Message: output: output:
D:\aarambh\frontend\node_modules\expo-modules-core\android\build\tmp\kotlin-classes\release\expo\modules\kotlin\classcomponent\ClassComponentBuilder$buildClass$2.class
Sources:
D:\aarambh\frontend\node_modules\expo-modules-core\android\src\main\java\expo\modules\kotlin\classcomponent\ClassComponentBuilder.kt
2026-08-14 11:39:18.995 [daemon] INFO: Message: output: output:
D:\aarambh\frontend\node_modules\expo-modules-core\android\build\tmp\kotlin-classes\release\expo\modules\kotlin\types\AnyTypeKt.class
Sources:
D:\aarambh\frontend\node_modules\expo-modules-core\android\src\main\java\expo\modules\kotlin\types\AnyType.kt
2026-08-14 11:39:18.995 [daemon] INFO: Message: output: output:
D:\aarambh\frontend\node_modules\expo-modules-core\android\build\tmp\kotlin-classes\release\expo\modules\kotlin\types\AnyTypeKt$toAnyType$1.class
Sources:
D:\aarambh\frontend\node_modules\expo-modules-core\android\src\main\java\expo\modules\kotlin\types\AnyType.kt
2026-08-14 11:39:18.996 [daemon] INFO: Message: output: output:
D:\aarambh\frontend\node_modules\expo-modules-core\android\build\tmp\kotlin-classes\release\expo\modules\kotlin\classcomponent\ClassComponentBuilder$buildClass$lambda$2$$inlined$toAnyType$default$1.class
Sources:
D:\aarambh\frontend\node_modules\expo-modules-core\android\src\main\java\expo\modules\kotlin\classcomponent\ClassComponentBuilder.kt
2026-08-14 11:39:18.996 [daemon] INFO: Message: output: output:
D:\aarambh\frontend\node_modules\expo-modules-core\android\build\tmp\kotlin-classes\release\expo\modules\kotlin\types\ReturnTypeKt.class
Sources:
D:\aarambh\frontend\node_modules\expo-modules-core\android\src\main\java\expo\modules\kotlin\types\ReturnType.kt
2026-08-14 11:39:18.996 [daemon] INFO: Message: output: output:
D:\aarambh\frontend\node_modules\expo-modules-core\android\build\tmp\kotlin-classes\release\expo\modules\kotlin\classcomponent\ClassComponentBuilder$Constructor$1.class
Sources:
D:\aarambh\frontend\node_modules\expo-modules-core\android\src\main\java\expo\modules\kotlin\classcomponent\ClassComponentBuilder.kt
2026-08-14 11:39:18.997 [daemon] INFO: Message: output: output:
D:\aarambh\frontend\node_modules\expo-modules-core\android\build\tmp\kotlin-classes\release\expo\modules\kotlin\types\AnyTypeKt$toArgsArray$$inlined$toAnyType$1.class
Sources:
D:\aarambh\frontend\node_modules\expo-modules-core\android\src\main\java\expo\modules\kotlin\types\AnyType.kt
2026-08-14 11:39:18.997 [daemon] INFO: Message: output: output:
D:\aarambh\frontend\node_modules\expo-modules-core\android\build\tmp\kotlin-classes\release\expo\modules\kotlin\classcomponent\ClassComponentBuilder$Constructor$$inlined$toArgsArray$default$1.class
Sources:
D:\aarambh\frontend\node_modules\expo-modules-core\android\src\main\java\expo\modules\kotlin\classcomponent\ClassComponentBuilder.kt
2026-08-14 11:39:18.998 [daemon] INFO: Message: output: output:
D:\aarambh\frontend\node_modules\expo-modules-core\android\build\tmp\kotlin-classes\release\expo\modules\kotlin\classcomponent\ClassComponentBuilder$Constructor$3.class
Sources:
D:\aarambh\frontend\node_modules\expo-modules-core\android\src\main\java\expo\modules\kotlin\classcomponent\ClassComponentBuilder.kt
2026-08-14 11:39:18.998 [daemon] INFO: Message: output: output:
D:\aarambh\frontend\node_modules\expo-modules-core\android\build\tmp\kotlin-classes\release\expo\modules\kotlin\types\EnforceTypeKt.class
Sources:
D:\aarambh\frontend\node_modules\expo-modules-core\android\src\main\java\expo\modules\kotlin\types\EnforceType.kt
2026-08-14 11:39:18.999 [daemon] INFO: Message: output: output:
D:\aarambh\frontend\node_modules\expo-modules-core\android\build\tmp\kotlin-classes\release\expo\modules\kotlin\types\AnyTypeKt$toArgsArray$$inlined$toAnyType$2.class
Sources:
D:\aarambh\frontend\node_modules\expo-modules-core\android\src\main\java\expo\modules\kotlin\types\AnyType.kt
2026-08-14 11:39:18.999 [daemon] INFO: Message: output: output:
D:\aarambh\frontend\node_modules\expo-modules-core\android\build\tmp\kotlin-classes\release\expo\modules\kotlin\types\AnyTypeKt$toArgsArray$$inlined$toAnyType$3.class
Sources:
D:\aarambh\frontend\node_modules\expo-modules-core\android\src\main\java\expo\modules\kotlin\types\AnyType.kt
2026-08-14 11:39:19.001 [daemon] INFO: Message: output: output:
D:\aarambh\frontend\node_modules\expo-modules-core\android\build\tmp\kotlin-classes\release\expo\modules\kotlin\classcomponent\ClassComponentBuilder$Constructor$$inlined$toArgsArray$default$2.class
Sources:
D:\aarambh\frontend\node_modules\expo-modules-core\android\src\main\java\expo\modules\kotlin\classcomponent\ClassComponentBuilder.kt
2026-08-14 11:39:19.001 [daemon] INFO: Message: output: output:
D:\aarambh\frontend\node_modules\expo-modules-core\android\build\tmp\kotlin-classes\release\expo\modules\kotlin\classcomponent\ClassComponentBuilder$Constructor$$inlined$toArgsArray$default$3.class
Sources:
D:\aarambh\frontend\node_modules\expo-modules-core\android\src\main\java\expo\modules\kotlin\classcomponent\ClassComponentBuilder.kt
2026-08-14 11:39:19.002 [daemon] INFO: Message: output: output:
D:\aarambh\frontend\node_modules\expo-modules-core\android\build\tmp\kotlin-classes\release\expo\modules\kotlin\classcomponent\ClassComponentBuilder$Constructor$5.class
Sources:
D:\aarambh\frontend\node_modules\expo-modules-core\android\src\main\java\expo\modules\kotlin\classcomponent\ClassComponentBuilder.kt
2026-08-14 11:39:19.002 [daemon] INFO: Message: output: output:
D:\aarambh\frontend\node_modules\expo-modules-core\android\build\tmp\kotlin-classes\release\expo\modules\kotlin\types\AnyTypeKt$toArgsArray$$inlined$toAnyType$4.class
Sources:
D:\aarambh\frontend\node_modules\expo-modules-core\android\src\main\java\expo\modules\kotlin\types\AnyType.kt
2026-08-14 11:39:19.004 [daemon] INFO: Message: output: output:
D:\aarambh\frontend\node_modules\expo-modules-core\android\build\tmp\kotlin-classes\release\expo\modules\kotlin\types\AnyTypeKt$toArgsArray$$inlined$toAnyType$5.class
Sources:
D:\aarambh\frontend\node_modules\expo-modules-core\android\src\main\java\expo\modules\kotlin\types\AnyType.kt
2026-08-14 11:39:19.006 [daemon] INFO: Message: output: output:
D:\aarambh\frontend\node_modules\expo-modules-core\android\build\tmp\kotlin-classes\release\expo\modules\kotlin\types\AnyTypeKt$toArgsArray$$inlined$toAnyType$6.class
Sources:
D:\aarambh\frontend\node_modules\expo-modules-core\android\src\main\java\expo\modules\kotlin\types\AnyType.kt
2026-08-14 11:39:19.007 [daemon] INFO: Message: output: output:
D:\aarambh\frontend\node_modules\expo-modules-core\android\build\tmp\kotlin-classes\release\expo\modules\kotlin\classcomponent\ClassComponentBuilder$Constructor$$inlined$toArgsArray$default$4.class
Sources:
D:\aarambh\frontend\node_modules\expo-modules-core\android\src\main\java\expo\modules\kotlin\classcomponent\ClassComponentBuilder.kt
2026-08-14 11:39:19.008 [daemon] INFO: Message: output: output:
D:\aarambh\frontend\node_modules\expo-modules-core\android\build\tmp\kotlin-classes\release\expo\modules\kotlin\classcomponent\ClassComponentBuilder$Constructor$$inlined$toArgsArray$default$5.class
Sources:
D:\aarambh\frontend\node_modules\expo-modules-core\android\src\main\java\expo\modules\kotlin\classcomponent\ClassComponentBuilder.kt
2026-08-14 11:39:19.008 [daemon] INFO: Message: output: output:
D:\aarambh\frontend\node_modules\expo-modules-core\android\build\tmp\kotlin-classes\release\expo\modules\kotlin\classcomponent\ClassComponentBuilder$Constructor$$inlined$toArgsArray$default$6.class
Sources:
D:\aarambh\frontend\node_modules\expo-modules-core\android\src\main\java\expo\modules\kotlin\classcomponent\ClassComponentBuilder.kt
2026-08-14 11:39:19.009 [daemon] INFO: Message: output: output:
D:\aarambh\frontend\node_modules\expo-modules-core\android\build\tmp\kotlin-classes\release\expo\modules\kotlin\classcomponent\ClassComponentBuilder$Constructor$7.class
Sources:
D:\aarambh\frontend\node_modules\expo-modules-core\android\src\main\java\expo\modules\kotlin\classcomponent\ClassComponentBuilder.kt
2026-08-14 11:39:19.009 [daemon] INFO: Message: output: output:
D:\aarambh\frontend\node_modules\expo-modules-core\android\build\tmp\kotlin-classes\release\expo\modules\kotlin\types\AnyTypeKt$toArgsArray$$inlined$toAnyType$7.class
Sources:
D:\aarambh\frontend\node_modules\expo-modules-core\android\src\main\java\expo\modules\kotlin\types\AnyType.kt
2026-08-14 11:39:19.010 [daemon] INFO: Message: output: output:
D:\aarambh\frontend\node_modules\expo-modules-core\android\build\tmp\kotlin-classes\release\expo\modules\kotlin\types\AnyTypeKt$toArgsArray$$inlined$toAnyType$8.class
Sources:
D:\aarambh\frontend\node_modules\expo-modules-core\android\src\main\java\expo\modules\kotlin\types\AnyType.kt
2026-08-14 11:39:19.011 [daemon] INFO: Message: output: output:
D:\aarambh\frontend\node_modules\expo-modules-core\android\build\tmp\kotlin-classes\release\expo\modules\kotlin\types\AnyTypeKt$toArgsArray$$inlined$toAnyType$9.class
Sources:
D:\aarambh\frontend\node_modules\expo-modules-core\android\src\main\java\expo\modules\kotlin\types\AnyType.kt
2026-08-14 11:39:19.011 [daemon] INFO: Message: output: output:
D:\aarambh\frontend\node_modules\expo-modules-core\android\build\tmp\kotlin-classes\release\expo\modules\kotlin\types\AnyTypeKt$toArgsArray$$inlined$toAnyType$10.class
Sources:
D:\aarambh\frontend\node_modules\expo-modules-core\android\src\main\java\expo\modules\kotlin\types\AnyType.kt
2026-08-14 11:39:19.012 [daemon] INFO: Message: output: output:
D:\aarambh\frontend\node_modules\expo-modules-core\android\build\tmp\kotlin-classes\release\expo\modules\kotlin\classcomponent\ClassComponentBuilder$Constructor$$inlined$toArgsArray$default$7.class
Sources:
D:\aarambh\frontend\node_modules\expo-modules-core\android\src\main\java\expo\modules\kotlin\classcomponent\ClassComponentBuilder.kt
2026-08-14 11:39:19.012 [daemon] INFO: Message: output: output:
D:\aarambh\frontend\node_modules\expo-modules-core\android\build\tmp\kotlin-classes\release\expo\modules\kotlin\classcomponent\ClassComponentBuilder$Constructor$$inlined$toArgsArray$default$8.class
Sources:
D:\aarambh\frontend\node_modules\expo-modules-core\android\src\main\java\expo\modules\kotlin\classcomponent\ClassComponentBuilder.kt
2026-08-14 11:39:19.013 [daemon] INFO: Message: output: output:
D:\aarambh\frontend\node_modules\expo-modules-core\android\build\tmp\kotlin-classes\release\expo\modules\kotlin\classcomponent\ClassComponentBuilder$Constructor$$inlined$toArgsArray$default$9.class
Sources:
D:\aarambh\frontend\node_modules\expo-modules-core\android\src\main\java\expo\modules\kotlin\classcomponent\ClassComponentBuilder.kt
2026-08-14 11:39:19.014 [daemon] INFO: Message: output: output:
D:\aarambh\frontend\node_modules\expo-modules-core\android\build\tmp\kotlin-classes\release\expo\modules\kotlin\classcomponent\ClassComponentBuilder$Constructor$$inlined$toArgsArray$default$10.class
Sources:
D:\aarambh\frontend\node_modules\expo-modules-core\android\src\main\java\expo\modules\kotlin\classcomponent\ClassComponentBuilder.kt
2026-08-14 11:39:19.015 [daemon] INFO: Message: output: output:
D:\aarambh\frontend\node_modules\expo-modules-core\android\build\tmp\kotlin-classes\release\expo\modules\kotlin\classcomponent\ClassComponentBuilder$Constructor$9.class
Sources:
D:\aarambh\frontend\node_modules\expo-modules-core\android\src\main\java\expo\modules\kotlin\classcomponent\ClassComponentBuilder.kt
2026-08-14 11:39:19.015 [daemon] INFO: Message: output: output:
D:\aarambh\frontend\node_modules\expo-modules-core\android\build\tmp\kotlin-classes\release\expo\modules\kotlin\types\AnyTypeKt$toArgsArray$$inlined$toAnyType$11.class
Sources:
D:\aarambh\frontend\node_modules\expo-modules-core\android\src\main\java\expo\modules\kotlin\types\AnyType.kt
2026-08-14 11:39:19.015 [daemon] INFO: Message: output: output:
D:\aarambh\frontend\node_modules\expo-modules-core\android\build\tmp\kotlin-classes\release\expo\modules\kotlin\types\AnyTypeKt$toArgsArray$$inlined$toAnyType$12.class
Sources:
D:\aarambh\frontend\node_modules\expo-modules-core\android\src\main\java\expo\modules\kotlin\types\AnyType.kt
2026-08-14 11:39:19.016 [daemon] INFO: Message: output: output:
D:\aarambh\frontend\node_modules\expo-modules-core\android\build\tmp\kotlin-classes\release\expo\modules\kotlin\types\AnyTypeKt$toArgsArray$$inlined$toAnyType$13.class
Sources:
D:\aarambh\frontend\node_modules\expo-modules-core\android\src\main\java\expo\modules\kotlin\types\AnyType.kt
2026-08-14 11:39:19.016 [daemon] INFO: Message: output: output:
D:\aarambh\frontend\node_modules\expo-modules-core\android\build\tmp\kotlin-classes\release\expo\modules\kotlin\types\AnyTypeKt$toArgsArray$$inlined$toAnyType$14.class
Sources:
D:\aarambh\frontend\node_modules\expo-modules-core\android\src\main\java\expo\modules\kotlin\types\AnyType.kt
2026-08-14 11:39:19.017 [daemon] INFO: Message: output: output:
D:\aarambh\frontend\node_modules\expo-modules-core\android\build\tmp\kotlin-classes\release\expo\modules\kotlin\types\AnyTypeKt$toArgsArray$$inlined$toAnyType$15.class
Sources:
D:\aarambh\frontend\node_modules\expo-modules-core\android\src\main\java\expo\modules\kotlin\types\AnyType.kt
2026-08-14 11:39:19.017 [daemon] INFO: Message: output: output:
D:\aarambh\frontend\node_modules\expo-modules-core\android\build\tmp\kotlin-classes\release\expo\modules\kotlin\classcomponent\ClassComponentBuilder$Constructor$$inlined$toArgsArray$default$11.class
Sources:
D:\aarambh\frontend\node_modules\expo-modules-core\android\src\main\java\expo\modules\kotlin\classcomponent\ClassComponentBuilder.kt
2026-08-14 11:39:19.018 [daemon] INFO: Message: output: output:
D:\aarambh\frontend\node_modules\expo-modules-core\android\build\tmp\kotlin-classes\release\expo\modules\kotlin\classcomponent\ClassComponentBuilder$Constructor$$inlined$toArgsArray$default$12.class
Sources:
D:\aarambh\frontend\node_modules\expo-modules-core\android\src\main\java\expo\modules\kotlin\classcomponent\ClassComponentBuilder.kt
2026-08-14 11:39:19.018 [daemon] INFO: Message: output: output:
D:\aarambh\frontend\node_modules\expo-modules-core\android\build\tmp\kotlin-classes\release\expo\modules\kotlin\classcomponent\ClassComponentBuilder$Constructor$$inlined$toArgsArray$default$13.class
Sources:
D:\aarambh\frontend\node_modules\expo-modules-core\android\src\main\java\expo\modules\kotlin\classcomponent\ClassComponentBuilder.kt
2026-08-14 11:39:19.019 [daemon] INFO: Message: output: output:
D:\aarambh\frontend\node_modules\expo-modules-core\android\build\tmp\kotlin-classes\release\expo\modules\kotlin\classcomponent\ClassComponentBuilder$Constructor$$inlined$toArgsArray$default$14.class
Sources:
D:\aarambh\frontend\node_modules\expo-modules-core\android\src\main\java\expo\modules\kotlin\classcomponent\ClassComponentBuilder.kt
2026-08-14 11:39:19.021 [daemon] INFO: Message: output: output:
D:\aarambh\frontend\node_modules\expo-modules-core\android\build\tmp\kotlin-classes\release\expo\modules\kotlin\classcomponent\ClassComponentBuilder$Constructor$$inlined$toArgsArray$default$15.class
Sources:
D:\aarambh\frontend\node_modules\expo-modules-core\android\src\main\java\expo\modules\kotlin\classcomponent\ClassComponentBuilder.kt
2026-08-14 11:39:19.022 [daemon] INFO: Message: output: output:
D:\aarambh\frontend\node_modules\expo-modules-core\android\build\tmp\kotlin-classes\release\expo\modules\kotlin\classcomponent\ClassComponentBuilder$Constructor$11.class
Sources:
D:\aarambh\frontend\node_modules\expo-modules-core\android\src\main\java\expo\modules\kotlin\classcomponent\ClassComponentBuilder.kt
2026-08-14 11:39:19.023 [daemon] INFO: Message: output: output:
D:\aarambh\frontend\node_modules\expo-modules-core\android\build\tmp\kotlin-classes\release\expo\modules\kotlin\types\AnyTypeKt$toArgsArray$$inlined$toAnyType$16.class
Sources:
D:\aarambh\frontend\node_modules\expo-modules-core\android\src\main\java\expo\modules\kotlin\types\AnyType.kt
2026-08-14 11:39:19.025 [daemon] INFO: Message: output: output:
D:\aarambh\frontend\node_modules\expo-modules-core\android\build\tmp\kotlin-classes\release\expo\modules\kotlin\types\AnyTypeKt$toArgsArray$$inlined$toAnyType$17.class
Sources:
D:\aarambh\frontend\node_modules\expo-modules-core\android\src\main\java\expo\modules\kotlin\types\AnyType.kt
2026-08-14 11:39:19.025 [daemon] INFO: Message: output: output:
D:\aarambh\frontend\node_modules\expo-modules-core\android\build\tmp\kotlin-classes\release\expo\modules\kotlin\types\AnyTypeKt$toArgsArray$$inlined$toAnyType$18.class
Sources:
D:\aarambh\frontend\node_modules\expo-modules-core\android\src\main\java\expo\modules\kotlin\types\AnyType.kt
2026-08-14 11:39:19.026 [daemon] INFO: Message: output: output:
D:\aarambh\frontend\node_modules\expo-modules-core\android\build\tmp\kotlin-classes\release\expo\modules\kotlin\types\AnyTypeKt$toArgsArray$$inlined$toAnyType$19.class
Sources:
D:\aarambh\frontend\node_modules\expo-modules-core\android\src\main\java\expo\modules\kotlin\types\AnyType.kt
2026-08-14 11:39:19.026 [daemon] INFO: Message: output: output:
D:\aarambh\frontend\node_modules\expo-modules-core\android\build\tmp\kotlin-classes\release\expo\modules\kotlin\types\AnyTypeKt$toArgsArray$$inlined$toAnyType$20.class
Sources:
D:\aarambh\frontend\node_modules\expo-modules-core\android\src\main\java\expo\modules\kotlin\types\AnyType.kt
2026-08-14 11:39:19.027 [daemon] INFO: Message: output: output:
D:\aarambh\frontend\node_modules\expo-modules-core\android\build\tmp\kotlin-classes\release\expo\modules\kotlin\types\AnyTypeKt$toArgsArray$$inlined$toAnyType$21.class
Sources:
D:\aarambh\frontend\node_modules\expo-modules-core\android\src\main\java\expo\modules\kotlin\types\AnyType.kt
2026-08-14 11:39:19.028 [daemon] INFO: Message: output: output:
D:\aarambh\frontend\node_modules\expo-modules-core\android\build\tmp\kotlin-classes\release\expo\modules\kotlin\classcomponent\ClassComponentBuilder$Constructor$$inlined$toArgsArray$default$16.class
Sources:
D:\aarambh\frontend\node_modules\expo-modules-core\android\src\main\java\expo\modules\kotlin\classcomponent\ClassComponentBuilder.kt
2026-08-14 11:39:19.028 [daemon] INFO: Message: output: output:
D:\aarambh\frontend\node_modules\expo-modules-core\android\build\tmp\kotlin-classes\release\expo\modules\kotlin\classcomponent\ClassComponentBuilder$Constructor$$inlined$toArgsArray$default$17.class
Sources:
D:\aarambh\frontend\node_modules\expo-modules-core\android\src\main\java\expo\modules\kotlin\classcomponent\ClassComponentBuilder.kt
2026-08-14 11:39:19.029 [daemon] INFO: Message: output: output:
D:\aarambh\frontend\node_modules\expo-modules-core\android\build\tmp\kotlin-classes\release\expo\modules\kotlin\classcomponent\ClassComponentBuilder$Constructor$$inlined$toArgsArray$default$18.class
Sources:
D:\aarambh\frontend\node_modules\expo-modules-core\android\src\main\java\expo\modules\kotlin\classcomponent\ClassComponentBuilder.kt
2026-08-14 11:39:19.029 [daemon] INFO: Message: output: output:
D:\aarambh\frontend\node_modules\expo-modules-core\android\build\tmp\kotlin-classes\release\expo\modules\kotlin\classcomponent\ClassComponentBuilder$Constructor$$inlined$toArgsArray$default$19.class
Sources:
D:\aarambh\frontend\node_modules\expo-modules-core\android\src\main\java\expo\modules\kotlin\classcomponent\ClassComponentBuilder.kt
2026-08-14 11:39:19.030 [daemon] INFO: Message: output: output:
D:\aarambh\frontend\node_modules\expo-modules-core\android\build\tmp\kotlin-classes\release\expo\modules\kotlin\classcomponent\ClassComponentBuilder$Constructor$$inlined$toArgsArray$default$20.class
Sources:
D:\aarambh\frontend\node_modules\expo-modules-core\android\src\main\java\expo\modules\kotlin\classcomponent\ClassComponentBuilder.kt
2026-08-14 11:39:19.030 [daemon] INFO: Message: output: output:
D:\aarambh\frontend\node_modules\expo-modules-core\android\build\tmp\kotlin-classes\release\expo\modules\kotlin\classcomponent\ClassComponentBuilder$Constructor$$inlined$toArgsArray$default$21.class
Sources:
D:\aarambh\frontend\node_modules\expo-modules-core\android\src\main\java\expo\modules\kotlin\classcomponent\ClassComponentBuilder.kt
2026-08-14 11:39:19.030 [daemon] INFO: Message: output: output:
D:\aarambh\frontend\node_modules\expo-modules-core\android\build\tmp\kotlin-classes\release\expo\modules\kotlin\classcomponent\ClassComponentBuilder$Constructor$13.class
Sources:
D:\aarambh\frontend\node_modules\expo-modules-core\android\src\main\java\expo\modules\kotlin\classcomponent\ClassComponentBuilder.kt
2026-08-14 11:39:19.031 [daemon] INFO: Message: output: output:
D:\aarambh\frontend\node_modules\expo-modules-core\android\build\tmp\kotlin-classes\release\expo\modules\kotlin\types\AnyTypeKt$toArgsArray$$inlined$toAnyType$22.class
Sources:
D:\aarambh\frontend\node_modules\expo-modules-core\android\src\main\java\expo\modules\kotlin\types\AnyType.kt
2026-08-14 11:39:19.031 [daemon] INFO: Message: output: output:
D:\aarambh\frontend\node_modules\expo-modules-core\android\build\tmp\kotlin-classes\release\expo\modules\kotlin\types\AnyTypeKt$toArgsArray$$inlined$toAnyType$23.class
Sources:
D:\aarambh\frontend\node_modules\expo-modules-core\android\src\main\java\expo\modules\kotlin\types\AnyType.kt
2026-08-14 11:39:19.031 [daemon] INFO: Message: output: output:
D:\aarambh\frontend\node_modules\expo-modules-core\android\build\tmp\kotlin-classes\release\expo\modules\kotlin\types\AnyTypeKt$toArgsArray$$inlined$toAnyType$24.class
Sources:
D:\aarambh\frontend\node_modules\expo-modules-core\android\src\main\java\expo\modules\kotlin\types\AnyType.kt
2026-08-14 11:39:19.032 [daemon] INFO: Message: output: output:
D:\aarambh\frontend\node_modules\expo-modules-core\android\build\tmp\kotlin-classes\release\expo\modules\kotlin\types\AnyTypeKt$toArgsArray$$inlined$toAnyType$25.class
Sources:
D:\aarambh\frontend\node_modules\expo-modules-core\android\src\main\java\expo\modules\kotlin\types\AnyType.kt
2026-08-14 11:39:19.032 [daemon] INFO: Message: output: output:
D:\aarambh\frontend\node_modules\expo-modules-core\android\build\tmp\kotlin-classes\release\expo\modules\kotlin\types\AnyTypeKt$toArgsArray$$inlined$toAnyType$26.class
Sources:
D:\aarambh\frontend\node_modules\expo-modules-core\android\src\main\java\expo\modules\kotlin\types\AnyType.kt
2026-08-14 11:39:19.032 [daemon] INFO: Message: output: output:
D:\aarambh\frontend\node_modules\expo-modules-core\android\build\tmp\kotlin-classes\release\expo\modules\kotlin\types\AnyTypeKt$toArgsArray$$inlined$toAnyType$27.class
Sources:
D:\aarambh\frontend\node_modules\expo-modules-core\android\src\main\java\expo\modules\kotlin\types\AnyType.kt
2026-08-14 11:39:19.043 [daemon] INFO: Message: output: output:
D:\aarambh\frontend\node_modules\expo-modules-core\android\build\tmp\kotlin-classes\release\expo\modules\kotlin\types\AnyTypeKt$toArgsArray$$inlined$toAnyType$28.class
Sources:
D:\aarambh\frontend\node_modules\expo-modules-core\android\src\main\java\expo\modules\kotlin\types\AnyType.kt
2026-08-14 11:39:19.044 [daemon] INFO: Message: output: output:
D:\aarambh\frontend\node_modules\expo-modules-core\android\build\tmp\kotlin-classes\release\expo\modules\kotlin\classcomponent\ClassComponentBuilder$Constructor$$inlined$toArgsArray$default$22.class
Sources:
D:\aarambh\frontend\node_modules\expo-modules-core\android\src\main\java\expo\modules\kotlin\classcomponent\ClassComponentBuilder.kt
2026-08-14 11:39:19.045 [daemon] INFO: Message: output: output:
D:\aarambh\frontend\node_modules\expo-modules-core\android\build\tmp\kotlin-classes\release\expo\modules\kotlin\classcomponent\ClassComponentBuilder$Constructor$$inlined$toArgsArray$default$23.class
Sources:
D:\aarambh\frontend\node_modules\expo-modules-core\android\src\main\java\expo\modules\kotlin\classcomponent\ClassComponentBuilder.kt
2026-08-14 11:39:19.045 [daemon] INFO: Message: output: output:
D:\aarambh\frontend\node_modules\expo-modules-core\android\build\tmp\kotlin-classes\release\expo\modules\kotlin\classcomponent\ClassComponentBuilder$Constructor$$inlined$toArgsArray$default$24.class
Sources:
D:\aarambh\frontend\node_modules\expo-modules-core\android\src\main\java\expo\modules\kotlin\classcomponent\ClassComponentBuilder.kt
2026-08-14 11:39:19.045 [daemon] INFO: Message: output: output:
D:\aarambh\frontend\node_modules\expo-modules-core\android\build\tmp\kotlin-classes\release\expo\modules\kotlin\classcomponent\ClassComponentBuilder$Constructor$$inlined$toArgsArray$default$25.class
Sources:
D:\aarambh\frontend\node_modules\expo-modules-core\android\src\main\java\expo\modules\kotlin\classcomponent\ClassComponentBuilder.kt
2026-08-14 11:39:19.046 [daemon] INFO: Message: output: output:
D:\aarambh\frontend\node_modules\expo-modules-core\android\build\tmp\kotlin-classes\release\expo\modules\kotlin\classcomponent\ClassComponentBuilder$Constructor$$inlined$toArgsArray$default$26.class
Sources:
D:\aarambh\frontend\node_modules\expo-modules-core\android\src\main\java\expo\modules\kotlin\classcomponent\ClassComponentBuilder.kt
2026-08-14 11:39:19.046 [daemon] INFO: Message: output: output:
D:\aarambh\frontend\node_modules\expo-modules-core\android\build\tmp\kotlin-classes\release\expo\modules\kotlin\classcomponent\ClassComponentBuilder$Constructor$$inlined$toArgsArray$default$27.class
Sources:
D:\aarambh\frontend\node_modules\expo-modules-core\android\src\main\java\expo\modules\kotlin\classcomponent\ClassComponentBuilder.kt
2026-08-14 11:39:19.046 [daemon] INFO: Message: output: output:
D:\aarambh\frontend\node_modules\expo-modules-core\android\build\tmp\kotlin-classes\release\expo\modules\kotlin\classcomponent\ClassComponentBuilder$Constructor$$inlined$toArgsArray$default$28.class
Sources:
D:\aarambh\frontend\node_modules\expo-modules-core\android\src\main\java\expo\modules\kotlin\classcomponent\ClassComponentBuilder.kt
2026-08-14 11:39:19.047 [daemon] INFO: Message: output: output:
D:\aarambh\frontend\node_modules\expo-modules-core\android\build\tmp\kotlin-classes\release\expo\modules\kotlin\classcomponent\ClassComponentBuilder$Constructor$15.class
Sources:
D:\aarambh\frontend\node_modules\expo-modules-core\android\src\main\java\expo\modules\kotlin\classcomponent\ClassComponentBuilder.kt
2026-08-14 11:39:19.047 [daemon] INFO: Message: output: output:
D:\aarambh\frontend\node_modules\expo-modules-core\android\build\tmp\kotlin-classes\release\expo\modules\kotlin\types\AnyTypeKt$toArgsArray$$inlined$toAnyType$29.class
Sources:
D:\aarambh\frontend\node_modules\expo-modules-core\android\src\main\java\expo\modules\kotlin\types\AnyType.kt
2026-08-14 11:39:19.047 [daemon] INFO: Message: output: output:
D:\aarambh\frontend\node_modules\expo-modules-core\android\build\tmp\kotlin-classes\release\expo\modules\kotlin\types\AnyTypeKt$toArgsArray$$inlined$toAnyType$30.class
Sources:
D:\aarambh\frontend\node_modules\expo-modules-core\android\src\main\java\expo\modules\kotlin\types\AnyType.kt
2026-08-14 11:39:19.048 [daemon] INFO: Message: output: output:
D:\aarambh\frontend\node_modules\expo-modules-core\android\build\tmp\kotlin-classes\release\expo\modules\kotlin\types\AnyTypeKt$toArgsArray$$inlined$toAnyType$31.class
Sources:
D:\aarambh\frontend\node_modules\expo-modules-core\android\src\main\java\expo\modules\kotlin\types\AnyType.kt
2026-08-14 11:39:19.048 [daemon] INFO: Message: output: output:
D:\aarambh\frontend\node_modules\expo-modules-core\android\build\tmp\kotlin-classes\release\expo\modules\kotlin\types\AnyTypeKt$toArgsArray$$inlined$toAnyType$32.class
Sources:
D:\aarambh\frontend\node_modules\expo-modules-core\android\src\main\java\expo\modules\kotlin\types\AnyType.kt
2026-08-14 11:39:19.048 [daemon] INFO: Message: output: output:
D:\aarambh\frontend\node_modules\expo-modules-core\android\build\tmp\kotlin-classes\release\expo\modules\kotlin\types\AnyTypeKt$toArgsArray$$inlined$toAnyType$33.class
Sources:
D:\aarambh\frontend\node_modules\expo-modules-core\android\src\main\java\expo\modules\kotlin\types\AnyType.kt
2026-08-14 11:39:19.049 [daemon] INFO: Message: output: output:
D:\aarambh\frontend\node_modules\expo-modules-core\android\build\tmp\kotlin-classes\release\expo\modules\kotlin\types\AnyTypeKt$toArgsArray$$inlined$toAnyType$34.class
Sources:
D:\aarambh\frontend\node_modules\expo-modules-core\android\src\main\java\expo\modules\kotlin\types\AnyType.kt
2026-08-14 11:39:19.049 [daemon] INFO: Message: output: output:
D:\aarambh\frontend\node_modules\expo-modules-core\android\build\tmp\kotlin-classes\release\expo\modules\kotlin\types\AnyTypeKt$toArgsArray$$inlined$toAnyType$35.class
Sources:
D:\aarambh\frontend\node_modules\expo-modules-core\android\src\main\java\expo\modules\kotlin\types\AnyType.kt
2026-08-14 11:39:19.049 [daemon] INFO: Message: output: output:
D:\aarambh\frontend\node_modules\expo-modules-core\android\build\tmp\kotlin-classes\release\expo\modules\kotlin\types\AnyTypeKt$toArgsArray$$inlined$toAnyType$36.class
Sources:
D:\aarambh\frontend\node_modules\expo-modules-core\android\src\main\java\expo\modules\kotlin\types\AnyType.kt
2026-08-14 11:39:19.050 [daemon] INFO: Message: output: output:
D:\aarambh\frontend\node_modules\expo-modules-core\android\build\tmp\kotlin-classes\release\expo\modules\kotlin\classcomponent\ClassComponentBuilder$Constructor$$inlined$toArgsArray$default$29.class
Sources:
D:\aarambh\frontend\node_modules\expo-modules-core\android\src\main\java\expo\modules\kotlin\classcomponent\ClassComponentBuilder.kt
2026-08-14 11:39:19.050 [daemon] INFO: Message: output: output:
D:\aarambh\frontend\node_modules\expo-modules-core\android\build\tmp\kotlin-classes\release\expo\modules\kotlin\classcomponent\ClassComponentBuilder$Constructor$$inlined$toArgsArray$default$30.class
Sources:
D:\aarambh\frontend\node_modules\expo-modules-core\android\src\main\java\expo\modules\kotlin\classcomponent\ClassComponentBuilder.kt
2026-08-14 11:39:19.050 [daemon] INFO: Message: output: output:
D:\aarambh\frontend\node_modules\expo-modules-core\android\build\tmp\kotlin-classes\release\expo\modules\kotlin\classcomponent\ClassComponentBuilder$Constructor$$inlined$toArgsArray$default$31.class
Sources:
D:\aarambh\frontend\node_modules\expo-modules-core\android\src\main\java\expo\modules\kotlin\classcomponent\ClassComponentBuilder.kt
2026-08-14 11:39:19.051 [daemon] INFO: Message: output: output:
D:\aarambh\frontend\node_modules\expo-modules-core\android\build\tmp\kotlin-classes\release\expo\modules\kotlin\classcomponent\ClassComponentBuilder$Constructor$$inlined$toArgsArray$default$32.class
Sources:
D:\aarambh\frontend\node_modules\expo-modules-core\android\src\main\java\expo\modules\kotlin\classcomponent\ClassComponentBuilder.kt
2026-08-14 11:39:19.051 [daemon] INFO: Message: output: output:
D:\aarambh\frontend\node_modules\expo-modules-core\android\build\tmp\kotlin-classes\release\expo\modules\kotlin\classcomponent\ClassComponentBuilder$Constructor$$inlined$toArgsArray$default$33.class
Sources:
D:\aarambh\frontend\node_modules\expo-modules-core\android\src\main\java\expo\modules\kotlin\classcomponent\ClassComponentBuilder.kt
2026-08-14 11:39:19.052 [daemon] INFO: Message: output: output:
D:\aarambh\frontend\node_modules\expo-modules-core\android\build\tmp\kotlin-classes\release\expo\modules\kotlin\classcomponent\ClassComponentBuilder$Constructor$$inlined$toArgsArray$default$34.class
Sources:
D:\aarambh\frontend\node_modules\expo-modules-core\android\src\main\java\expo\modules\kotlin\classcomponent\ClassComponentBuilder.kt
2026-08-14 11:39:19.055 [daemon] INFO: Message: output: output:
D:\aarambh\frontend\node_modules\expo-modules-core\android\build\tmp\kotlin-classes\release\expo\modules\kotlin\classcomponent\ClassComponentBuilder$Constructor$$inlined$toArgsArray$default$35.class
Sources:
D:\aarambh\frontend\node_modules\expo-modules-core\android\src\main\java\expo\modules\kotlin\classcomponent\ClassComponentBuilder.kt
2026-08-14 11:39:19.055 [daemon] INFO: Message: output: output:
D:\aarambh\frontend\node_modules\expo-modules-core\android\build\tmp\kotlin-classes\release\expo\modules\kotlin\classcomponent\ClassComponentBuilder$Constructor$$inlined$toArgsArray$default$36.class
Sources:
D:\aarambh\frontend\node_modules\expo-modules-core\android\src\main\java\expo\modules\kotlin\classcomponent\ClassComponentBuilder.kt
2026-08-14 11:39:19.056 [daemon] INFO: Message: output: output:
D:\aarambh\frontend\node_modules\expo-modules-core\android\build\tmp\kotlin-classes\release\expo\modules\kotlin\classcomponent\ClassComponentBuilder$Constructor$17.class
Sources:
D:\aarambh\frontend\node_modules\expo-modules-core\android\src\main\java\expo\modules\kotlin\classcomponent\ClassComponentBuilder.kt
2026-08-14 11:39:19.056 [daemon] INFO: Message: output: output:
D:\aarambh\frontend\node_modules\expo-modules-core\android\build\tmp\kotlin-classes\release\expo\modules\kotlin\objects\PropertyComponentBuilderWithThis.class
Sources:
D:\aarambh\frontend\node_modules\expo-modules-core\android\src\main\java\expo\modules\kotlin\objects\PropertyComponentBuilder.kt
2026-08-14 11:39:19.057 [daemon] INFO: Message: output: output:
D:\aarambh\frontend\node_modules\expo-modules-core\android\build\tmp\kotlin-classes\release\expo\modules\kotlin\objects\PropertyComponentBuilderWithThis$get$1$1.class
Sources:
D:\aarambh\frontend\node_modules\expo-modules-core\android\src\main\java\expo\modules\kotlin\objects\PropertyComponentBuilder.kt
2026-08-14 11:39:19.057 [daemon] INFO: Message: output: output:
D:\aarambh\frontend\node_modules\expo-modules-core\android\build\tmp\kotlin-classes\release\expo\modules\kotlin\classcomponent\ClassDefinitionData.class
Sources:
D:\aarambh\frontend\node_modules\expo-modules-core\android\src\main\java\expo\modules\kotlin\classcomponent\ClassDefinitionData.kt
2026-08-14 11:39:19.058 [daemon] INFO: Message: output: output:
D:\aarambh\frontend\node_modules\expo-modules-core\android\build\tmp\kotlin-classes\release\expo\modules\kotlin\defaultmodules\AppDirectoriesModule.class
Sources:
D:\aarambh\frontend\node_modules\expo-modules-core\android\src\main\java\expo\modules\kotlin\defaultmodules\AppDirectoriesModule.kt
2026-08-14 11:39:19.059 [daemon] INFO: Message: output: output:
D:\aarambh\frontend\node_modules\expo-modules-core\android\build\tmp\kotlin-classes\release\expo\modules\kotlin\defaultmodules\CoreModule.class
Sources:
D:\aarambh\frontend\node_modules\expo-modules-core\android\src\main\java\expo\modules\kotlin\defaultmodules\CoreModule.kt
2026-08-14 11:39:19.059 [daemon] INFO: Message: output: output:
D:\aarambh\frontend\node_modules\expo-modules-core\android\build\tmp\kotlin-classes\release\expo\modules\kotlin\objects\ObjectDefinitionBuilder.class
Sources:
D:\aarambh\frontend\node_modules\expo-modules-core\android\src\main\java\expo\modules\kotlin\objects\ObjectDefinitionBuilder.kt
2026-08-14 11:39:19.061 [daemon] INFO: Message: output: output:
D:\aarambh\frontend\node_modules\expo-modules-core\android\build\tmp\kotlin-classes\release\expo\modules\kotlin\objects\PropertyComponentBuilder.class
Sources:
D:\aarambh\frontend\node_modules\expo-modules-core\android\src\main\java\expo\modules\kotlin\objects\PropertyComponentBuilder.kt
2026-08-14 11:39:19.061 [daemon] INFO: Message: output: output:
D:\aarambh\frontend\node_modules\expo-modules-core\android\build\tmp\kotlin-classes\release\expo\modules\kotlin\objects\PropertyComponentBuilder$get$1$1.class
Sources:
D:\aarambh\frontend\node_modules\expo-modules-core\android\src\main\java\expo\modules\kotlin\objects\PropertyComponentBuilder.kt
2026-08-14 11:39:19.062 [daemon] INFO: Message: output: output:
D:\aarambh\frontend\node_modules\expo-modules-core\android\build\tmp\kotlin-classes\release\expo\modules\kotlin\defaultmodules\CoreModule$definition$lambda$10$$inlined$Property$1.class
Sources:
D:\aarambh\frontend\node_modules\expo-modules-core\android\src\main\java\expo\modules\kotlin\defaultmodules\CoreModule.kt
2026-08-14 11:39:19.062 [daemon] INFO: Message: output: output:
D:\aarambh\frontend\node_modules\expo-modules-core\android\build\tmp\kotlin-classes\release\expo\modules\kotlin\defaultmodules\CoreModule$definition$lambda$10$$inlined$Property$2.class
Sources:
D:\aarambh\frontend\node_modules\expo-modules-core\android\src\main\java\expo\modules\kotlin\defaultmodules\CoreModule.kt
2026-08-14 11:39:19.062 [daemon] INFO: Message: output: output:
D:\aarambh\frontend\node_modules\expo-modules-core\android\build\tmp\kotlin-classes\release\expo\modules\kotlin\defaultmodules\CoreModule$definition$lambda$10$$inlined$Property$3.class
Sources:
D:\aarambh\frontend\node_modules\expo-modules-core\android\src\main\java\expo\modules\kotlin\defaultmodules\CoreModule.kt
2026-08-14 11:39:19.063 [daemon] INFO: Message: output: output:
D:\aarambh\frontend\node_modules\expo-modules-core\android\build\tmp\kotlin-classes\release\expo\modules\kotlin\objects\ObjectDefinitionBuilder$Function$2.class
Sources:
D:\aarambh\frontend\node_modules\expo-modules-core\android\src\main\java\expo\modules\kotlin\objects\ObjectDefinitionBuilder.kt
2026-08-14 11:39:19.063 [daemon] INFO: Message: output: output:
D:\aarambh\frontend\node_modules\expo-modules-core\android\build\tmp\kotlin-classes\release\expo\modules\kotlin\defaultmodules\CoreModule$definition$lambda$10$$inlined$FunctionWithoutArgs$1.class
Sources:
D:\aarambh\frontend\node_modules\expo-modules-core\android\src\main\java\expo\modules\kotlin\defaultmodules\CoreModule.kt
2026-08-14 11:39:19.064 [daemon] INFO: Message: output: output:
D:\aarambh\frontend\node_modules\expo-modules-core\android\build\tmp\kotlin-classes\release\expo\modules\kotlin\objects\ObjectDefinitionBuilder$Function$$inlined$toArgsArray$default$1.class
Sources:
D:\aarambh\frontend\node_modules\expo-modules-core\android\src\main\java\expo\modules\kotlin\objects\ObjectDefinitionBuilder.kt
2026-08-14 11:39:19.064 [daemon] INFO: Message: output: output:
D:\aarambh\frontend\node_modules\expo-modules-core\android\build\tmp\kotlin-classes\release\expo\modules\kotlin\objects\ObjectDefinitionBuilder$Function$$inlined$toArgsArray$default$2.class
Sources:
D:\aarambh\frontend\node_modules\expo-modules-core\android\src\main\java\expo\modules\kotlin\objects\ObjectDefinitionBuilder.kt
2026-08-14 11:39:19.065 [daemon] INFO: Message: output: output:
D:\aarambh\frontend\node_modules\expo-modules-core\android\build\tmp\kotlin-classes\release\expo\modules\kotlin\objects\ObjectDefinitionBuilder$Function$8.class
Sources:
D:\aarambh\frontend\node_modules\expo-modules-core\android\src\main\java\expo\modules\kotlin\objects\ObjectDefinitionBuilder.kt
2026-08-14 11:39:19.065 [daemon] INFO: Message: output: output:
D:\aarambh\frontend\node_modules\expo-modules-core\android\build\tmp\kotlin-classes\release\expo\modules\kotlin\defaultmodules\CoreModule$definition$lambda$10$$inlined$Function$1.class
Sources:
D:\aarambh\frontend\node_modules\expo-modules-core\android\src\main\java\expo\modules\kotlin\defaultmodules\CoreModule.kt
2026-08-14 11:39:19.066 [daemon] INFO: Message: output: output:
D:\aarambh\frontend\node_modules\expo-modules-core\android\build\tmp\kotlin-classes\release\expo\modules\kotlin\defaultmodules\CoreModule$definition$lambda$10$$inlined$Function$2.class
Sources:
D:\aarambh\frontend\node_modules\expo-modules-core\android\src\main\java\expo\modules\kotlin\defaultmodules\CoreModule.kt
2026-08-14 11:39:19.067 [daemon] INFO: Message: output: output:
D:\aarambh\frontend\node_modules\expo-modules-core\android\build\tmp\kotlin-classes\release\expo\modules\kotlin\defaultmodules\CoreModule$definition$lambda$10$$inlined$Function$3.class
Sources:
D:\aarambh\frontend\node_modules\expo-modules-core\android\src\main\java\expo\modules\kotlin\defaultmodules\CoreModule.kt
2026-08-14 11:39:19.068 [daemon] INFO: Message: output: output:
D:\aarambh\frontend\node_modules\expo-modules-core\android\build\tmp\kotlin-classes\release\expo\modules\kotlin\defaultmodules\CoreModule$definition$lambda$10$$inlined$Function$4.class
Sources:
D:\aarambh\frontend\node_modules\expo-modules-core\android\src\main\java\expo\modules\kotlin\defaultmodules\CoreModule.kt
2026-08-14 11:39:19.068 [daemon] INFO: Message: output: output:
D:\aarambh\frontend\node_modules\expo-modules-core\android\build\tmp\kotlin-classes\release\expo\modules\kotlin\defaultmodules\CoreModule$definition$lambda$10$$inlined$Function$5.class
Sources:
D:\aarambh\frontend\node_modules\expo-modules-core\android\src\main\java\expo\modules\kotlin\defaultmodules\CoreModule.kt
2026-08-14 11:39:19.070 [daemon] INFO: Message: output: output:
D:\aarambh\frontend\node_modules\expo-modules-core\android\build\tmp\kotlin-classes\release\expo\modules\kotlin\defaultmodules\CoreModule$definition$lambda$10$$inlined$Function$6.class
Sources:
D:\aarambh\frontend\node_modules\expo-modules-core\android\src\main\java\expo\modules\kotlin\defaultmodules\CoreModule.kt
2026-08-14 11:39:19.071 [daemon] INFO: Message: output: output:
D:\aarambh\frontend\node_modules\expo-modules-core\android\build\tmp\kotlin-classes\release\expo\modules\kotlin\objects\ObjectDefinitionBuilder$AsyncFunction$5.class
Sources:
D:\aarambh\frontend\node_modules\expo-modules-core\android\src\main\java\expo\modules\kotlin\objects\ObjectDefinitionBuilder.kt
2026-08-14 11:39:19.071 [daemon] INFO: Message: output: output:
D:\aarambh\frontend\node_modules\expo-modules-core\android\build\tmp\kotlin-classes\release\expo\modules\kotlin\objects\ObjectDefinitionBuilder$AsyncFunction$$inlined$toArgsArray$default$1.class
Sources:
D:\aarambh\frontend\node_modules\expo-modules-core\android\src\main\java\expo\modules\kotlin\objects\ObjectDefinitionBuilder.kt
2026-08-14 11:39:19.071 [daemon] INFO: Message: output: output:
D:\aarambh\frontend\node_modules\expo-modules-core\android\build\tmp\kotlin-classes\release\expo\modules\kotlin\objects\ObjectDefinitionBuilder$AsyncFunction$6.class
Sources:
D:\aarambh\frontend\node_modules\expo-modules-core\android\src\main\java\expo\modules\kotlin\objects\ObjectDefinitionBuilder.kt
2026-08-14 11:39:19.073 [daemon] INFO: Message: output: output:
D:\aarambh\frontend\node_modules\expo-modules-core\android\build\tmp\kotlin-classes\release\expo\modules\kotlin\functions\UntypedAsyncFunctionComponentKt.class
Sources:
D:\aarambh\frontend\node_modules\expo-modules-core\android\src\main\java\expo\modules\kotlin\functions\UntypedAsyncFunctionComponent.kt
2026-08-14 11:39:19.073 [daemon] INFO: Message: output: output:
D:\aarambh\frontend\node_modules\expo-modules-core\android\build\tmp\kotlin-classes\release\expo\modules\kotlin\defaultmodules\CoreModule$definition$lambda$10$$inlined$AsyncFunction$1.class
Sources:
D:\aarambh\frontend\node_modules\expo-modules-core\android\src\main\java\expo\modules\kotlin\defaultmodules\CoreModule.kt
2026-08-14 11:39:19.074 [daemon] INFO: Message: output: output:
D:\aarambh\frontend\node_modules\expo-modules-core\android\build\tmp\kotlin-classes\release\expo\modules\kotlin\defaultmodules\CoreModule$definition$lambda$10$$inlined$AsyncFunction$2.class
Sources:
D:\aarambh\frontend\node_modules\expo-modules-core\android\src\main\java\expo\modules\kotlin\defaultmodules\CoreModule.kt
2026-08-14 11:39:19.074 [daemon] INFO: Message: output: output:
D:\aarambh\frontend\node_modules\expo-modules-core\android\build\tmp\kotlin-classes\release\expo\modules\kotlin\defaultmodules\CoreModule$definition$lambda$10$$inlined$AsyncFunction$3.class
Sources:
D:\aarambh\frontend\node_modules\expo-modules-core\android\src\main\java\expo\modules\kotlin\defaultmodules\CoreModule.kt
2026-08-14 11:39:19.075 [daemon] INFO: Message: output: output:
D:\aarambh\frontend\node_modules\expo-modules-core\android\build\tmp\kotlin-classes\release\expo\modules\kotlin\modules\ModuleKt.class
Sources:
D:\aarambh\frontend\node_modules\expo-modules-core\android\src\main\java\expo\modules\kotlin\modules\Module.kt
2026-08-14 11:39:19.075 [daemon] INFO: Message: output: output:
D:\aarambh\frontend\node_modules\expo-modules-core\android\build\tmp\kotlin-classes\release\expo\modules\kotlin\defaultmodules\FilePermissionModule.class
Sources:
D:\aarambh\frontend\node_modules\expo-modules-core\android\src\main\java\expo\modules\kotlin\defaultmodules\FilePermissionModule.kt
2026-08-14 11:39:19.075 [daemon] INFO: Message: output: output:
D:\aarambh\frontend\node_modules\expo-modules-core\android\build\tmp\kotlin-classes\release\expo\modules\kotlin\defaultmodules\JSLoggerModule.class
Sources:
D:\aarambh\frontend\node_modules\expo-modules-core\android\src\main\java\expo\modules\kotlin\defaultmodules\JSLoggerModule.kt
2026-08-14 11:39:19.076 [daemon] INFO: Message: output: output:
D:\aarambh\frontend\node_modules\expo-modules-core\android\build\tmp\kotlin-classes\release\expo\modules\kotlin\modules\InternalModuleDefinitionBuilder.class
Sources:
D:\aarambh\frontend\node_modules\expo-modules-core\android\src\main\java\expo\modules\kotlin\modules\ModuleDefinitionBuilder.kt
2026-08-14 11:39:19.076 [daemon] INFO: Message: output: output:
D:\aarambh\frontend\node_modules\expo-modules-core\android\build\tmp\kotlin-classes\release\expo\modules\kotlin\modules\InternalModuleDefinitionBuilder$OnCreate$1.class
Sources:
D:\aarambh\frontend\node_modules\expo-modules-core\android\src\main\java\expo\modules\kotlin\modules\ModuleDefinitionBuilder.kt
2026-08-14 11:39:19.077 [daemon] INFO: Message: output: output:
D:\aarambh\frontend\node_modules\expo-modules-core\android\build\tmp\kotlin-classes\release\expo\modules\kotlin\defaultmodules\JSLoggerModule$definition$lambda$1$$inlined$OnCreate$1.class
Sources:
D:\aarambh\frontend\node_modules\expo-modules-core\android\src\main\java\expo\modules\kotlin\defaultmodules\JSLoggerModule.kt
2026-08-14 11:39:19.077 [daemon] INFO: Message: output: output:
D:\aarambh\frontend\node_modules\expo-modules-core\android\build\tmp\kotlin-classes\release\expo\modules\kotlin\defaultmodules\JSLoggerModule$JSLogHandler.class
Sources:
D:\aarambh\frontend\node_modules\expo-modules-core\android\src\main\java\expo\modules\kotlin\defaultmodules\JSLoggerModule.kt
2026-08-14 11:39:19.077 [daemon] INFO: Message: output: output:
D:\aarambh\frontend\node_modules\expo-modules-core\android\build\tmp\kotlin-classes\release\expo\modules\kotlin\defaultmodules\JSLoggerModuleKt.class
Sources:
D:\aarambh\frontend\node_modules\expo-modules-core\android\src\main\java\expo\modules\kotlin\defaultmodules\JSLoggerModule.kt
2026-08-14 11:39:19.078 [daemon] INFO: Message: output: output:
D:\aarambh\frontend\node_modules\expo-modules-core\android\build\tmp\kotlin-classes\release\expo\modules\kotlin\defaultmodules\JSLoggerModuleKt$WhenMappings.class
Sources:
D:\aarambh\frontend\node_modules\expo-modules-core\android\src\main\java\expo\modules\kotlin\defaultmodules\JSLoggerModule.kt
2026-08-14 11:39:19.079 [daemon] INFO: Message: output: output:
D:\aarambh\frontend\node_modules\expo-modules-core\android\build\tmp\kotlin-classes\release\expo\modules\kotlin\defaultmodules\NativeModulesProxyModule.class
Sources:
D:\aarambh\frontend\node_modules\expo-modules-core\android\src\main\java\expo\modules\kotlin\defaultmodules\NativeModulesProxyModule.kt
2026-08-14 11:39:19.079 [daemon] INFO: Message: output: output:
D:\aarambh\frontend\node_modules\expo-modules-core\android\build\tmp\kotlin-classes\release\expo\modules\kotlin\defaultmodules\NativeModulesProxyModule$definition$1$1.class
Sources:
D:\aarambh\frontend\node_modules\expo-modules-core\android\src\main\java\expo\modules\kotlin\defaultmodules\NativeModulesProxyModule.kt
2026-08-14 11:39:19.080 [daemon] INFO: Message: output: output:
D:\aarambh\frontend\node_modules\expo-modules-core\android\build\tmp\kotlin-classes\release\expo\modules\kotlin\objects\ObjectDefinitionBuilder$AsyncFunction$$inlined$toArgsArray$default$2.class
Sources:
D:\aarambh\frontend\node_modules\expo-modules-core\android\src\main\java\expo\modules\kotlin\objects\ObjectDefinitionBuilder.kt
2026-08-14 11:39:19.080 [daemon] INFO: Message: output: output:
D:\aarambh\frontend\node_modules\expo-modules-core\android\build\tmp\kotlin-classes\release\expo\modules\kotlin\objects\ObjectDefinitionBuilder$AsyncFunction$$inlined$toArgsArray$default$3.class
Sources:
D:\aarambh\frontend\node_modules\expo-modules-core\android\src\main\java\expo\modules\kotlin\objects\ObjectDefinitionBuilder.kt
2026-08-14 11:39:19.081 [daemon] INFO: Message: output: output:
D:\aarambh\frontend\node_modules\expo-modules-core\android\build\tmp\kotlin-classes\release\expo\modules\kotlin\objects\ObjectDefinitionBuilder$AsyncFunction$$inlined$toArgsArray$default$4.class
Sources:
D:\aarambh\frontend\node_modules\expo-modules-core\android\src\main\java\expo\modules\kotlin\objects\ObjectDefinitionBuilder.kt
2026-08-14 11:39:19.081 [daemon] INFO: Message: output: output:
D:\aarambh\frontend\node_modules\expo-modules-core\android\build\tmp\kotlin-classes\release\expo\modules\kotlin\objects\ObjectDefinitionBuilder$AsyncFunction$18.class
Sources:
D:\aarambh\frontend\node_modules\expo-modules-core\android\src\main\java\expo\modules\kotlin\objects\ObjectDefinitionBuilder.kt
2026-08-14 11:39:19.081 [daemon] INFO: Message: output: output:
D:\aarambh\frontend\node_modules\expo-modules-core\android\build\tmp\kotlin-classes\release\expo\modules\kotlin\defaultmodules\NativeModulesProxyModule$definition$lambda$1$$inlined$AsyncFunctionWithPromise$1.class
Sources:
D:\aarambh\frontend\node_modules\expo-modules-core\android\src\main\java\expo\modules\kotlin\defaultmodules\NativeModulesProxyModule.kt
2026-08-14 11:39:19.081 [daemon] INFO: Message: output: output:
D:\aarambh\frontend\node_modules\expo-modules-core\android\build\tmp\kotlin-classes\release\expo\modules\kotlin\defaultmodules\NativeModulesProxyModule$definition$lambda$1$$inlined$AsyncFunctionWithPromise$2.class
Sources:
D:\aarambh\frontend\node_modules\expo-modules-core\android\src\main\java\expo\modules\kotlin\defaultmodules\NativeModulesProxyModule.kt
2026-08-14 11:39:19.083 [daemon] INFO: Message: output: output:
D:\aarambh\frontend\node_modules\expo-modules-core\android\build\tmp\kotlin-classes\release\expo\modules\kotlin\defaultmodules\NativeModulesProxyModule$definition$lambda$1$$inlined$AsyncFunctionWithPromise$3.class
Sources:
D:\aarambh\frontend\node_modules\expo-modules-core\android\src\main\java\expo\modules\kotlin\defaultmodules\NativeModulesProxyModule.kt
2026-08-14 11:39:19.083 [daemon] INFO: Message: output: output:
D:\aarambh\frontend\node_modules\expo-modules-core\android\build\tmp\kotlin-classes\release\expo\modules\kotlin\defaultmodules\NativeModulesProxyModule$definition$lambda$1$$inlined$AsyncFunctionWithPromise$4.class
Sources:
D:\aarambh\frontend\node_modules\expo-modules-core\android\src\main\java\expo\modules\kotlin\defaultmodules\NativeModulesProxyModule.kt
2026-08-14 11:39:19.084 [daemon] INFO: Message: output: output:
D:\aarambh\frontend\node_modules\expo-modules-core\android\build\tmp\kotlin-classes\release\expo\modules\kotlin\defaultmodules\NativeModulesProxyModuleKt.class
Sources:
D:\aarambh\frontend\node_modules\expo-modules-core\android\src\main\java\expo\modules\kotlin\defaultmodules\NativeModulesProxyModule.kt
2026-08-14 11:39:19.092 [daemon] INFO: Message: output: output:
D:\aarambh\frontend\node_modules\expo-modules-core\android\build\tmp\kotlin-classes\release\expo\modules\kotlin\devtools\ExpoNetworkInspectOkHttpNetworkInterceptor.class
Sources:
D:\aarambh\frontend\node_modules\expo-modules-core\android\src\main\java\expo\modules\kotlin\devtools\ExpoNetworkInspectOkHttpInterceptors.kt
2026-08-14 11:39:19.092 [daemon] INFO: Message: output: output:
D:\aarambh\frontend\node_modules\expo-modules-core\android\build\tmp\kotlin-classes\release\expo\modules\kotlin\devtools\ExpoNetworkInspectOkHttpNetworkInterceptor$Companion.class
Sources:
D:\aarambh\frontend\node_modules\expo-modules-core\android\src\main\java\expo\modules\kotlin\devtools\ExpoNetworkInspectOkHttpInterceptors.kt
2026-08-14 11:39:19.093 [daemon] INFO: Message: output: output:
D:\aarambh\frontend\node_modules\expo-modules-core\android\build\tmp\kotlin-classes\release\expo\modules\kotlin\devtools\ExpoNetworkInspectOkHttpAppInterceptor.class
Sources:
D:\aarambh\frontend\node_modules\expo-modules-core\android\src\main\java\expo\modules\kotlin\devtools\ExpoNetworkInspectOkHttpInterceptors.kt
2026-08-14 11:39:19.093 [daemon] INFO: Message: output: output:
D:\aarambh\frontend\node_modules\expo-modules-core\android\build\tmp\kotlin-classes\release\expo\modules\kotlin\devtools\ExpoNetworkInspectOkHttpInterceptorsDelegate.class
Sources:
D:\aarambh\frontend\node_modules\expo-modules-core\android\src\main\java\expo\modules\kotlin\devtools\ExpoNetworkInspectOkHttpInterceptors.kt
2026-08-14 11:39:19.093 [daemon] INFO: Message: output: output:
D:\aarambh\frontend\node_modules\expo-modules-core\android\build\tmp\kotlin-classes\release\expo\modules\kotlin\devtools\RedirectResponse.class
Sources:
D:\aarambh\frontend\node_modules\expo-modules-core\android\src\main\java\expo\modules\kotlin\devtools\ExpoNetworkInspectOkHttpInterceptors.kt
2026-08-14 11:39:19.093 [daemon] INFO: Message: output: output:
D:\aarambh\frontend\node_modules\expo-modules-core\android\build\tmp\kotlin-classes\release\expo\modules\kotlin\devtools\ExpoNetworkInspectOkHttpInterceptorsKt.class
Sources:
D:\aarambh\frontend\node_modules\expo-modules-core\android\src\main\java\expo\modules\kotlin\devtools\ExpoNetworkInspectOkHttpInterceptors.kt
2026-08-14 11:39:19.094 [daemon] INFO: Message: output: output:
D:\aarambh\frontend\node_modules\expo-modules-core\android\build\tmp\kotlin-classes\release\expo\modules\kotlin\devtools\ExpoRequestCdpInterceptor.class
Sources:
D:\aarambh\frontend\node_modules\expo-modules-core\android\src\main\java\expo\modules\kotlin\devtools\ExpoRequestCdpInterceptor.kt
2026-08-14 11:39:19.094 [daemon] INFO: Message: output: output:
D:\aarambh\frontend\node_modules\expo-modules-core\android\build\tmp\kotlin-classes\release\expo\modules\kotlin\devtools\ExpoRequestCdpInterceptor$setDelegate$1.class
Sources:
D:\aarambh\frontend\node_modules\expo-modules-core\android\src\main\java\expo\modules\kotlin\devtools\ExpoRequestCdpInterceptor.kt
2026-08-14 11:39:19.094 [daemon] INFO: Message: output: output:
D:\aarambh\frontend\node_modules\expo-modules-core\android\build\tmp\kotlin-classes\release\expo\modules\kotlin\devtools\ExpoRequestCdpInterceptor$dispatchEvent$1.class
Sources:
D:\aarambh\frontend\node_modules\expo-modules-core\android\src\main\java\expo\modules\kotlin\devtools\ExpoRequestCdpInterceptor.kt
2026-08-14 11:39:19.095 [daemon] INFO: Message: output: output:
D:\aarambh\frontend\node_modules\expo-modules-core\android\build\tmp\kotlin-classes\release\expo\modules\kotlin\devtools\ExpoRequestCdpInterceptor$Delegate.class
Sources:
D:\aarambh\frontend\node_modules\expo-modules-core\android\src\main\java\expo\modules\kotlin\devtools\ExpoRequestCdpInterceptor.kt
2026-08-14 11:39:19.095 [daemon] INFO: Message: output: output:
D:\aarambh\frontend\node_modules\expo-modules-core\android\build\tmp\kotlin-classes\release\expo\modules\kotlin\devtools\OkHttpExtensionsKt.class
Sources:
D:\aarambh\frontend\node_modules\expo-modules-core\android\src\main\java\expo\modules\kotlin\devtools\OkHttpExtensions.kt
2026-08-14 11:39:19.095 [daemon] INFO: Message: output: output:
D:\aarambh\frontend\node_modules\expo-modules-core\android\build\tmp\kotlin-classes\release\expo\modules\kotlin\devtools\OkHttpExtensionsKt$await$2$responseCallback$1.class
Sources:
D:\aarambh\frontend\node_modules\expo-modules-core\android\src\main\java\expo\modules\kotlin\devtools\OkHttpExtensions.kt
2026-08-14 11:39:19.096 [daemon] INFO: Message: output: output:
D:\aarambh\frontend\node_modules\expo-modules-core\android\build\tmp\kotlin-classes\release\expo\modules\kotlin\devtools\cdp\ResourceType.class
Sources:
D:\aarambh\frontend\node_modules\expo-modules-core\android\src\main\java\expo\modules\kotlin\devtools\cdp\CdpNetworkTypes.kt
2026-08-14 11:39:19.096 [daemon] INFO: Message: output: output:
D:\aarambh\frontend\node_modules\expo-modules-core\android\build\tmp\kotlin-classes\release\expo\modules\kotlin\devtools\cdp\ResourceType$Companion.class
Sources:
D:\aarambh\frontend\node_modules\expo-modules-core\android\src\main\java\expo\modules\kotlin\devtools\cdp\CdpNetworkTypes.kt
2026-08-14 11:39:19.097 [daemon] INFO: Message: output: output:
D:\aarambh\frontend\node_modules\expo-modules-core\android\build\tmp\kotlin-classes\release\expo\modules\kotlin\devtools\cdp\JsonSerializable.class
Sources:
D:\aarambh\frontend\node_modules\expo-modules-core\android\src\main\java\expo\modules\kotlin\devtools\cdp\CdpNetworkTypes.kt
2026-08-14 11:39:19.097 [daemon] INFO: Message: output: output:
D:\aarambh\frontend\node_modules\expo-modules-core\android\build\tmp\kotlin-classes\release\expo\modules\kotlin\devtools\cdp\ConnectTiming.class
Sources:
D:\aarambh\frontend\node_modules\expo-modules-core\android\src\main\java\expo\modules\kotlin\devtools\cdp\CdpNetworkTypes.kt
2026-08-14 11:39:19.097 [daemon] INFO: Message: output: output:
D:\aarambh\frontend\node_modules\expo-modules-core\android\build\tmp\kotlin-classes\release\expo\modules\kotlin\devtools\cdp\Request.class
Sources:
D:\aarambh\frontend\node_modules\expo-modules-core\android\src\main\java\expo\modules\kotlin\devtools\cdp\CdpNetworkTypes.kt
2026-08-14 11:39:19.098 [daemon] INFO: Message: output: output:
D:\aarambh\frontend\node_modules\expo-modules-core\android\build\tmp\kotlin-classes\release\expo\modules\kotlin\devtools\cdp\Response.class
Sources:
D:\aarambh\frontend\node_modules\expo-modules-core\android\src\main\java\expo\modules\kotlin\devtools\cdp\CdpNetworkTypes.kt
2026-08-14 11:39:19.098 [daemon] INFO: Message: output: output:
D:\aarambh\frontend\node_modules\expo-modules-core\android\build\tmp\kotlin-classes\release\expo\modules\kotlin\devtools\cdp\RequestWillBeSentParams.class
Sources:
D:\aarambh\frontend\node_modules\expo-modules-core\android\src\main\java\expo\modules\kotlin\devtools\cdp\CdpNetworkTypes.kt
2026-08-14 11:39:19.098 [daemon] INFO: Message: output: output:
D:\aarambh\frontend\node_modules\expo-modules-core\android\build\tmp\kotlin-classes\release\expo\modules\kotlin\devtools\cdp\RequestWillBeSentExtraInfoParams.class
Sources:
D:\aarambh\frontend\node_modules\expo-modules-core\android\src\main\java\expo\modules\kotlin\devtools\cdp\CdpNetworkTypes.kt
2026-08-14 11:39:19.099 [daemon] INFO: Message: output: output:
D:\aarambh\frontend\node_modules\expo-modules-core\android\build\tmp\kotlin-classes\release\expo\modules\kotlin\devtools\cdp\ResponseReceivedParams.class
Sources:
D:\aarambh\frontend\node_modules\expo-modules-core\android\src\main\java\expo\modules\kotlin\devtools\cdp\CdpNetworkTypes.kt
2026-08-14 11:39:19.099 [daemon] INFO: Message: output: output:
D:\aarambh\frontend\node_modules\expo-modules-core\android\build\tmp\kotlin-classes\release\expo\modules\kotlin\devtools\cdp\LoadingFinishedParams.class
Sources:
D:\aarambh\frontend\node_modules\expo-modules-core\android\src\main\java\expo\modules\kotlin\devtools\cdp\CdpNetworkTypes.kt
2026-08-14 11:39:19.100 [daemon] INFO: Message: output: output:
D:\aarambh\frontend\node_modules\expo-modules-core\android\build\tmp\kotlin-classes\release\expo\modules\kotlin\devtools\cdp\ExpoReceivedResponseBodyParams.class
Sources:
D:\aarambh\frontend\node_modules\expo-modules-core\android\src\main\java\expo\modules\kotlin\devtools\cdp\CdpNetworkTypes.kt
2026-08-14 11:39:19.100 [daemon] INFO: Message: output: output:
D:\aarambh\frontend\node_modules\expo-modules-core\android\build\tmp\kotlin-classes\release\expo\modules\kotlin\devtools\cdp\Event.class
Sources:
D:\aarambh\frontend\node_modules\expo-modules-core\android\src\main\java\expo\modules\kotlin\devtools\cdp\CdpNetworkTypes.kt
2026-08-14 11:39:19.101 [daemon] INFO: Message: output: output:
D:\aarambh\frontend\node_modules\expo-modules-core\android\build\tmp\kotlin-classes\release\expo\modules\kotlin\devtools\cdp\CdpNetworkTypesKt.class
Sources:
D:\aarambh\frontend\node_modules\expo-modules-core\android\src\main\java\expo\modules\kotlin\devtools\cdp\CdpNetworkTypes.kt
2026-08-14 11:39:19.101 [daemon] INFO: Message: output: output:
D:\aarambh\frontend\node_modules\expo-modules-core\android\build\tmp\kotlin-classes\release\expo\modules\kotlin\edgeToEdge\EdgeToEdgePackage.class
Sources:
D:\aarambh\frontend\node_modules\expo-modules-core\android\src\main\java\expo\modules\kotlin\edgeToEdge\EdgeToEdgePackage.kt
2026-08-14 11:39:19.101 [daemon] INFO: Message: output: output:
D:\aarambh\frontend\node_modules\expo-modules-core\android\build\tmp\kotlin-classes\release\expo\modules\kotlin\edgeToEdge\EdgeToEdgePackage$createReactActivityLifecycleListeners$1.class
Sources:
D:\aarambh\frontend\node_modules\expo-modules-core\android\src\main\java\expo\modules\kotlin\edgeToEdge\EdgeToEdgePackage.kt
2026-08-14 11:39:19.104 [daemon] INFO: Message: output: output:
D:\aarambh\frontend\node_modules\expo-modules-core\android\build\tmp\kotlin-classes\release\expo\modules\kotlin\edgeToEdge\EdgeToEdgePackageKt.class
Sources:
D:\aarambh\frontend\node_modules\expo-modules-core\android\src\main\java\expo\modules\kotlin\edgeToEdge\EdgeToEdgePackage.kt
2026-08-14 11:39:19.105 [daemon] INFO: Message: output: output:
D:\aarambh\frontend\node_modules\expo-modules-core\android\build\tmp\kotlin-classes\release\expo\modules\kotlin\events\EventEmitter.class
Sources:
D:\aarambh\frontend\node_modules\expo-modules-core\android\src\main\java\expo\modules\kotlin\events\EventEmitter.kt
2026-08-14 11:39:19.105 [daemon] INFO: Message: output: output:
D:\aarambh\frontend\node_modules\expo-modules-core\android\build\tmp\kotlin-classes\release\expo\modules\kotlin\events\EventEmitter$DefaultImpls.class
Sources:
D:\aarambh\frontend\node_modules\expo-modules-core\android\src\main\java\expo\modules\kotlin\events\EventEmitter.kt
2026-08-14 11:39:19.106 [daemon] INFO: Message: output: output:
D:\aarambh\frontend\node_modules\expo-modules-core\android\build\tmp\kotlin-classes\release\expo\modules\kotlin\events\EventListener.class
Sources:
D:\aarambh\frontend\node_modules\expo-modules-core\android\src\main\java\expo\modules\kotlin\events\EventListener.kt
2026-08-14 11:39:19.106 [daemon] INFO: Message: output: output:
D:\aarambh\frontend\node_modules\expo-modules-core\android\build\tmp\kotlin-classes\release\expo\modules\kotlin\events\BasicEventListener.class
Sources:
D:\aarambh\frontend\node_modules\expo-modules-core\android\src\main\java\expo\modules\kotlin\events\EventListener.kt
2026-08-14 11:39:19.107 [daemon] INFO: Message: output: output:
D:\aarambh\frontend\node_modules\expo-modules-core\android\build\tmp\kotlin-classes\release\expo\modules\kotlin\events\EventListenerWithPayload.class
Sources:
D:\aarambh\frontend\node_modules\expo-modules-core\android\src\main\java\expo\modules\kotlin\events\EventListener.kt
2026-08-14 11:39:19.107 [daemon] INFO: Message: output: output:
D:\aarambh\frontend\node_modules\expo-modules-core\android\build\tmp\kotlin-classes\release\expo\modules\kotlin\events\EventListenerWithSenderAndPayload.class
Sources:
D:\aarambh\frontend\node_modules\expo-modules-core\android\src\main\java\expo\modules\kotlin\events\EventListener.kt
2026-08-14 11:39:19.107 [daemon] INFO: Message: output: output:
D:\aarambh\frontend\node_modules\expo-modules-core\android\build\tmp\kotlin-classes\release\expo\modules\kotlin\events\EventName.class
Sources:
D:\aarambh\frontend\node_modules\expo-modules-core\android\src\main\java\expo\modules\kotlin\events\EventName.kt
2026-08-14 11:39:19.108 [daemon] INFO: Message: output: output:
D:\aarambh\frontend\node_modules\expo-modules-core\android\build\tmp\kotlin-classes\release\expo\modules\kotlin\events\EventsDefinition.class
Sources:
D:\aarambh\frontend\node_modules\expo-modules-core\android\src\main\java\expo\modules\kotlin\events\EventsDefinition.kt
2026-08-14 11:39:19.108 [daemon] INFO: Message: output: output:
D:\aarambh\frontend\node_modules\expo-modules-core\android\build\tmp\kotlin-classes\release\expo\modules\kotlin\events\KModuleEventEmitterWrapper.class
Sources:
D:\aarambh\frontend\node_modules\expo-modules-core\android\src\main\java\expo\modules\kotlin\events\KModuleEventEmitterWrapper.kt
2026-08-14 11:39:19.109 [daemon] INFO: Message: output: output:
D:\aarambh\frontend\node_modules\expo-modules-core\android\build\tmp\kotlin-classes\release\expo\modules\kotlin\events\KEventEmitterWrapper.class
Sources:
D:\aarambh\frontend\node_modules\expo-modules-core\android\src\main\java\expo\modules\kotlin\events\KModuleEventEmitterWrapper.kt
2026-08-14 11:39:19.109 [daemon] INFO: Message: output: output:
D:\aarambh\frontend\node_modules\expo-modules-core\android\build\tmp\kotlin-classes\release\expo\modules\kotlin\events\KEventEmitterWrapper$UIEvent.class
Sources:
D:\aarambh\frontend\node_modules\expo-modules-core\android\src\main\java\expo\modules\kotlin\events\KModuleEventEmitterWrapper.kt
2026-08-14 11:39:19.110 [daemon] INFO: Message: output: output:
D:\aarambh\frontend\node_modules\expo-modules-core\android\build\tmp\kotlin-classes\release\expo\modules\kotlin\events\KModuleEventEmitterWrapperKt.class
Sources:
D:\aarambh\frontend\node_modules\expo-modules-core\android\src\main\java\expo\modules\kotlin\events\KModuleEventEmitterWrapper.kt
2026-08-14 11:39:19.110 [daemon] INFO: Message: output: output:
D:\aarambh\frontend\node_modules\expo-modules-core\android\build\tmp\kotlin-classes\release\expo\modules\kotlin\events\OnActivityResultPayload.class
Sources:
D:\aarambh\frontend\node_modules\expo-modules-core\android\src\main\java\expo\modules\kotlin\events\OnActivityResultPayload.kt
2026-08-14 11:39:19.111 [daemon] INFO: Message: output: output:
D:\aarambh\frontend\node_modules\expo-modules-core\android\build\tmp\kotlin-classes\release\expo\modules\kotlin\exception\CodedException.class
Sources:
D:\aarambh\frontend\node_modules\expo-modules-core\android\src\main\java\expo\modules\kotlin\exception\CodedException.kt
2026-08-14 11:39:19.111 [daemon] INFO: Message: output: output:
D:\aarambh\frontend\node_modules\expo-modules-core\android\build\tmp\kotlin-classes\release\expo\modules\kotlin\exception\CodedException$Companion.class
Sources:
D:\aarambh\frontend\node_modules\expo-modules-core\android\src\main\java\expo\modules\kotlin\exception\CodedException.kt
2026-08-14 11:39:19.112 [daemon] INFO: Message: output: output:
D:\aarambh\frontend\node_modules\expo-modules-core\android\build\tmp\kotlin-classes\release\expo\modules\kotlin\exception\IncompatibleArgTypeException.class
Sources:
D:\aarambh\frontend\node_modules\expo-modules-core\android\src\main\java\expo\modules\kotlin\exception\CodedException.kt
2026-08-14 11:39:19.112 [daemon] INFO: Message: output: output:
D:\aarambh\frontend\node_modules\expo-modules-core\android\build\tmp\kotlin-classes\release\expo\modules\kotlin\exception\EnumNoSuchValueException.class
Sources:
D:\aarambh\frontend\node_modules\expo-modules-core\android\src\main\java\expo\modules\kotlin\exception\CodedException.kt
2026-08-14 11:39:19.112 [daemon] INFO: Message: output: output:
D:\aarambh\frontend\node_modules\expo-modules-core\android\build\tmp\kotlin-classes\release\expo\modules\kotlin\exception\MissingTypeConverter.class
Sources:
D:\aarambh\frontend\node_modules\expo-modules-core\android\src\main\java\expo\modules\kotlin\exception\CodedException.kt
2026-08-14 11:39:19.113 [daemon] INFO: Message: output: output:
D:\aarambh\frontend\node_modules\expo-modules-core\android\build\tmp\kotlin-classes\release\expo\modules\kotlin\exception\InvalidExpectedType.class
Sources:
D:\aarambh\frontend\node_modules\expo-modules-core\android\src\main\java\expo\modules\kotlin\exception\CodedException.kt
2026-08-14 11:39:19.113 [daemon] INFO: Message: output: output:
D:\aarambh\frontend\node_modules\expo-modules-core\android\build\tmp\kotlin-classes\release\expo\modules\kotlin\exception\InvalidArgsNumberException.class
Sources:
D:\aarambh\frontend\node_modules\expo-modules-core\android\src\main\java\expo\modules\kotlin\exception\CodedException.kt
2026-08-14 11:39:19.113 [daemon] INFO: Message: output: output:
D:\aarambh\frontend\node_modules\expo-modules-core\android\build\tmp\kotlin-classes\release\expo\modules\kotlin\exception\MethodNotFoundException.class
Sources:
D:\aarambh\frontend\node_modules\expo-modules-core\android\src\main\java\expo\modules\kotlin\exception\CodedException.kt
2026-08-14 11:39:19.113 [daemon] INFO: Message: output: output:
D:\aarambh\frontend\node_modules\expo-modules-core\android\build\tmp\kotlin-classes\release\expo\modules\kotlin\exception\NullArgumentException.class
Sources:
D:\aarambh\frontend\node_modules\expo-modules-core\android\src\main\java\expo\modules\kotlin\exception\CodedException.kt
2026-08-14 11:39:19.114 [daemon] INFO: Message: output: output:
D:\aarambh\frontend\node_modules\expo-modules-core\android\build\tmp\kotlin-classes\release\expo\modules\kotlin\exception\FieldRequiredException.class
Sources:
D:\aarambh\frontend\node_modules\expo-modules-core\android\src\main\java\expo\modules\kotlin\exception\CodedException.kt
2026-08-14 11:39:19.114 [daemon] INFO: Message: output: output:
D:\aarambh\frontend\node_modules\expo-modules-core\android\build\tmp\kotlin-classes\release\expo\modules\kotlin\exception\UnexpectedException.class
Sources:
D:\aarambh\frontend\node_modules\expo-modules-core\android\src\main\java\expo\modules\kotlin\exception\CodedException.kt
2026-08-14 11:39:19.114 [daemon] INFO: Message: output: output:
D:\aarambh\frontend\node_modules\expo-modules-core\android\build\tmp\kotlin-classes\release\expo\modules\kotlin\exception\ValidationException.class
Sources:
D:\aarambh\frontend\node_modules\expo-modules-core\android\src\main\java\expo\modules\kotlin\exception\CodedException.kt
2026-08-14 11:39:19.114 [daemon] INFO: Message: output: output:
D:\aarambh\frontend\node_modules\expo-modules-core\android\build\tmp\kotlin-classes\release\expo\modules\kotlin\exception\DecoratedException.class
Sources:
D:\aarambh\frontend\node_modules\expo-modules-core\android\src\main\java\expo\modules\kotlin\exception\CodedException.kt
2026-08-14 11:39:19.116 [daemon] INFO: Message: output: output:
D:\aarambh\frontend\node_modules\expo-modules-core\android\build\tmp\kotlin-classes\release\expo\modules\kotlin\exception\FunctionCallException.class
Sources:
D:\aarambh\frontend\node_modules\expo-modules-core\android\src\main\java\expo\modules\kotlin\exception\CodedException.kt
2026-08-14 11:39:19.116 [daemon] INFO: Message: output: output:
D:\aarambh\frontend\node_modules\expo-modules-core\android\build\tmp\kotlin-classes\release\expo\modules\kotlin\exception\PropSetException.class
Sources:
D:\aarambh\frontend\node_modules\expo-modules-core\android\src\main\java\expo\modules\kotlin\exception\CodedException.kt
2026-08-14 11:39:19.116 [daemon] INFO: Message: output: output:
D:\aarambh\frontend\node_modules\expo-modules-core\android\build\tmp\kotlin-classes\release\expo\modules\kotlin\exception\OnViewDidUpdatePropsException.class
Sources:
D:\aarambh\frontend\node_modules\expo-modules-core\android\src\main\java\expo\modules\kotlin\exception\CodedException.kt
2026-08-14 11:39:19.116 [daemon] INFO: Message: output: output:
D:\aarambh\frontend\node_modules\expo-modules-core\android\build\tmp\kotlin-classes\release\expo\modules\kotlin\exception\ArgumentCastException.class
Sources:
D:\aarambh\frontend\node_modules\expo-modules-core\android\src\main\java\expo\modules\kotlin\exception\CodedException.kt
2026-08-14 11:39:19.117 [daemon] INFO: Message: output: output:
D:\aarambh\frontend\node_modules\expo-modules-core\android\build\tmp\kotlin-classes\release\expo\modules\kotlin\exception\ArgumentCastException$Companion.class
Sources:
D:\aarambh\frontend\node_modules\expo-modules-core\android\src\main\java\expo\modules\kotlin\exception\CodedException.kt
2026-08-14 11:39:19.117 [daemon] INFO: Message: output: output:
D:\aarambh\frontend\node_modules\expo-modules-core\android\build\tmp\kotlin-classes\release\expo\modules\kotlin\exception\InvalidSharedObjectIdException.class
Sources:
D:\aarambh\frontend\node_modules\expo-modules-core\android\src\main\java\expo\modules\kotlin\exception\CodedException.kt
2026-08-14 11:39:19.118 [daemon] INFO: Message: output: output:
D:\aarambh\frontend\node_modules\expo-modules-core\android\build\tmp\kotlin-classes\release\expo\modules\kotlin\exception\InvalidSharedObjectTypeException.class
Sources:
D:\aarambh\frontend\node_modules\expo-modules-core\android\src\main\java\expo\modules\kotlin\exception\CodedException.kt
2026-08-14 11:39:19.118 [daemon] INFO: Message: output: output:
D:\aarambh\frontend\node_modules\expo-modules-core\android\build\tmp\kotlin-classes\release\expo\modules\kotlin\exception\IncorrectRefTypeException.class
Sources:
D:\aarambh\frontend\node_modules\expo-modules-core\android\src\main\java\expo\modules\kotlin\exception\CodedException.kt
2026-08-14 11:39:19.119 [daemon] INFO: Message: output: output:
D:\aarambh\frontend\node_modules\expo-modules-core\android\build\tmp\kotlin-classes\release\expo\modules\kotlin\exception\FieldCastException.class
Sources:
D:\aarambh\frontend\node_modules\expo-modules-core\android\src\main\java\expo\modules\kotlin\exception\CodedException.kt
2026-08-14 11:39:19.119 [daemon] INFO: Message: output: output:
D:\aarambh\frontend\node_modules\expo-modules-core\android\build\tmp\kotlin-classes\release\expo\modules\kotlin\exception\RecordCastException.class
Sources:
D:\aarambh\frontend\node_modules\expo-modules-core\android\src\main\java\expo\modules\kotlin\exception\CodedException.kt
2026-08-14 11:39:19.121 [daemon] INFO: Message: output: output:
D:\aarambh\frontend\node_modules\expo-modules-core\android\build\tmp\kotlin-classes\release\expo\modules\kotlin\exception\CollectionElementCastException.class
Sources:
D:\aarambh\frontend\node_modules\expo-modules-core\android\src\main\java\expo\modules\kotlin\exception\CodedException.kt
2026-08-14 11:39:19.121 [daemon] INFO: Message: output: output:
D:\aarambh\frontend\node_modules\expo-modules-core\android\build\tmp\kotlin-classes\release\expo\modules\kotlin\exception\DynamicCastException.class
Sources:
D:\aarambh\frontend\node_modules\expo-modules-core\android\src\main\java\expo\modules\kotlin\exception\CodedException.kt
2026-08-14 11:39:19.122 [daemon] INFO: Message: output: output:
D:\aarambh\frontend\node_modules\expo-modules-core\android\build\tmp\kotlin-classes\release\expo\modules\kotlin\exception\JavaScriptEvaluateException.class
Sources:
D:\aarambh\frontend\node_modules\expo-modules-core\android\src\main\java\expo\modules\kotlin\exception\CodedException.kt
2026-08-14 11:39:19.122 [daemon] INFO: Message: output: output:
D:\aarambh\frontend\node_modules\expo-modules-core\android\build\tmp\kotlin-classes\release\expo\modules\kotlin\exception\UnsupportedClass.class
Sources:
D:\aarambh\frontend\node_modules\expo-modules-core\android\src\main\java\expo\modules\kotlin\exception\CodedException.kt
2026-08-14 11:39:19.122 [daemon] INFO: Message: output: output:
D:\aarambh\frontend\node_modules\expo-modules-core\android\build\tmp\kotlin-classes\release\expo\modules\kotlin\exception\PromiseAlreadySettledException.class
Sources:
D:\aarambh\frontend\node_modules\expo-modules-core\android\src\main\java\expo\modules\kotlin\exception\CodedException.kt
2026-08-14 11:39:19.123 [daemon] INFO: Message: output: output:
D:\aarambh\frontend\node_modules\expo-modules-core\android\build\tmp\kotlin-classes\release\expo\modules\kotlin\exception\UsingReleasedSharedObjectException.class
Sources:
D:\aarambh\frontend\node_modules\expo-modules-core\android\src\main\java\expo\modules\kotlin\exception\CodedException.kt
2026-08-14 11:39:19.123 [daemon] INFO: Message: output: output:
D:\aarambh\frontend\node_modules\expo-modules-core\android\build\tmp\kotlin-classes\release\expo\modules\kotlin\exception\Exceptions.class
Sources:
D:\aarambh\frontend\node_modules\expo-modules-core\android\src\main\java\expo\modules\kotlin\exception\CommonExceptions.kt
2026-08-14 11:39:19.124 [daemon] INFO: Message: output: output:
D:\aarambh\frontend\node_modules\expo-modules-core\android\build\tmp\kotlin-classes\release\expo\modules\kotlin\exception\Exceptions$ViewNotFound.class
Sources:
D:\aarambh\frontend\node_modules\expo-modules-core\android\src\main\java\expo\modules\kotlin\exception\CommonExceptions.kt
2026-08-14 11:39:19.124 [daemon] INFO: Message: output: output:
D:\aarambh\frontend\node_modules\expo-modules-core\android\build\tmp\kotlin-classes\release\expo\modules\kotlin\exception\Exceptions$AppContextLost.class
Sources:
D:\aarambh\frontend\node_modules\expo-modules-core\android\src\main\java\expo\modules\kotlin\exception\CommonExceptions.kt
2026-08-14 11:39:19.124 [daemon] INFO: Message: output: output:
D:\aarambh\frontend\node_modules\expo-modules-core\android\build\tmp\kotlin-classes\release\expo\modules\kotlin\exception\Exceptions$ReactContextLost.class
Sources:
D:\aarambh\frontend\node_modules\expo-modules-core\android\src\main\java\expo\modules\kotlin\exception\CommonExceptions.kt
2026-08-14 11:39:19.126 [daemon] INFO: Message: output: output:
D:\aarambh\frontend\node_modules\expo-modules-core\android\build\tmp\kotlin-classes\release\expo\modules\kotlin\exception\Exceptions$ModuleNotFound.class
Sources:
D:\aarambh\frontend\node_modules\expo-modules-core\android\src\main\java\expo\modules\kotlin\exception\CommonExceptions.kt
2026-08-14 11:39:19.126 [daemon] INFO: Message: output: output:
D:\aarambh\frontend\node_modules\expo-modules-core\android\build\tmp\kotlin-classes\release\expo\modules\kotlin\exception\Exceptions$PermissionsModuleNotFound.class
Sources:
D:\aarambh\frontend\node_modules\expo-modules-core\android\src\main\java\expo\modules\kotlin\exception\CommonExceptions.kt
2026-08-14 11:39:19.127 [daemon] INFO: Message: output: output:
D:\aarambh\frontend\node_modules\expo-modules-core\android\build\tmp\kotlin-classes\release\expo\modules\kotlin\exception\Exceptions$FileSystemModuleNotFound.class
Sources:
D:\aarambh\frontend\node_modules\expo-modules-core\android\src\main\java\expo\modules\kotlin\exception\CommonExceptions.kt
2026-08-14 11:39:19.127 [daemon] INFO: Message: output: output:
D:\aarambh\frontend\node_modules\expo-modules-core\android\build\tmp\kotlin-classes\release\expo\modules\kotlin\exception\Exceptions$SimulatorNotSupported.class
Sources:
D:\aarambh\frontend\node_modules\expo-modules-core\android\src\main\java\expo\modules\kotlin\exception\CommonExceptions.kt
2026-08-14 11:39:19.128 [daemon] INFO: Message: output: output:
D:\aarambh\frontend\node_modules\expo-modules-core\android\build\tmp\kotlin-classes\release\expo\modules\kotlin\exception\Exceptions$MissingPermissions.class
Sources:
D:\aarambh\frontend\node_modules\expo-modules-core\android\src\main\java\expo\modules\kotlin\exception\CommonExceptions.kt
2026-08-14 11:39:19.128 [daemon] INFO: Message: output: output:
D:\aarambh\frontend\node_modules\expo-modules-core\android\build\tmp\kotlin-classes\release\expo\modules\kotlin\exception\Exceptions$MissingActivity.class
Sources:
D:\aarambh\frontend\node_modules\expo-modules-core\android\src\main\java\expo\modules\kotlin\exception\CommonExceptions.kt
2026-08-14 11:39:19.128 [daemon] INFO: Message: output: output:
D:\aarambh\frontend\node_modules\expo-modules-core\android\build\tmp\kotlin-classes\release\expo\modules\kotlin\exception\Exceptions$IncorrectThreadException.class
Sources:
D:\aarambh\frontend\node_modules\expo-modules-core\android\src\main\java\expo\modules\kotlin\exception\CommonExceptions.kt
2026-08-14 11:39:19.129 [daemon] INFO: Message: output: output:
D:\aarambh\frontend\node_modules\expo-modules-core\android\build\tmp\kotlin-classes\release\expo\modules\kotlin\exception\Exceptions$MissingRootView.class
Sources:
D:\aarambh\frontend\node_modules\expo-modules-core\android\src\main\java\expo\modules\kotlin\exception\CommonExceptions.kt
2026-08-14 11:39:19.129 [daemon] INFO: Message: output: output:
D:\aarambh\frontend\node_modules\expo-modules-core\android\build\tmp\kotlin-classes\release\expo\modules\kotlin\exception\Exceptions$IllegalArgument.class
Sources:
D:\aarambh\frontend\node_modules\expo-modules-core\android\src\main\java\expo\modules\kotlin\exception\CommonExceptions.kt
2026-08-14 11:39:19.129 [daemon] INFO: Message: output: output:
D:\aarambh\frontend\node_modules\expo-modules-core\android\build\tmp\kotlin-classes\release\expo\modules\kotlin\exception\Exceptions$IllegalStateException.class
Sources:
D:\aarambh\frontend\node_modules\expo-modules-core\android\src\main\java\expo\modules\kotlin\exception\CommonExceptions.kt
2026-08-14 11:39:19.130 [daemon] INFO: Message: output: output:
D:\aarambh\frontend\node_modules\expo-modules-core\android\build\tmp\kotlin-classes\release\expo\modules\kotlin\functions\AnyFunction.class
Sources:
D:\aarambh\frontend\node_modules\expo-modules-core\android\src\main\java\expo\modules\kotlin\functions\AnyFunction.kt
2026-08-14 11:39:19.130 [daemon] INFO: Message: output: output:
D:\aarambh\frontend\node_modules\expo-modules-core\android\build\tmp\kotlin-classes\release\expo\modules\kotlin\functions\AsyncFunctionBuilder.class
Sources:
D:\aarambh\frontend\node_modules\expo-modules-core\android\src\main\java\expo\modules\kotlin\functions\AsyncFunctionBuilder.kt
2026-08-14 11:39:19.131 [daemon] INFO: Message: output: output:
D:\aarambh\frontend\node_modules\expo-modules-core\android\build\tmp\kotlin-classes\release\expo\modules\kotlin\functions\AsyncFunctionBuilder$SuspendBody$1.class
Sources:
D:\aarambh\frontend\node_modules\expo-modules-core\android\src\main\java\expo\modules\kotlin\functions\AsyncFunctionBuilder.kt
2026-08-14 11:39:19.131 [daemon] INFO: Message: output: output:
D:\aarambh\frontend\node_modules\expo-modules-core\android\build\tmp\kotlin-classes\release\expo\modules\kotlin\functions\AsyncFunctionBuilder$SuspendBody$$inlined$toArgsArray$default$1.class
Sources:
D:\aarambh\frontend\node_modules\expo-modules-core\android\src\main\java\expo\modules\kotlin\functions\AsyncFunctionBuilder.kt
2026-08-14 11:39:19.132 [daemon] INFO: Message: output: output:
D:\aarambh\frontend\node_modules\expo-modules-core\android\build\tmp\kotlin-classes\release\expo\modules\kotlin\functions\AsyncFunctionBuilder$SuspendBody$3.class
Sources:
D:\aarambh\frontend\node_modules\expo-modules-core\android\src\main\java\expo\modules\kotlin\functions\AsyncFunctionBuilder.kt
2026-08-14 11:39:19.132 [daemon] INFO: Message: output: output:
D:\aarambh\frontend\node_modules\expo-modules-core\android\build\tmp\kotlin-classes\release\expo\modules\kotlin\functions\AsyncFunctionBuilder$SuspendBody$$inlined$toArgsArray$default$2.class
Sources:
D:\aarambh\frontend\node_modules\expo-modules-core\android\src\main\java\expo\modules\kotlin\functions\AsyncFunctionBuilder.kt
2026-08-14 11:39:19.132 [daemon] INFO: Message: output: output:
D:\aarambh\frontend\node_modules\expo-modules-core\android\build\tmp\kotlin-classes\release\expo\modules\kotlin\functions\AsyncFunctionBuilder$SuspendBody$$inlined$toArgsArray$default$3.class
Sources:
D:\aarambh\frontend\node_modules\expo-modules-core\android\src\main\java\expo\modules\kotlin\functions\AsyncFunctionBuilder.kt
2026-08-14 11:39:19.133 [daemon] INFO: Message: output: output:
D:\aarambh\frontend\node_modules\expo-modules-core\android\build\tmp\kotlin-classes\release\expo\modules\kotlin\functions\AsyncFunctionBuilder$SuspendBody$5.class
Sources:
D:\aarambh\frontend\node_modules\expo-modules-core\android\src\main\java\expo\modules\kotlin\functions\AsyncFunctionBuilder.kt
2026-08-14 11:39:19.133 [daemon] INFO: Message: output: output:
D:\aarambh\frontend\node_modules\expo-modules-core\android\build\tmp\kotlin-classes\release\expo\modules\kotlin\functions\AsyncFunctionBuilder$SuspendBody$$inlined$toArgsArray$default$4.class
Sources:
D:\aarambh\frontend\node_modules\expo-modules-core\android\src\main\java\expo\modules\kotlin\functions\AsyncFunctionBuilder.kt
2026-08-14 11:39:19.133 [daemon] INFO: Message: output: output:
D:\aarambh\frontend\node_modules\expo-modules-core\android\build\tmp\kotlin-classes\release\expo\modules\kotlin\functions\AsyncFunctionBuilder$SuspendBody$$inlined$toArgsArray$default$5.class
Sources:
D:\aarambh\frontend\node_modules\expo-modules-core\android\src\main\java\expo\modules\kotlin\functions\AsyncFunctionBuilder.kt
2026-08-14 11:39:19.134 [daemon] INFO: Message: output: output:
D:\aarambh\frontend\node_modules\expo-modules-core\android\build\tmp\kotlin-classes\release\expo\modules\kotlin\functions\AsyncFunctionBuilder$SuspendBody$$inlined$toArgsArray$default$6.class
Sources:
D:\aarambh\frontend\node_modules\expo-modules-core\android\src\main\java\expo\modules\kotlin\functions\AsyncFunctionBuilder.kt
2026-08-14 11:39:19.134 [daemon] INFO: Message: output: output:
D:\aarambh\frontend\node_modules\expo-modules-core\android\build\tmp\kotlin-classes\release\expo\modules\kotlin\functions\AsyncFunctionBuilder$SuspendBody$7.class
Sources:
D:\aarambh\frontend\node_modules\expo-modules-core\android\src\main\java\expo\modules\kotlin\functions\AsyncFunctionBuilder.kt
2026-08-14 11:39:19.134 [daemon] INFO: Message: output: output:
D:\aarambh\frontend\node_modules\expo-modules-core\android\build\tmp\kotlin-classes\release\expo\modules\kotlin\functions\AsyncFunctionBuilder$SuspendBody$$inlined$toArgsArray$default$7.class
Sources:
D:\aarambh\frontend\node_modules\expo-modules-core\android\src\main\java\expo\modules\kotlin\functions\AsyncFunctionBuilder.kt
2026-08-14 11:39:19.137 [daemon] INFO: Message: output: output:
D:\aarambh\frontend\node_modules\expo-modules-core\android\build\tmp\kotlin-classes\release\expo\modules\kotlin\functions\AsyncFunctionBuilder$SuspendBody$$inlined$toArgsArray$default$8.class
Sources:
D:\aarambh\frontend\node_modules\expo-modules-core\android\src\main\java\expo\modules\kotlin\functions\AsyncFunctionBuilder.kt
2026-08-14 11:39:19.138 [daemon] INFO: Message: output: output:
D:\aarambh\frontend\node_modules\expo-modules-core\android\build\tmp\kotlin-classes\release\expo\modules\kotlin\functions\AsyncFunctionBuilder$SuspendBody$$inlined$toArgsArray$default$9.class
Sources:
D:\aarambh\frontend\node_modules\expo-modules-core\android\src\main\java\expo\modules\kotlin\functions\AsyncFunctionBuilder.kt
2026-08-14 11:39:19.138 [daemon] INFO: Message: output: output:
D:\aarambh\frontend\node_modules\expo-modules-core\android\build\tmp\kotlin-classes\release\expo\modules\kotlin\functions\AsyncFunctionBuilder$SuspendBody$$inlined$toArgsArray$default$10.class
Sources:
D:\aarambh\frontend\node_modules\expo-modules-core\android\src\main\java\expo\modules\kotlin\functions\AsyncFunctionBuilder.kt
2026-08-14 11:39:19.139 [daemon] INFO: Message: output: output:
D:\aarambh\frontend\node_modules\expo-modules-core\android\build\tmp\kotlin-classes\release\expo\modules\kotlin\functions\AsyncFunctionBuilder$SuspendBody$9.class
Sources:
D:\aarambh\frontend\node_modules\expo-modules-core\android\src\main\java\expo\modules\kotlin\functions\AsyncFunctionBuilder.kt
2026-08-14 11:39:19.140 [daemon] INFO: Message: output: output:
D:\aarambh\frontend\node_modules\expo-modules-core\android\build\tmp\kotlin-classes\release\expo\modules\kotlin\functions\AsyncFunctionBuilder$SuspendBody$$inlined$toArgsArray$default$11.class
Sources:
D:\aarambh\frontend\node_modules\expo-modules-core\android\src\main\java\expo\modules\kotlin\functions\AsyncFunctionBuilder.kt
2026-08-14 11:39:19.140 [daemon] INFO: Message: output: output:
D:\aarambh\frontend\node_modules\expo-modules-core\android\build\tmp\kotlin-classes\release\expo\modules\kotlin\functions\AsyncFunctionBuilder$SuspendBody$$inlined$toArgsArray$default$12.class
Sources:
D:\aarambh\frontend\node_modules\expo-modules-core\android\src\main\java\expo\modules\kotlin\functions\AsyncFunctionBuilder.kt
2026-08-14 11:39:19.140 [daemon] INFO: Message: output: output:
D:\aarambh\frontend\node_modules\expo-modules-core\android\build\tmp\kotlin-classes\release\expo\modules\kotlin\functions\AsyncFunctionBuilder$SuspendBody$$inlined$toArgsArray$default$13.class
Sources:
D:\aarambh\frontend\node_modules\expo-modules-core\android\src\main\java\expo\modules\kotlin\functions\AsyncFunctionBuilder.kt
2026-08-14 11:39:19.141 [daemon] INFO: Message: output: output:
D:\aarambh\frontend\node_modules\expo-modules-core\android\build\tmp\kotlin-classes\release\expo\modules\kotlin\functions\AsyncFunctionBuilder$SuspendBody$$inlined$toArgsArray$default$14.class
Sources:
D:\aarambh\frontend\node_modules\expo-modules-core\android\src\main\java\expo\modules\kotlin\functions\AsyncFunctionBuilder.kt
2026-08-14 11:39:19.141 [daemon] INFO: Message: output: output:
D:\aarambh\frontend\node_modules\expo-modules-core\android\build\tmp\kotlin-classes\release\expo\modules\kotlin\functions\AsyncFunctionBuilder$SuspendBody$$inlined$toArgsArray$default$15.class
Sources:
D:\aarambh\frontend\node_modules\expo-modules-core\android\src\main\java\expo\modules\kotlin\functions\AsyncFunctionBuilder.kt
2026-08-14 11:39:19.142 [daemon] INFO: Message: output: output:
D:\aarambh\frontend\node_modules\expo-modules-core\android\build\tmp\kotlin-classes\release\expo\modules\kotlin\functions\AsyncFunctionBuilder$SuspendBody$11.class
Sources:
D:\aarambh\frontend\node_modules\expo-modules-core\android\src\main\java\expo\modules\kotlin\functions\AsyncFunctionBuilder.kt
2026-08-14 11:39:19.142 [daemon] INFO: Message: output: output:
D:\aarambh\frontend\node_modules\expo-modules-core\android\build\tmp\kotlin-classes\release\expo\modules\kotlin\functions\AsyncFunctionBuilder$SuspendBody$$inlined$toArgsArray$default$16.class
Sources:
D:\aarambh\frontend\node_modules\expo-modules-core\android\src\main\java\expo\modules\kotlin\functions\AsyncFunctionBuilder.kt
2026-08-14 11:39:19.143 [daemon] INFO: Message: output: output:
D:\aarambh\frontend\node_modules\expo-modules-core\android\build\tmp\kotlin-classes\release\expo\modules\kotlin\functions\AsyncFunctionBuilder$SuspendBody$$inlined$toArgsArray$default$17.class
Sources:
D:\aarambh\frontend\node_modules\expo-modules-core\android\src\main\java\expo\modules\kotlin\functions\AsyncFunctionBuilder.kt
2026-08-14 11:39:19.143 [daemon] INFO: Message: output: output:
D:\aarambh\frontend\node_modules\expo-modules-core\android\build\tmp\kotlin-classes\release\expo\modules\kotlin\functions\AsyncFunctionBuilder$SuspendBody$$inlined$toArgsArray$default$18.class
Sources:
D:\aarambh\frontend\node_modules\expo-modules-core\android\src\main\java\expo\modules\kotlin\functions\AsyncFunctionBuilder.kt
2026-08-14 11:39:19.143 [daemon] INFO: Message: output: output:
D:\aarambh\frontend\node_modules\expo-modules-core\android\build\tmp\kotlin-classes\release\expo\modules\kotlin\functions\AsyncFunctionBuilder$SuspendBody$$inlined$toArgsArray$default$19.class
Sources:
D:\aarambh\frontend\node_modules\expo-modules-core\android\src\main\java\expo\modules\kotlin\functions\AsyncFunctionBuilder.kt
2026-08-14 11:39:19.143 [daemon] INFO: Message: output: output:
D:\aarambh\frontend\node_modules\expo-modules-core\android\build\tmp\kotlin-classes\release\expo\modules\kotlin\functions\AsyncFunctionBuilder$SuspendBody$$inlined$toArgsArray$default$20.class
Sources:
D:\aarambh\frontend\node_modules\expo-modules-core\android\src\main\java\expo\modules\kotlin\functions\AsyncFunctionBuilder.kt
2026-08-14 11:39:19.144 [daemon] INFO: Message: output: output:
D:\aarambh\frontend\node_modules\expo-modules-core\android\build\tmp\kotlin-classes\release\expo\modules\kotlin\functions\AsyncFunctionBuilder$SuspendBody$$inlined$toArgsArray$default$21.class
Sources:
D:\aarambh\frontend\node_modules\expo-modules-core\android\src\main\java\expo\modules\kotlin\functions\AsyncFunctionBuilder.kt
2026-08-14 11:39:19.144 [daemon] INFO: Message: output: output:
D:\aarambh\frontend\node_modules\expo-modules-core\android\build\tmp\kotlin-classes\release\expo\modules\kotlin\functions\AsyncFunctionBuilder$SuspendBody$13.class
Sources:
D:\aarambh\frontend\node_modules\expo-modules-core\android\src\main\java\expo\modules\kotlin\functions\AsyncFunctionBuilder.kt
2026-08-14 11:39:19.144 [daemon] INFO: Message: output: output:
D:\aarambh\frontend\node_modules\expo-modules-core\android\build\tmp\kotlin-classes\release\expo\modules\kotlin\functions\AsyncFunctionBuilder$SuspendBody$$inlined$toArgsArray$default$22.class
Sources:
D:\aarambh\frontend\node_modules\expo-modules-core\android\src\main\java\expo\modules\kotlin\functions\AsyncFunctionBuilder.kt
2026-08-14 11:39:19.146 [daemon] INFO: Message: output: output:
D:\aarambh\frontend\node_modules\expo-modules-core\android\build\tmp\kotlin-classes\release\expo\modules\kotlin\functions\AsyncFunctionBuilder$SuspendBody$$inlined$toArgsArray$default$23.class
Sources:
D:\aarambh\frontend\node_modules\expo-modules-core\android\src\main\java\expo\modules\kotlin\functions\AsyncFunctionBuilder.kt
2026-08-14 11:39:19.146 [daemon] INFO: Message: output: output:
D:\aarambh\frontend\node_modules\expo-modules-core\android\build\tmp\kotlin-classes\release\expo\modules\kotlin\functions\AsyncFunctionBuilder$SuspendBody$$inlined$toArgsArray$default$24.class
Sources:
D:\aarambh\frontend\node_modules\expo-modules-core\android\src\main\java\expo\modules\kotlin\functions\AsyncFunctionBuilder.kt
2026-08-14 11:39:19.146 [daemon] INFO: Message: output: output:
D:\aarambh\frontend\node_modules\expo-modules-core\android\build\tmp\kotlin-classes\release\expo\modules\kotlin\functions\AsyncFunctionBuilder$SuspendBody$$inlined$toArgsArray$default$25.class
Sources:
D:\aarambh\frontend\node_modules\expo-modules-core\android\src\main\java\expo\modules\kotlin\functions\AsyncFunctionBuilder.kt
2026-08-14 11:39:19.147 [daemon] INFO: Message: output: output:
D:\aarambh\frontend\node_modules\expo-modules-core\android\build\tmp\kotlin-classes\release\expo\modules\kotlin\functions\AsyncFunctionBuilder$SuspendBody$$inlined$toArgsArray$default$26.class
Sources:
D:\aarambh\frontend\node_modules\expo-modules-core\android\src\main\java\expo\modules\kotlin\functions\AsyncFunctionBuilder.kt
2026-08-14 11:39:19.147 [daemon] INFO: Message: output: output:
D:\aarambh\frontend\node_modules\expo-modules-core\android\build\tmp\kotlin-classes\release\expo\modules\kotlin\functions\AsyncFunctionBuilder$SuspendBody$$inlined$toArgsArray$default$27.class
Sources:
D:\aarambh\frontend\node_modules\expo-modules-core\android\src\main\java\expo\modules\kotlin\functions\AsyncFunctionBuilder.kt
2026-08-14 11:39:19.148 [daemon] INFO: Message: output: output:
D:\aarambh\frontend\node_modules\expo-modules-core\android\build\tmp\kotlin-classes\release\expo\modules\kotlin\functions\AsyncFunctionBuilder$SuspendBody$$inlined$toArgsArray$default$28.class
Sources:
D:\aarambh\frontend\node_modules\expo-modules-core\android\src\main\java\expo\modules\kotlin\functions\AsyncFunctionBuilder.kt
2026-08-14 11:39:19.148 [daemon] INFO: Message: output: output:
D:\aarambh\frontend\node_modules\expo-modules-core\android\build\tmp\kotlin-classes\release\expo\modules\kotlin\functions\AsyncFunctionBuilder$SuspendBody$15.class
Sources:
D:\aarambh\frontend\node_modules\expo-modules-core\android\src\main\java\expo\modules\kotlin\functions\AsyncFunctionBuilder.kt
2026-08-14 11:39:19.148 [daemon] INFO: Message: output: output:
D:\aarambh\frontend\node_modules\expo-modules-core\android\build\tmp\kotlin-classes\release\expo\modules\kotlin\functions\AsyncFunctionBuilder$SuspendBody$$inlined$toArgsArray$default$29.class
Sources:
D:\aarambh\frontend\node_modules\expo-modules-core\android\src\main\java\expo\modules\kotlin\functions\AsyncFunctionBuilder.kt
2026-08-14 11:39:19.150 [daemon] INFO: Message: output: output:
D:\aarambh\frontend\node_modules\expo-modules-core\android\build\tmp\kotlin-classes\release\expo\modules\kotlin\functions\AsyncFunctionBuilder$SuspendBody$$inlined$toArgsArray$default$30.class
Sources:
D:\aarambh\frontend\node_modules\expo-modules-core\android\src\main\java\expo\modules\kotlin\functions\AsyncFunctionBuilder.kt
2026-08-14 11:39:19.150 [daemon] INFO: Message: output: output:
D:\aarambh\frontend\node_modules\expo-modules-core\android\build\tmp\kotlin-classes\release\expo\modules\kotlin\functions\AsyncFunctionBuilder$SuspendBody$$inlined$toArgsArray$default$31.class
Sources:
D:\aarambh\frontend\node_modules\expo-modules-core\android\src\main\java\expo\modules\kotlin\functions\AsyncFunctionBuilder.kt
2026-08-14 11:39:19.151 [daemon] INFO: Message: output: output:
D:\aarambh\frontend\node_modules\expo-modules-core\android\build\tmp\kotlin-classes\release\expo\modules\kotlin\functions\AsyncFunctionBuilder$SuspendBody$$inlined$toArgsArray$default$32.class
Sources:
D:\aarambh\frontend\node_modules\expo-modules-core\android\src\main\java\expo\modules\kotlin\functions\AsyncFunctionBuilder.kt
2026-08-14 11:39:19.151 [daemon] INFO: Message: output: output:
D:\aarambh\frontend\node_modules\expo-modules-core\android\build\tmp\kotlin-classes\release\expo\modules\kotlin\functions\AsyncFunctionBuilder$SuspendBody$$inlined$toArgsArray$default$33.class
Sources:
D:\aarambh\frontend\node_modules\expo-modules-core\android\src\main\java\expo\modules\kotlin\functions\AsyncFunctionBuilder.kt
2026-08-14 11:39:19.151 [daemon] INFO: Message: output: output:
D:\aarambh\frontend\node_modules\expo-modules-core\android\build\tmp\kotlin-classes\release\expo\modules\kotlin\functions\AsyncFunctionBuilder$SuspendBody$$inlined$toArgsArray$default$34.class
Sources:
D:\aarambh\frontend\node_modules\expo-modules-core\android\src\main\java\expo\modules\kotlin\functions\AsyncFunctionBuilder.kt
2026-08-14 11:39:19.152 [daemon] INFO: Message: output: output:
D:\aarambh\frontend\node_modules\expo-modules-core\android\build\tmp\kotlin-classes\release\expo\modules\kotlin\functions\AsyncFunctionBuilder$SuspendBody$$inlined$toArgsArray$default$35.class
Sources:
D:\aarambh\frontend\node_modules\expo-modules-core\android\src\main\java\expo\modules\kotlin\functions\AsyncFunctionBuilder.kt
2026-08-14 11:39:19.152 [daemon] INFO: Message: output: output:
D:\aarambh\frontend\node_modules\expo-modules-core\android\build\tmp\kotlin-classes\release\expo\modules\kotlin\functions\AsyncFunctionBuilder$SuspendBody$$inlined$toArgsArray$default$36.class
Sources:
D:\aarambh\frontend\node_modules\expo-modules-core\android\src\main\java\expo\modules\kotlin\functions\AsyncFunctionBuilder.kt
2026-08-14 11:39:19.152 [daemon] INFO: Message: output: output:
D:\aarambh\frontend\node_modules\expo-modules-core\android\build\tmp\kotlin-classes\release\expo\modules\kotlin\functions\AsyncFunctionBuilder$SuspendBody$17.class
Sources:
D:\aarambh\frontend\node_modules\expo-modules-core\android\src\main\java\expo\modules\kotlin\functions\AsyncFunctionBuilder.kt
2026-08-14 11:39:19.152 [daemon] INFO: Message: output: output:
D:\aarambh\frontend\node_modules\expo-modules-core\android\build\tmp\kotlin-classes\release\expo\modules\kotlin\functions\AsyncFunctionBuilder$AsyncBody$1.class
Sources:
D:\aarambh\frontend\node_modules\expo-modules-core\android\src\main\java\expo\modules\kotlin\functions\AsyncFunctionBuilder.kt
2026-08-14 11:39:19.153 [daemon] INFO: Message: output: output:
D:\aarambh\frontend\node_modules\expo-modules-core\android\build\tmp\kotlin-classes\release\expo\modules\kotlin\functions\AsyncFunctionBuilder$AsyncBody$3.class
Sources:
D:\aarambh\frontend\node_modules\expo-modules-core\android\src\main\java\expo\modules\kotlin\functions\AsyncFunctionBuilder.kt
2026-08-14 11:39:19.154 [daemon] INFO: Message: output: output:
D:\aarambh\frontend\node_modules\expo-modules-core\android\build\tmp\kotlin-classes\release\expo\modules\kotlin\functions\AsyncFunctionBuilder$AsyncBody$5.class
Sources:
D:\aarambh\frontend\node_modules\expo-modules-core\android\src\main\java\expo\modules\kotlin\functions\AsyncFunctionBuilder.kt
2026-08-14 11:39:19.154 [daemon] INFO: Message: output: output:
D:\aarambh\frontend\node_modules\expo-modules-core\android\build\tmp\kotlin-classes\release\expo\modules\kotlin\functions\AsyncFunctionBuilder$AsyncBody$$inlined$toArgsArray$default$1.class
Sources:
D:\aarambh\frontend\node_modules\expo-modules-core\android\src\main\java\expo\modules\kotlin\functions\AsyncFunctionBuilder.kt
2026-08-14 11:39:19.154 [daemon] INFO: Message: output: output:
D:\aarambh\frontend\node_modules\expo-modules-core\android\build\tmp\kotlin-classes\release\expo\modules\kotlin\functions\AsyncFunctionBuilder$AsyncBody$6.class
Sources:
D:\aarambh\frontend\node_modules\expo-modules-core\android\src\main\java\expo\modules\kotlin\functions\AsyncFunctionBuilder.kt
2026-08-14 11:39:19.156 [daemon] INFO: Message: output: output:
D:\aarambh\frontend\node_modules\expo-modules-core\android\build\tmp\kotlin-classes\release\expo\modules\kotlin\functions\AsyncFunctionBuilder$AsyncBody$$inlined$toArgsArray$default$2.class
Sources:
D:\aarambh\frontend\node_modules\expo-modules-core\android\src\main\java\expo\modules\kotlin\functions\AsyncFunctionBuilder.kt
2026-08-14 11:39:19.156 [daemon] INFO: Message: output: output:
D:\aarambh\frontend\node_modules\expo-modules-core\android\build\tmp\kotlin-classes\release\expo\modules\kotlin\functions\AsyncFunctionBuilder$AsyncBody$$inlined$toArgsArray$default$3.class
Sources:
D:\aarambh\frontend\node_modules\expo-modules-core\android\src\main\java\expo\modules\kotlin\functions\AsyncFunctionBuilder.kt
2026-08-14 11:39:19.156 [daemon] INFO: Message: output: output:
D:\aarambh\frontend\node_modules\expo-modules-core\android\build\tmp\kotlin-classes\release\expo\modules\kotlin\functions\AsyncFunctionBuilder$AsyncBody$8.class
Sources:
D:\aarambh\frontend\node_modules\expo-modules-core\android\src\main\java\expo\modules\kotlin\functions\AsyncFunctionBuilder.kt
2026-08-14 11:39:19.157 [daemon] INFO: Message: output: output:
D:\aarambh\frontend\node_modules\expo-modules-core\android\build\tmp\kotlin-classes\release\expo\modules\kotlin\functions\AsyncFunctionBuilder$AsyncBody$$inlined$toArgsArray$default$4.class
Sources:
D:\aarambh\frontend\node_modules\expo-modules-core\android\src\main\java\expo\modules\kotlin\functions\AsyncFunctionBuilder.kt
2026-08-14 11:39:19.157 [daemon] INFO: Message: output: output:
D:\aarambh\frontend\node_modules\expo-modules-core\android\build\tmp\kotlin-classes\release\expo\modules\kotlin\functions\AsyncFunctionBuilder$AsyncBody$10.class
Sources:
D:\aarambh\frontend\node_modules\expo-modules-core\android\src\main\java\expo\modules\kotlin\functions\AsyncFunctionBuilder.kt
2026-08-14 11:39:19.157 [daemon] INFO: Message: output: output:
D:\aarambh\frontend\node_modules\expo-modules-core\android\build\tmp\kotlin-classes\release\expo\modules\kotlin\functions\AsyncFunctionBuilder$AsyncBody$$inlined$toArgsArray$default$5.class
Sources:
D:\aarambh\frontend\node_modules\expo-modules-core\android\src\main\java\expo\modules\kotlin\functions\AsyncFunctionBuilder.kt
2026-08-14 11:39:19.158 [daemon] INFO: Message: output: output:
D:\aarambh\frontend\node_modules\expo-modules-core\android\build\tmp\kotlin-classes\release\expo\modules\kotlin\functions\AsyncFunctionBuilder$AsyncBody$$inlined$toArgsArray$default$6.class
Sources:
D:\aarambh\frontend\node_modules\expo-modules-core\android\src\main\java\expo\modules\kotlin\functions\AsyncFunctionBuilder.kt
2026-08-14 11:39:19.158 [daemon] INFO: Message: output: output:
D:\aarambh\frontend\node_modules\expo-modules-core\android\build\tmp\kotlin-classes\release\expo\modules\kotlin\functions\AsyncFunctionBuilder$AsyncBody$$inlined$toArgsArray$default$7.class
Sources:
D:\aarambh\frontend\node_modules\expo-modules-core\android\src\main\java\expo\modules\kotlin\functions\AsyncFunctionBuilder.kt
2026-08-14 11:39:19.158 [daemon] INFO: Message: output: output:
D:\aarambh\frontend\node_modules\expo-modules-core\android\build\tmp\kotlin-classes\release\expo\modules\kotlin\functions\AsyncFunctionBuilder$AsyncBody$12.class
Sources:
D:\aarambh\frontend\node_modules\expo-modules-core\android\src\main\java\expo\modules\kotlin\functions\AsyncFunctionBuilder.kt
2026-08-14 11:39:19.159 [daemon] INFO: Message: output: output:
D:\aarambh\frontend\node_modules\expo-modules-core\android\build\tmp\kotlin-classes\release\expo\modules\kotlin\functions\AsyncFunctionBuilder$AsyncBody$$inlined$toArgsArray$default$8.class
Sources:
D:\aarambh\frontend\node_modules\expo-modules-core\android\src\main\java\expo\modules\kotlin\functions\AsyncFunctionBuilder.kt
2026-08-14 11:39:19.159 [daemon] INFO: Message: output: output:
D:\aarambh\frontend\node_modules\expo-modules-core\android\build\tmp\kotlin-classes\release\expo\modules\kotlin\functions\AsyncFunctionBuilder$AsyncBody$$inlined$toArgsArray$default$9.class
Sources:
D:\aarambh\frontend\node_modules\expo-modules-core\android\src\main\java\expo\modules\kotlin\functions\AsyncFunctionBuilder.kt
2026-08-14 11:39:19.159 [daemon] INFO: Message: output: output:
D:\aarambh\frontend\node_modules\expo-modules-core\android\build\tmp\kotlin-classes\release\expo\modules\kotlin\functions\AsyncFunctionBuilder$AsyncBody$14.class
Sources:
D:\aarambh\frontend\node_modules\expo-modules-core\android\src\main\java\expo\modules\kotlin\functions\AsyncFunctionBuilder.kt
2026-08-14 11:39:19.159 [daemon] INFO: Message: output: output:
D:\aarambh\frontend\node_modules\expo-modules-core\android\build\tmp\kotlin-classes\release\expo\modules\kotlin\functions\AsyncFunctionBuilder$AsyncBody$$inlined$toArgsArray$default$10.class
Sources:
D:\aarambh\frontend\node_modules\expo-modules-core\android\src\main\java\expo\modules\kotlin\functions\AsyncFunctionBuilder.kt
2026-08-14 11:39:19.160 [daemon] INFO: Message: output: output:
D:\aarambh\frontend\node_modules\expo-modules-core\android\build\tmp\kotlin-classes\release\expo\modules\kotlin\functions\AsyncFunctionBuilder$AsyncBody$$inlined$toArgsArray$default$11.class
Sources:
D:\aarambh\frontend\node_modules\expo-modules-core\android\src\main\java\expo\modules\kotlin\functions\AsyncFunctionBuilder.kt
2026-08-14 11:39:19.160 [daemon] INFO: Message: output: output:
D:\aarambh\frontend\node_modules\expo-modules-core\android\build\tmp\kotlin-classes\release\expo\modules\kotlin\functions\AsyncFunctionBuilder$AsyncBody$$inlined$toArgsArray$default$12.class
Sources:
D:\aarambh\frontend\node_modules\expo-modules-core\android\src\main\java\expo\modules\kotlin\functions\AsyncFunctionBuilder.kt
2026-08-14 11:39:19.160 [daemon] INFO: Message: output: output:
D:\aarambh\frontend\node_modules\expo-modules-core\android\build\tmp\kotlin-classes\release\expo\modules\kotlin\functions\AsyncFunctionBuilder$AsyncBody$$inlined$toArgsArray$default$13.class
Sources:
D:\aarambh\frontend\node_modules\expo-modules-core\android\src\main\java\expo\modules\kotlin\functions\AsyncFunctionBuilder.kt
2026-08-14 11:39:19.161 [daemon] INFO: Message: output: output:
D:\aarambh\frontend\node_modules\expo-modules-core\android\build\tmp\kotlin-classes\release\expo\modules\kotlin\functions\AsyncFunctionBuilder$AsyncBody$16.class
Sources:
D:\aarambh\frontend\node_modules\expo-modules-core\android\src\main\java\expo\modules\kotlin\functions\AsyncFunctionBuilder.kt
2026-08-14 11:39:19.161 [daemon] INFO: Message: output: output:
D:\aarambh\frontend\node_modules\expo-modules-core\android\build\tmp\kotlin-classes\release\expo\modules\kotlin\functions\AsyncFunctionBuilder$AsyncBody$$inlined$toArgsArray$default$14.class
Sources:
D:\aarambh\frontend\node_modules\expo-modules-core\android\src\main\java\expo\modules\kotlin\functions\AsyncFunctionBuilder.kt
2026-08-14 11:39:19.161 [daemon] INFO: Message: output: output:
D:\aarambh\frontend\node_modules\expo-modules-core\android\build\tmp\kotlin-classes\release\expo\modules\kotlin\functions\AsyncFunctionBuilder$AsyncBody$$inlined$toArgsArray$default$15.class
Sources:
D:\aarambh\frontend\node_modules\expo-modules-core\android\src\main\java\expo\modules\kotlin\functions\AsyncFunctionBuilder.kt
2026-08-14 11:39:19.161 [daemon] INFO: Message: output: output:
D:\aarambh\frontend\node_modules\expo-modules-core\android\build\tmp\kotlin-classes\release\expo\modules\kotlin\functions\AsyncFunctionBuilder$AsyncBody$$inlined$toArgsArray$default$16.class
Sources:
D:\aarambh\frontend\node_modules\expo-modules-core\android\src\main\java\expo\modules\kotlin\functions\AsyncFunctionBuilder.kt
2026-08-14 11:39:19.161 [daemon] INFO: Message: output: output:
D:\aarambh\frontend\node_modules\expo-modules-core\android\build\tmp\kotlin-classes\release\expo\modules\kotlin\functions\AsyncFunctionBuilder$AsyncBody$18.class
Sources:
D:\aarambh\frontend\node_modules\expo-modules-core\android\src\main\java\expo\modules\kotlin\functions\AsyncFunctionBuilder.kt
2026-08-14 11:39:19.163 [daemon] INFO: Message: output: output:
D:\aarambh\frontend\node_modules\expo-modules-core\android\build\tmp\kotlin-classes\release\expo\modules\kotlin\functions\AsyncFunctionBuilder$AsyncBody$$inlined$toArgsArray$default$17.class
Sources:
D:\aarambh\frontend\node_modules\expo-modules-core\android\src\main\java\expo\modules\kotlin\functions\AsyncFunctionBuilder.kt
2026-08-14 11:39:19.163 [daemon] INFO: Message: output: output:
D:\aarambh\frontend\node_modules\expo-modules-core\android\build\tmp\kotlin-classes\release\expo\modules\kotlin\functions\AsyncFunctionBuilder$AsyncBody$$inlined$toArgsArray$default$18.class
Sources:
D:\aarambh\frontend\node_modules\expo-modules-core\android\src\main\java\expo\modules\kotlin\functions\AsyncFunctionBuilder.kt
2026-08-14 11:39:19.163 [daemon] INFO: Message: output: output:
D:\aarambh\frontend\node_modules\expo-modules-core\android\build\tmp\kotlin-classes\release\expo\modules\kotlin\functions\AsyncFunctionBuilder$AsyncBody$$inlined$toArgsArray$default$19.class
Sources:
D:\aarambh\frontend\node_modules\expo-modules-core\android\src\main\java\expo\modules\kotlin\functions\AsyncFunctionBuilder.kt
2026-08-14 11:39:19.164 [daemon] INFO: Message: output: output:
D:\aarambh\frontend\node_modules\expo-modules-core\android\build\tmp\kotlin-classes\release\expo\modules\kotlin\functions\AsyncFunctionBuilder$AsyncBody$$inlined$toArgsArray$default$20.class
Sources:
D:\aarambh\frontend\node_modules\expo-modules-core\android\src\main\java\expo\modules\kotlin\functions\AsyncFunctionBuilder.kt
2026-08-14 11:39:19.164 [daemon] INFO: Message: output: output:
D:\aarambh\frontend\node_modules\expo-modules-core\android\build\tmp\kotlin-classes\release\expo\modules\kotlin\functions\AsyncFunctionBuilder$AsyncBody$$inlined$toArgsArray$default$21.class
Sources:
D:\aarambh\frontend\node_modules\expo-modules-core\android\src\main\java\expo\modules\kotlin\functions\AsyncFunctionBuilder.kt
2026-08-14 11:39:19.164 [daemon] INFO: Message: output: output:
D:\aarambh\frontend\node_modules\expo-modules-core\android\build\tmp\kotlin-classes\release\expo\modules\kotlin\functions\AsyncFunctionBuilder$AsyncBody$20.class
Sources:
D:\aarambh\frontend\node_modules\expo-modules-core\android\src\main\java\expo\modules\kotlin\functions\AsyncFunctionBuilder.kt
2026-08-14 11:39:19.164 [daemon] INFO: Message: output: output:
D:\aarambh\frontend\node_modules\expo-modules-core\android\build\tmp\kotlin-classes\release\expo\modules\kotlin\functions\AsyncFunctionBuilder$AsyncBody$$inlined$toArgsArray$default$22.class
Sources:
D:\aarambh\frontend\node_modules\expo-modules-core\android\src\main\java\expo\modules\kotlin\functions\AsyncFunctionBuilder.kt
2026-08-14 11:39:19.165 [daemon] INFO: Message: output: output:
D:\aarambh\frontend\node_modules\expo-modules-core\android\build\tmp\kotlin-classes\release\expo\modules\kotlin\functions\AsyncFunctionBuilder$AsyncBody$$inlined$toArgsArray$default$23.class
Sources:
D:\aarambh\frontend\node_modules\expo-modules-core\android\src\main\java\expo\modules\kotlin\functions\AsyncFunctionBuilder.kt
2026-08-14 11:39:19.165 [daemon] INFO: Message: output: output:
D:\aarambh\frontend\node_modules\expo-modules-core\android\build\tmp\kotlin-classes\release\expo\modules\kotlin\functions\AsyncFunctionBuilder$AsyncBody$$inlined$toArgsArray$default$24.class
Sources:
D:\aarambh\frontend\node_modules\expo-modules-core\android\src\main\java\expo\modules\kotlin\functions\AsyncFunctionBuilder.kt
2026-08-14 11:39:19.165 [daemon] INFO: Message: output: output:
D:\aarambh\frontend\node_modules\expo-modules-core\android\build\tmp\kotlin-classes\release\expo\modules\kotlin\functions\AsyncFunctionBuilder$AsyncBody$$inlined$toArgsArray$default$25.class
Sources:
D:\aarambh\frontend\node_modules\expo-modules-core\android\src\main\java\expo\modules\kotlin\functions\AsyncFunctionBuilder.kt
2026-08-14 11:39:19.166 [daemon] INFO: Message: output: output:
D:\aarambh\frontend\node_modules\expo-modules-core\android\build\tmp\kotlin-classes\release\expo\modules\kotlin\functions\AsyncFunctionBuilder$AsyncBody$22.class
Sources:
D:\aarambh\frontend\node_modules\expo-modules-core\android\src\main\java\expo\modules\kotlin\functions\AsyncFunctionBuilder.kt
2026-08-14 11:39:19.166 [daemon] INFO: Message: output: output:
D:\aarambh\frontend\node_modules\expo-modules-core\android\build\tmp\kotlin-classes\release\expo\modules\kotlin\functions\AsyncFunctionBuilder$AsyncBody$$inlined$toArgsArray$default$26.class
Sources:
D:\aarambh\frontend\node_modules\expo-modules-core\android\src\main\java\expo\modules\kotlin\functions\AsyncFunctionBuilder.kt
2026-08-14 11:39:19.166 [daemon] INFO: Message: output: output:
D:\aarambh\frontend\node_modules\expo-modules-core\android\build\tmp\kotlin-classes\release\expo\modules\kotlin\functions\AsyncFunctionBuilder$AsyncBody$$inlined$toArgsArray$default$27.class
Sources:
D:\aarambh\frontend\node_modules\expo-modules-core\android\src\main\java\expo\modules\kotlin\functions\AsyncFunctionBuilder.kt
2026-08-14 11:39:19.167 [daemon] INFO: Message: output: output:
D:\aarambh\frontend\node_modules\expo-modules-core\android\build\tmp\kotlin-classes\release\expo\modules\kotlin\functions\AsyncFunctionBuilder$AsyncBody$$inlined$toArgsArray$default$28.class
Sources:
D:\aarambh\frontend\node_modules\expo-modules-core\android\src\main\java\expo\modules\kotlin\functions\AsyncFunctionBuilder.kt
2026-08-14 11:39:19.167 [daemon] INFO: Message: output: output:
D:\aarambh\frontend\node_modules\expo-modules-core\android\build\tmp\kotlin-classes\release\expo\modules\kotlin\functions\AsyncFunctionBuilder$AsyncBody$$inlined$toArgsArray$default$29.class
Sources:
D:\aarambh\frontend\node_modules\expo-modules-core\android\src\main\java\expo\modules\kotlin\functions\AsyncFunctionBuilder.kt
2026-08-14 11:39:19.167 [daemon] INFO: Message: output: output:
D:\aarambh\frontend\node_modules\expo-modules-core\android\build\tmp\kotlin-classes\release\expo\modules\kotlin\functions\AsyncFunctionBuilder$AsyncBody$$inlined$toArgsArray$default$30.class
Sources:
D:\aarambh\frontend\node_modules\expo-modules-core\android\src\main\java\expo\modules\kotlin\functions\AsyncFunctionBuilder.kt
2026-08-14 11:39:19.167 [daemon] INFO: Message: output: output:
D:\aarambh\frontend\node_modules\expo-modules-core\android\build\tmp\kotlin-classes\release\expo\modules\kotlin\functions\AsyncFunctionBuilder$AsyncBody$$inlined$toArgsArray$default$31.class
Sources:
D:\aarambh\frontend\node_modules\expo-modules-core\android\src\main\java\expo\modules\kotlin\functions\AsyncFunctionBuilder.kt
2026-08-14 11:39:19.168 [daemon] INFO: Message: output: output:
D:\aarambh\frontend\node_modules\expo-modules-core\android\build\tmp\kotlin-classes\release\expo\modules\kotlin\functions\AsyncFunctionBuilder$AsyncBody$24.class
Sources:
D:\aarambh\frontend\node_modules\expo-modules-core\android\src\main\java\expo\modules\kotlin\functions\AsyncFunctionBuilder.kt
2026-08-14 11:39:19.168 [daemon] INFO: Message: output: output:
D:\aarambh\frontend\node_modules\expo-modules-core\android\build\tmp\kotlin-classes\release\expo\modules\kotlin\functions\AsyncFunctionBuilder$AsyncBody$$inlined$toArgsArray$default$32.class
Sources:
D:\aarambh\frontend\node_modules\expo-modules-core\android\src\main\java\expo\modules\kotlin\functions\AsyncFunctionBuilder.kt
2026-08-14 11:39:19.168 [daemon] INFO: Message: output: output:
D:\aarambh\frontend\node_modules\expo-modules-core\android\build\tmp\kotlin-classes\release\expo\modules\kotlin\functions\AsyncFunctionBuilder$AsyncBody$$inlined$toArgsArray$default$33.class
Sources:
D:\aarambh\frontend\node_modules\expo-modules-core\android\src\main\java\expo\modules\kotlin\functions\AsyncFunctionBuilder.kt
2026-08-14 11:39:19.168 [daemon] INFO: Message: output: output:
D:\aarambh\frontend\node_modules\expo-modules-core\android\build\tmp\kotlin-classes\release\expo\modules\kotlin\functions\AsyncFunctionBuilder$AsyncBody$$inlined$toArgsArray$default$34.class
Sources:
D:\aarambh\frontend\node_modules\expo-modules-core\android\src\main\java\expo\modules\kotlin\functions\AsyncFunctionBuilder.kt
2026-08-14 11:39:19.168 [daemon] INFO: Message: output: output:
D:\aarambh\frontend\node_modules\expo-modules-core\android\build\tmp\kotlin-classes\release\expo\modules\kotlin\functions\AsyncFunctionBuilder$AsyncBody$$inlined$toArgsArray$default$35.class
Sources:
D:\aarambh\frontend\node_modules\expo-modules-core\android\src\main\java\expo\modules\kotlin\functions\AsyncFunctionBuilder.kt
2026-08-14 11:39:19.168 [daemon] INFO: Message: output: output:
D:\aarambh\frontend\node_modules\expo-modules-core\android\build\tmp\kotlin-classes\release\expo\modules\kotlin\functions\AsyncFunctionBuilder$AsyncBody$$inlined$toArgsArray$default$36.class
Sources:
D:\aarambh\frontend\node_modules\expo-modules-core\android\src\main\java\expo\modules\kotlin\functions\AsyncFunctionBuilder.kt
2026-08-14 11:39:19.169 [daemon] INFO: Message: output: output:
D:\aarambh\frontend\node_modules\expo-modules-core\android\build\tmp\kotlin-classes\release\expo\modules\kotlin\functions\AsyncFunctionBuilder$AsyncBody$26.class
Sources:
D:\aarambh\frontend\node_modules\expo-modules-core\android\src\main\java\expo\modules\kotlin\functions\AsyncFunctionBuilder.kt
2026-08-14 11:39:19.169 [daemon] INFO: Message: output: output:
D:\aarambh\frontend\node_modules\expo-modules-core\android\build\tmp\kotlin-classes\release\expo\modules\kotlin\functions\AsyncFunctionBuilder$AsyncBody$$inlined$toArgsArray$default$37.class
Sources:
D:\aarambh\frontend\node_modules\expo-modules-core\android\src\main\java\expo\modules\kotlin\functions\AsyncFunctionBuilder.kt
2026-08-14 11:39:19.170 [daemon] INFO: Message: output: output:
D:\aarambh\frontend\node_modules\expo-modules-core\android\build\tmp\kotlin-classes\release\expo\modules\kotlin\functions\AsyncFunctionBuilder$AsyncBody$$inlined$toArgsArray$default$38.class
Sources:
D:\aarambh\frontend\node_modules\expo-modules-core\android\src\main\java\expo\modules\kotlin\functions\AsyncFunctionBuilder.kt
2026-08-14 11:39:19.171 [daemon] INFO: Message: output: output:
D:\aarambh\frontend\node_modules\expo-modules-core\android\build\tmp\kotlin-classes\release\expo\modules\kotlin\functions\AsyncFunctionBuilder$AsyncBody$$inlined$toArgsArray$default$39.class
Sources:
D:\aarambh\frontend\node_modules\expo-modules-core\android\src\main\java\expo\modules\kotlin\functions\AsyncFunctionBuilder.kt
2026-08-14 11:39:19.171 [daemon] INFO: Message: output: output:
D:\aarambh\frontend\node_modules\expo-modules-core\android\build\tmp\kotlin-classes\release\expo\modules\kotlin\functions\AsyncFunctionBuilder$AsyncBody$$inlined$toArgsArray$default$40.class
Sources:
D:\aarambh\frontend\node_modules\expo-modules-core\android\src\main\java\expo\modules\kotlin\functions\AsyncFunctionBuilder.kt
2026-08-14 11:39:19.171 [daemon] INFO: Message: output: output:
D:\aarambh\frontend\node_modules\expo-modules-core\android\build\tmp\kotlin-classes\release\expo\modules\kotlin\functions\AsyncFunctionBuilder$AsyncBody$$inlined$toArgsArray$default$41.class
Sources:
D:\aarambh\frontend\node_modules\expo-modules-core\android\src\main\java\expo\modules\kotlin\functions\AsyncFunctionBuilder.kt
2026-08-14 11:39:19.171 [daemon] INFO: Message: output: output:
D:\aarambh\frontend\node_modules\expo-modules-core\android\build\tmp\kotlin-classes\release\expo\modules\kotlin\functions\AsyncFunctionBuilder$AsyncBody$$inlined$toArgsArray$default$42.class
Sources:
D:\aarambh\frontend\node_modules\expo-modules-core\android\src\main\java\expo\modules\kotlin\functions\AsyncFunctionBuilder.kt
2026-08-14 11:39:19.171 [daemon] INFO: Message: output: output:
D:\aarambh\frontend\node_modules\expo-modules-core\android\build\tmp\kotlin-classes\release\expo\modules\kotlin\functions\AsyncFunctionBuilder$AsyncBody$$inlined$toArgsArray$default$43.class
Sources:
D:\aarambh\frontend\node_modules\expo-modules-core\android\src\main\java\expo\modules\kotlin\functions\AsyncFunctionBuilder.kt
2026-08-14 11:39:19.173 [daemon] INFO: Message: output: output:
D:\aarambh\frontend\node_modules\expo-modules-core\android\build\tmp\kotlin-classes\release\expo\modules\kotlin\functions\AsyncFunctionBuilder$AsyncBody$28.class
Sources:
D:\aarambh\frontend\node_modules\expo-modules-core\android\src\main\java\expo\modules\kotlin\functions\AsyncFunctionBuilder.kt
2026-08-14 11:39:19.173 [daemon] INFO: Message: output: output:
D:\aarambh\frontend\node_modules\expo-modules-core\android\build\tmp\kotlin-classes\release\expo\modules\kotlin\functions\AsyncFunctionBuilder$AsyncBody$$inlined$toArgsArray$default$44.class
Sources:
D:\aarambh\frontend\node_modules\expo-modules-core\android\src\main\java\expo\modules\kotlin\functions\AsyncFunctionBuilder.kt
2026-08-14 11:39:19.174 [daemon] INFO: Message: output: output:
D:\aarambh\frontend\node_modules\expo-modules-core\android\build\tmp\kotlin-classes\release\expo\modules\kotlin\functions\AsyncFunctionBuilder$AsyncBody$$inlined$toArgsArray$default$45.class
Sources:
D:\aarambh\frontend\node_modules\expo-modules-core\android\src\main\java\expo\modules\kotlin\functions\AsyncFunctionBuilder.kt
2026-08-14 11:39:19.174 [daemon] INFO: Message: output: output:
D:\aarambh\frontend\node_modules\expo-modules-core\android\build\tmp\kotlin-classes\release\expo\modules\kotlin\functions\AsyncFunctionBuilder$AsyncBody$$inlined$toArgsArray$default$46.class
Sources:
D:\aarambh\frontend\node_modules\expo-modules-core\android\src\main\java\expo\modules\kotlin\functions\AsyncFunctionBuilder.kt
2026-08-14 11:39:19.174 [daemon] INFO: Message: output: output:
D:\aarambh\frontend\node_modules\expo-modules-core\android\build\tmp\kotlin-classes\release\expo\modules\kotlin\functions\AsyncFunctionBuilder$AsyncBody$$inlined$toArgsArray$default$47.class
Sources:
D:\aarambh\frontend\node_modules\expo-modules-core\android\src\main\java\expo\modules\kotlin\functions\AsyncFunctionBuilder.kt
2026-08-14 11:39:19.174 [daemon] INFO: Message: output: output:
D:\aarambh\frontend\node_modules\expo-modules-core\android\build\tmp\kotlin-classes\release\expo\modules\kotlin\functions\AsyncFunctionBuilder$AsyncBody$$inlined$toArgsArray$default$48.class
Sources:
D:\aarambh\frontend\node_modules\expo-modules-core\android\src\main\java\expo\modules\kotlin\functions\AsyncFunctionBuilder.kt
2026-08-14 11:39:19.175 [daemon] INFO: Message: output: output:
D:\aarambh\frontend\node_modules\expo-modules-core\android\build\tmp\kotlin-classes\release\expo\modules\kotlin\functions\AsyncFunctionBuilder$AsyncBody$$inlined$toArgsArray$default$49.class
Sources:
D:\aarambh\frontend\node_modules\expo-modules-core\android\src\main\java\expo\modules\kotlin\functions\AsyncFunctionBuilder.kt
2026-08-14 11:39:19.175 [daemon] INFO: Message: output: output:
D:\aarambh\frontend\node_modules\expo-modules-core\android\build\tmp\kotlin-classes\release\expo\modules\kotlin\functions\AsyncFunctionBuilder$AsyncBody$30.class
Sources:
D:\aarambh\frontend\node_modules\expo-modules-core\android\src\main\java\expo\modules\kotlin\functions\AsyncFunctionBuilder.kt
2026-08-14 11:39:19.175 [daemon] INFO: Message: output: output:
D:\aarambh\frontend\node_modules\expo-modules-core\android\build\tmp\kotlin-classes\release\expo\modules\kotlin\functions\AsyncFunctionBuilder$AsyncBody$$inlined$toArgsArray$default$50.class
Sources:
D:\aarambh\frontend\node_modules\expo-modules-core\android\src\main\java\expo\modules\kotlin\functions\AsyncFunctionBuilder.kt
2026-08-14 11:39:19.176 [daemon] INFO: Message: output: output:
D:\aarambh\frontend\node_modules\expo-modules-core\android\build\tmp\kotlin-classes\release\expo\modules\kotlin\functions\AsyncFunctionBuilder$AsyncBody$$inlined$toArgsArray$default$51.class
Sources:
D:\aarambh\frontend\node_modules\expo-modules-core\android\src\main\java\expo\modules\kotlin\functions\AsyncFunctionBuilder.kt
2026-08-14 11:39:19.176 [daemon] INFO: Message: output: output:
D:\aarambh\frontend\node_modules\expo-modules-core\android\build\tmp\kotlin-classes\release\expo\modules\kotlin\functions\AsyncFunctionBuilder$AsyncBody$$inlined$toArgsArray$default$52.class
Sources:
D:\aarambh\frontend\node_modules\expo-modules-core\android\src\main\java\expo\modules\kotlin\functions\AsyncFunctionBuilder.kt
2026-08-14 11:39:19.176 [daemon] INFO: Message: output: output:
D:\aarambh\frontend\node_modules\expo-modules-core\android\build\tmp\kotlin-classes\release\expo\modules\kotlin\functions\AsyncFunctionBuilder$AsyncBody$$inlined$toArgsArray$default$53.class
Sources:
D:\aarambh\frontend\node_modules\expo-modules-core\android\src\main\java\expo\modules\kotlin\functions\AsyncFunctionBuilder.kt
2026-08-14 11:39:19.177 [daemon] INFO: Message: output: output:
D:\aarambh\frontend\node_modules\expo-modules-core\android\build\tmp\kotlin-classes\release\expo\modules\kotlin\functions\AsyncFunctionBuilder$AsyncBody$$inlined$toArgsArray$default$54.class
Sources:
D:\aarambh\frontend\node_modules\expo-modules-core\android\src\main\java\expo\modules\kotlin\functions\AsyncFunctionBuilder.kt
2026-08-14 11:39:19.177 [daemon] INFO: Message: output: output:
D:\aarambh\frontend\node_modules\expo-modules-core\android\build\tmp\kotlin-classes\release\expo\modules\kotlin\functions\AsyncFunctionBuilder$AsyncBody$$inlined$toArgsArray$default$55.class
Sources:
D:\aarambh\frontend\node_modules\expo-modules-core\android\src\main\java\expo\modules\kotlin\functions\AsyncFunctionBuilder.kt
2026-08-14 11:39:19.177 [daemon] INFO: Message: output: output:
D:\aarambh\frontend\node_modules\expo-modules-core\android\build\tmp\kotlin-classes\release\expo\modules\kotlin\functions\AsyncFunctionBuilder$AsyncBody$$inlined$toArgsArray$default$56.class
Sources:
D:\aarambh\frontend\node_modules\expo-modules-core\android\src\main\java\expo\modules\kotlin\functions\AsyncFunctionBuilder.kt
2026-08-14 11:39:19.177 [daemon] INFO: Message: output: output:
D:\aarambh\frontend\node_modules\expo-modules-core\android\build\tmp\kotlin-classes\release\expo\modules\kotlin\functions\AsyncFunctionBuilder$AsyncBody$$inlined$toArgsArray$default$57.class
Sources:
D:\aarambh\frontend\node_modules\expo-modules-core\android\src\main\java\expo\modules\kotlin\functions\AsyncFunctionBuilder.kt
2026-08-14 11:39:19.177 [daemon] INFO: Message: output: output:
D:\aarambh\frontend\node_modules\expo-modules-core\android\build\tmp\kotlin-classes\release\expo\modules\kotlin\functions\AsyncFunctionBuilder$AsyncBody$32.class
Sources:
D:\aarambh\frontend\node_modules\expo-modules-core\android\src\main\java\expo\modules\kotlin\functions\AsyncFunctionBuilder.kt
2026-08-14 11:39:19.178 [daemon] INFO: Message: output: output:
D:\aarambh\frontend\node_modules\expo-modules-core\android\build\tmp\kotlin-classes\release\expo\modules\kotlin\functions\AsyncFunctionBuilder$AsyncBody$$inlined$toArgsArray$default$58.class
Sources:
D:\aarambh\frontend\node_modules\expo-modules-core\android\src\main\java\expo\modules\kotlin\functions\AsyncFunctionBuilder.kt
2026-08-14 11:39:19.178 [daemon] INFO: Message: output: output:
D:\aarambh\frontend\node_modules\expo-modules-core\android\build\tmp\kotlin-classes\release\expo\modules\kotlin\functions\AsyncFunctionBuilder$AsyncBody$$inlined$toArgsArray$default$59.class
Sources:
D:\aarambh\frontend\node_modules\expo-modules-core\android\src\main\java\expo\modules\kotlin\functions\AsyncFunctionBuilder.kt
2026-08-14 11:39:19.178 [daemon] INFO: Message: output: output:
D:\aarambh\frontend\node_modules\expo-modules-core\android\build\tmp\kotlin-classes\release\expo\modules\kotlin\functions\AsyncFunctionBuilder$AsyncBody$$inlined$toArgsArray$default$60.class
Sources:
D:\aarambh\frontend\node_modules\expo-modules-core\android\src\main\java\expo\modules\kotlin\functions\AsyncFunctionBuilder.kt
2026-08-14 11:39:19.178 [daemon] INFO: Message: output: output:
D:\aarambh\frontend\node_modules\expo-modules-core\android\build\tmp\kotlin-classes\release\expo\modules\kotlin\functions\AsyncFunctionBuilder$AsyncBody$$inlined$toArgsArray$default$61.class
Sources:
D:\aarambh\frontend\node_modules\expo-modules-core\android\src\main\java\expo\modules\kotlin\functions\AsyncFunctionBuilder.kt
2026-08-14 11:39:19.178 [daemon] INFO: Message: output: output:
D:\aarambh\frontend\node_modules\expo-modules-core\android\build\tmp\kotlin-classes\release\expo\modules\kotlin\functions\AsyncFunctionBuilder$AsyncBody$$inlined$toArgsArray$default$62.class
Sources:
D:\aarambh\frontend\node_modules\expo-modules-core\android\src\main\java\expo\modules\kotlin\functions\AsyncFunctionBuilder.kt
2026-08-14 11:39:19.179 [daemon] INFO: Message: output: output:
D:\aarambh\frontend\node_modules\expo-modules-core\android\build\tmp\kotlin-classes\release\expo\modules\kotlin\functions\AsyncFunctionBuilder$AsyncBody$$inlined$toArgsArray$default$63.class
Sources:
D:\aarambh\frontend\node_modules\expo-modules-core\android\src\main\java\expo\modules\kotlin\functions\AsyncFunctionBuilder.kt
2026-08-14 11:39:19.179 [daemon] INFO: Message: output: output:
D:\aarambh\frontend\node_modules\expo-modules-core\android\build\tmp\kotlin-classes\release\expo\modules\kotlin\functions\AsyncFunctionBuilder$AsyncBody$$inlined$toArgsArray$default$64.class
Sources:
D:\aarambh\frontend\node_modules\expo-modules-core\android\src\main\java\expo\modules\kotlin\functions\AsyncFunctionBuilder.kt
2026-08-14 11:39:19.179 [daemon] INFO: Message: output: output:
D:\aarambh\frontend\node_modules\expo-modules-core\android\build\tmp\kotlin-classes\release\expo\modules\kotlin\functions\AsyncFunctionBuilder$AsyncBody$34.class
Sources:
D:\aarambh\frontend\node_modules\expo-modules-core\android\src\main\java\expo\modules\kotlin\functions\AsyncFunctionBuilder.kt
2026-08-14 11:39:19.180 [daemon] INFO: Message: output: output:
D:\aarambh\frontend\node_modules\expo-modules-core\android\build\tmp\kotlin-classes\release\expo\modules\kotlin\functions\AsyncFunctionBuilderKt.class
Sources:
D:\aarambh\frontend\node_modules\expo-modules-core\android\src\main\java\expo\modules\kotlin\functions\AsyncFunctionBuilder.kt
2026-08-14 11:39:19.180 [daemon] INFO: Message: output: output:
D:\aarambh\frontend\node_modules\expo-modules-core\android\build\tmp\kotlin-classes\release\expo\modules\kotlin\functions\AsyncFunctionBuilderKt$Coroutine$$inlined$SuspendBody$1.class
Sources:
D:\aarambh\frontend\node_modules\expo-modules-core\android\src\main\java\expo\modules\kotlin\functions\AsyncFunctionBuilder.kt
2026-08-14 11:39:19.181 [daemon] INFO: Message: output: output:
D:\aarambh\frontend\node_modules\expo-modules-core\android\build\tmp\kotlin-classes\release\expo\modules\kotlin\functions\AsyncFunctionBuilderKt$Coroutine$$inlined$SuspendBody$2.class
Sources:
D:\aarambh\frontend\node_modules\expo-modules-core\android\src\main\java\expo\modules\kotlin\functions\AsyncFunctionBuilder.kt
2026-08-14 11:39:19.181 [daemon] INFO: Message: output: output:
D:\aarambh\frontend\node_modules\expo-modules-core\android\build\tmp\kotlin-classes\release\expo\modules\kotlin\functions\AsyncFunctionBuilderKt$Coroutine$$inlined$SuspendBody$3.class
Sources:
D:\aarambh\frontend\node_modules\expo-modules-core\android\src\main\java\expo\modules\kotlin\functions\AsyncFunctionBuilder.kt
2026-08-14 11:39:19.181 [daemon] INFO: Message: output: output:
D:\aarambh\frontend\node_modules\expo-modules-core\android\build\tmp\kotlin-classes\release\expo\modules\kotlin\functions\AsyncFunctionBuilderKt$Coroutine$$inlined$SuspendBody$4.class
Sources:
D:\aarambh\frontend\node_modules\expo-modules-core\android\src\main\java\expo\modules\kotlin\functions\AsyncFunctionBuilder.kt
2026-08-14 11:39:19.181 [daemon] INFO: Message: output: output:
D:\aarambh\frontend\node_modules\expo-modules-core\android\build\tmp\kotlin-classes\release\expo\modules\kotlin\functions\AsyncFunctionBuilderKt$Coroutine$$inlined$SuspendBody$5.class
Sources:
D:\aarambh\frontend\node_modules\expo-modules-core\android\src\main\java\expo\modules\kotlin\functions\AsyncFunctionBuilder.kt
2026-08-14 11:39:19.182 [daemon] INFO: Message: output: output:
D:\aarambh\frontend\node_modules\expo-modules-core\android\build\tmp\kotlin-classes\release\expo\modules\kotlin\functions\AsyncFunctionBuilderKt$Coroutine$$inlined$SuspendBody$6.class
Sources:
D:\aarambh\frontend\node_modules\expo-modules-core\android\src\main\java\expo\modules\kotlin\functions\AsyncFunctionBuilder.kt
2026-08-14 11:39:19.182 [daemon] INFO: Message: output: output:
D:\aarambh\frontend\node_modules\expo-modules-core\android\build\tmp\kotlin-classes\release\expo\modules\kotlin\functions\AsyncFunctionBuilderKt$Coroutine$$inlined$SuspendBody$7.class
Sources:
D:\aarambh\frontend\node_modules\expo-modules-core\android\src\main\java\expo\modules\kotlin\functions\AsyncFunctionBuilder.kt
2026-08-14 11:39:19.182 [daemon] INFO: Message: output: output:
D:\aarambh\frontend\node_modules\expo-modules-core\android\build\tmp\kotlin-classes\release\expo\modules\kotlin\functions\AsyncFunctionBuilderKt$Coroutine$$inlined$SuspendBody$8.class
Sources:
D:\aarambh\frontend\node_modules\expo-modules-core\android\src\main\java\expo\modules\kotlin\functions\AsyncFunctionBuilder.kt
2026-08-14 11:39:19.183 [daemon] INFO: Message: output: output:
D:\aarambh\frontend\node_modules\expo-modules-core\android\build\tmp\kotlin-classes\release\expo\modules\kotlin\functions\AsyncFunctionBuilderKt$Coroutine$$inlined$SuspendBody$9.class
Sources:
D:\aarambh\frontend\node_modules\expo-modules-core\android\src\main\java\expo\modules\kotlin\functions\AsyncFunctionBuilder.kt
2026-08-14 11:39:19.183 [daemon] INFO: Message: output: output:
D:\aarambh\frontend\node_modules\expo-modules-core\android\build\tmp\kotlin-classes\release\expo\modules\kotlin\functions\AsyncFunctionBuilderKt$Coroutine$$inlined$SuspendBody$10.class
Sources:
D:\aarambh\frontend\node_modules\expo-modules-core\android\src\main\java\expo\modules\kotlin\functions\AsyncFunctionBuilder.kt
2026-08-14 11:39:19.183 [daemon] INFO: Message: output: output:
D:\aarambh\frontend\node_modules\expo-modules-core\android\build\tmp\kotlin-classes\release\expo\modules\kotlin\functions\AsyncFunctionBuilderKt$Coroutine$$inlined$SuspendBody$11.class
Sources:
D:\aarambh\frontend\node_modules\expo-modules-core\android\src\main\java\expo\modules\kotlin\functions\AsyncFunctionBuilder.kt
2026-08-14 11:39:19.183 [daemon] INFO: Message: output: output:
D:\aarambh\frontend\node_modules\expo-modules-core\android\build\tmp\kotlin-classes\release\expo\modules\kotlin\functions\AsyncFunctionBuilderKt$Coroutine$$inlined$SuspendBody$12.class
Sources:
D:\aarambh\frontend\node_modules\expo-modules-core\android\src\main\java\expo\modules\kotlin\functions\AsyncFunctionBuilder.kt
2026-08-14 11:39:19.183 [daemon] INFO: Message: output: output:
D:\aarambh\frontend\node_modules\expo-modules-core\android\build\tmp\kotlin-classes\release\expo\modules\kotlin\functions\AsyncFunctionBuilderKt$Coroutine$$inlined$SuspendBody$13.class
Sources:
D:\aarambh\frontend\node_modules\expo-modules-core\android\src\main\java\expo\modules\kotlin\functions\AsyncFunctionBuilder.kt
2026-08-14 11:39:19.183 [daemon] INFO: Message: output: output:
D:\aarambh\frontend\node_modules\expo-modules-core\android\build\tmp\kotlin-classes\release\expo\modules\kotlin\functions\AsyncFunctionBuilderKt$Coroutine$$inlined$SuspendBody$14.class
Sources:
D:\aarambh\frontend\node_modules\expo-modules-core\android\src\main\java\expo\modules\kotlin\functions\AsyncFunctionBuilder.kt
2026-08-14 11:39:19.185 [daemon] INFO: Message: output: output:
D:\aarambh\frontend\node_modules\expo-modules-core\android\build\tmp\kotlin-classes\release\expo\modules\kotlin\functions\AsyncFunctionBuilderKt$Coroutine$$inlined$SuspendBody$15.class
Sources:
D:\aarambh\frontend\node_modules\expo-modules-core\android\src\main\java\expo\modules\kotlin\functions\AsyncFunctionBuilder.kt
2026-08-14 11:39:19.185 [daemon] INFO: Message: output: output:
D:\aarambh\frontend\node_modules\expo-modules-core\android\build\tmp\kotlin-classes\release\expo\modules\kotlin\functions\AsyncFunctionBuilderKt$Coroutine$$inlined$SuspendBody$16.class
Sources:
D:\aarambh\frontend\node_modules\expo-modules-core\android\src\main\java\expo\modules\kotlin\functions\AsyncFunctionBuilder.kt
2026-08-14 11:39:19.185 [daemon] INFO: Message: output: output:
D:\aarambh\frontend\node_modules\expo-modules-core\android\build\tmp\kotlin-classes\release\expo\modules\kotlin\functions\AsyncFunctionBuilderKt$Coroutine$$inlined$SuspendBody$17.class
Sources:
D:\aarambh\frontend\node_modules\expo-modules-core\android\src\main\java\expo\modules\kotlin\functions\AsyncFunctionBuilder.kt
2026-08-14 11:39:19.187 [daemon] INFO: Message: output: output:
D:\aarambh\frontend\node_modules\expo-modules-core\android\build\tmp\kotlin-classes\release\expo\modules\kotlin\functions\AsyncFunctionBuilderKt$Coroutine$$inlined$SuspendBody$18.class
Sources:
D:\aarambh\frontend\node_modules\expo-modules-core\android\src\main\java\expo\modules\kotlin\functions\AsyncFunctionBuilder.kt
2026-08-14 11:39:19.188 [daemon] INFO: Message: output: output:
D:\aarambh\frontend\node_modules\expo-modules-core\android\build\tmp\kotlin-classes\release\expo\modules\kotlin\functions\AsyncFunctionBuilderKt$Coroutine$$inlined$SuspendBody$19.class
Sources:
D:\aarambh\frontend\node_modules\expo-modules-core\android\src\main\java\expo\modules\kotlin\functions\AsyncFunctionBuilder.kt
2026-08-14 11:39:19.188 [daemon] INFO: Message: output: output:
D:\aarambh\frontend\node_modules\expo-modules-core\android\build\tmp\kotlin-classes\release\expo\modules\kotlin\functions\AsyncFunctionBuilderKt$Coroutine$$inlined$SuspendBody$20.class
Sources:
D:\aarambh\frontend\node_modules\expo-modules-core\android\src\main\java\expo\modules\kotlin\functions\AsyncFunctionBuilder.kt
2026-08-14 11:39:19.189 [daemon] INFO: Message: output: output:
D:\aarambh\frontend\node_modules\expo-modules-core\android\build\tmp\kotlin-classes\release\expo\modules\kotlin\functions\AsyncFunctionBuilderKt$Coroutine$$inlined$SuspendBody$21.class
Sources:
D:\aarambh\frontend\node_modules\expo-modules-core\android\src\main\java\expo\modules\kotlin\functions\AsyncFunctionBuilder.kt
2026-08-14 11:39:19.189 [daemon] INFO: Message: output: output:
D:\aarambh\frontend\node_modules\expo-modules-core\android\build\tmp\kotlin-classes\release\expo\modules\kotlin\functions\AsyncFunctionBuilderKt$Coroutine$$inlined$SuspendBody$22.class
Sources:
D:\aarambh\frontend\node_modules\expo-modules-core\android\src\main\java\expo\modules\kotlin\functions\AsyncFunctionBuilder.kt
2026-08-14 11:39:19.189 [daemon] INFO: Message: output: output:
D:\aarambh\frontend\node_modules\expo-modules-core\android\build\tmp\kotlin-classes\release\expo\modules\kotlin\functions\AsyncFunctionBuilderKt$Coroutine$$inlined$SuspendBody$23.class
Sources:
D:\aarambh\frontend\node_modules\expo-modules-core\android\src\main\java\expo\modules\kotlin\functions\AsyncFunctionBuilder.kt
2026-08-14 11:39:19.190 [daemon] INFO: Message: output: output:
D:\aarambh\frontend\node_modules\expo-modules-core\android\build\tmp\kotlin-classes\release\expo\modules\kotlin\functions\AsyncFunctionBuilderKt$Coroutine$$inlined$SuspendBody$24.class
Sources:
D:\aarambh\frontend\node_modules\expo-modules-core\android\src\main\java\expo\modules\kotlin\functions\AsyncFunctionBuilder.kt
2026-08-14 11:39:19.190 [daemon] INFO: Message: output: output:
D:\aarambh\frontend\node_modules\expo-modules-core\android\build\tmp\kotlin-classes\release\expo\modules\kotlin\functions\AsyncFunctionBuilderKt$Coroutine$$inlined$SuspendBody$25.class
Sources:
D:\aarambh\frontend\node_modules\expo-modules-core\android\src\main\java\expo\modules\kotlin\functions\AsyncFunctionBuilder.kt
2026-08-14 11:39:19.190 [daemon] INFO: Message: output: output:
D:\aarambh\frontend\node_modules\expo-modules-core\android\build\tmp\kotlin-classes\release\expo\modules\kotlin\functions\AsyncFunctionBuilderKt$Coroutine$$inlined$SuspendBody$26.class
Sources:
D:\aarambh\frontend\node_modules\expo-modules-core\android\src\main\java\expo\modules\kotlin\functions\AsyncFunctionBuilder.kt
2026-08-14 11:39:19.190 [daemon] INFO: Message: output: output:
D:\aarambh\frontend\node_modules\expo-modules-core\android\build\tmp\kotlin-classes\release\expo\modules\kotlin\functions\AsyncFunctionBuilderKt$Coroutine$$inlined$SuspendBody$27.class
Sources:
D:\aarambh\frontend\node_modules\expo-modules-core\android\src\main\java\expo\modules\kotlin\functions\AsyncFunctionBuilder.kt
2026-08-14 11:39:19.191 [daemon] INFO: Message: output: output:
D:\aarambh\frontend\node_modules\expo-modules-core\android\build\tmp\kotlin-classes\release\expo\modules\kotlin\functions\AsyncFunctionBuilderKt$Coroutine$$inlined$SuspendBody$28.class
Sources:
D:\aarambh\frontend\node_modules\expo-modules-core\android\src\main\java\expo\modules\kotlin\functions\AsyncFunctionBuilder.kt
2026-08-14 11:39:19.191 [daemon] INFO: Message: output: output:
D:\aarambh\frontend\node_modules\expo-modules-core\android\build\tmp\kotlin-classes\release\expo\modules\kotlin\functions\AsyncFunctionBuilderKt$Coroutine$$inlined$SuspendBody$29.class
Sources:
D:\aarambh\frontend\node_modules\expo-modules-core\android\src\main\java\expo\modules\kotlin\functions\AsyncFunctionBuilder.kt
2026-08-14 11:39:19.191 [daemon] INFO: Message: output: output:
D:\aarambh\frontend\node_modules\expo-modules-core\android\build\tmp\kotlin-classes\release\expo\modules\kotlin\functions\AsyncFunctionBuilderKt$Coroutine$$inlined$SuspendBody$30.class
Sources:
D:\aarambh\frontend\node_modules\expo-modules-core\android\src\main\java\expo\modules\kotlin\functions\AsyncFunctionBuilder.kt
2026-08-14 11:39:19.191 [daemon] INFO: Message: output: output:
D:\aarambh\frontend\node_modules\expo-modules-core\android\build\tmp\kotlin-classes\release\expo\modules\kotlin\functions\AsyncFunctionBuilderKt$Coroutine$$inlined$SuspendBody$31.class
Sources:
D:\aarambh\frontend\node_modules\expo-modules-core\android\src\main\java\expo\modules\kotlin\functions\AsyncFunctionBuilder.kt
2026-08-14 11:39:19.192 [daemon] INFO: Message: output: output:
D:\aarambh\frontend\node_modules\expo-modules-core\android\build\tmp\kotlin-classes\release\expo\modules\kotlin\functions\AsyncFunctionBuilderKt$Coroutine$$inlined$SuspendBody$32.class
Sources:
D:\aarambh\frontend\node_modules\expo-modules-core\android\src\main\java\expo\modules\kotlin\functions\AsyncFunctionBuilder.kt
2026-08-14 11:39:19.192 [daemon] INFO: Message: output: output:
D:\aarambh\frontend\node_modules\expo-modules-core\android\build\tmp\kotlin-classes\release\expo\modules\kotlin\functions\AsyncFunctionBuilderKt$Coroutine$$inlined$SuspendBody$33.class
Sources:
D:\aarambh\frontend\node_modules\expo-modules-core\android\src\main\java\expo\modules\kotlin\functions\AsyncFunctionBuilder.kt
2026-08-14 11:39:19.192 [daemon] INFO: Message: output: output:
D:\aarambh\frontend\node_modules\expo-modules-core\android\build\tmp\kotlin-classes\release\expo\modules\kotlin\functions\AsyncFunctionBuilderKt$Coroutine$$inlined$SuspendBody$34.class
Sources:
D:\aarambh\frontend\node_modules\expo-modules-core\android\src\main\java\expo\modules\kotlin\functions\AsyncFunctionBuilder.kt
2026-08-14 11:39:19.192 [daemon] INFO: Message: output: output:
D:\aarambh\frontend\node_modules\expo-modules-core\android\build\tmp\kotlin-classes\release\expo\modules\kotlin\functions\AsyncFunctionBuilderKt$Coroutine$$inlined$SuspendBody$35.class
Sources:
D:\aarambh\frontend\node_modules\expo-modules-core\android\src\main\java\expo\modules\kotlin\functions\AsyncFunctionBuilder.kt
2026-08-14 11:39:19.193 [daemon] INFO: Message: output: output:
D:\aarambh\frontend\node_modules\expo-modules-core\android\build\tmp\kotlin-classes\release\expo\modules\kotlin\functions\AsyncFunctionBuilderKt$Coroutine$$inlined$SuspendBody$36.class
Sources:
D:\aarambh\frontend\node_modules\expo-modules-core\android\src\main\java\expo\modules\kotlin\functions\AsyncFunctionBuilder.kt
2026-08-14 11:39:19.193 [daemon] INFO: Message: output: output:
D:\aarambh\frontend\node_modules\expo-modules-core\android\build\tmp\kotlin-classes\release\expo\modules\kotlin\functions\AsyncFunctionComponent.class
Sources:
D:\aarambh\frontend\node_modules\expo-modules-core\android\src\main\java\expo\modules\kotlin\functions\AsyncFunctionComponent.kt
2026-08-14 11:39:19.193 [daemon] INFO: Message: output: output:
D:\aarambh\frontend\node_modules\expo-modules-core\android\build\tmp\kotlin-classes\release\expo\modules\kotlin\functions\AsyncFunctionComponent$dispatchOnQueue$1.class
Sources:
D:\aarambh\frontend\node_modules\expo-modules-core\android\src\main\java\expo\modules\kotlin\functions\AsyncFunctionComponent.kt
2026-08-14 11:39:19.193 [daemon] INFO: Message: output: output:
D:\aarambh\frontend\node_modules\expo-modules-core\android\build\tmp\kotlin-classes\release\expo\modules\kotlin\functions\AsyncFunctionComponent$dispatchOnQueue$3.class
Sources:
D:\aarambh\frontend\node_modules\expo-modules-core\android\src\main\java\expo\modules\kotlin\functions\AsyncFunctionComponent.kt
2026-08-14 11:39:19.193 [daemon] INFO: Message: output: output:
D:\aarambh\frontend\node_modules\expo-modules-core\android\build\tmp\kotlin-classes\release\expo\modules\kotlin\functions\AsyncFunctionComponent$dispatchOnQueue$4.class
Sources:
D:\aarambh\frontend\node_modules\expo-modules-core\android\src\main\java\expo\modules\kotlin\functions\AsyncFunctionComponent.kt
2026-08-14 11:39:19.193 [daemon] INFO: Message: output: output:
D:\aarambh\frontend\node_modules\expo-modules-core\android\build\tmp\kotlin-classes\release\expo\modules\kotlin\functions\AsyncFunctionWithPromiseComponent.class
Sources:
D:\aarambh\frontend\node_modules\expo-modules-core\android\src\main\java\expo\modules\kotlin\functions\AsyncFunctionWithPromiseComponent.kt
2026-08-14 11:39:19.194 [daemon] INFO: Message: output: output:
D:\aarambh\frontend\node_modules\expo-modules-core\android\build\tmp\kotlin-classes\release\expo\modules\kotlin\functions\FunctionQueue.class
Sources:
D:\aarambh\frontend\node_modules\expo-modules-core\android\src\main\java\expo\modules\kotlin\functions\BaseAsyncFunctionComponent.kt
2026-08-14 11:39:19.194 [daemon] INFO: Message: output: output:
D:\aarambh\frontend\node_modules\expo-modules-core\android\build\tmp\kotlin-classes\release\expo\modules\kotlin\functions\Queues.class
Sources:
D:\aarambh\frontend\node_modules\expo-modules-core\android\src\main\java\expo\modules\kotlin\functions\BaseAsyncFunctionComponent.kt
2026-08-14 11:39:19.194 [daemon] INFO: Message: output: output:
D:\aarambh\frontend\node_modules\expo-modules-core\android\build\tmp\kotlin-classes\release\expo\modules\kotlin\functions\CustomQueue.class
Sources:
D:\aarambh\frontend\node_modules\expo-modules-core\android\src\main\java\expo\modules\kotlin\functions\BaseAsyncFunctionComponent.kt
2026-08-14 11:39:19.194 [daemon] INFO: Message: output: output:
D:\aarambh\frontend\node_modules\expo-modules-core\android\build\tmp\kotlin-classes\release\expo\modules\kotlin\functions\BaseAsyncFunctionComponent.class
Sources:
D:\aarambh\frontend\node_modules\expo-modules-core\android\src\main\java\expo\modules\kotlin\functions\BaseAsyncFunctionComponent.kt
2026-08-14 11:39:19.194 [daemon] INFO: Message: output: output:
D:\aarambh\frontend\node_modules\expo-modules-core\android\build\tmp\kotlin-classes\release\expo\modules\kotlin\functions\FunctionBuilder.class
Sources:
D:\aarambh\frontend\node_modules\expo-modules-core\android\src\main\java\expo\modules\kotlin\functions\FunctionBuilder.kt
2026-08-14 11:39:19.194 [daemon] INFO: Message: output: output:
D:\aarambh\frontend\node_modules\expo-modules-core\android\build\tmp\kotlin-classes\release\expo\modules\kotlin\functions\FunctionBuilder$Body$1.class
Sources:
D:\aarambh\frontend\node_modules\expo-modules-core\android\src\main\java\expo\modules\kotlin\functions\FunctionBuilder.kt
2026-08-14 11:39:19.194 [daemon] INFO: Message: output: output:
D:\aarambh\frontend\node_modules\expo-modules-core\android\build\tmp\kotlin-classes\release\expo\modules\kotlin\functions\FunctionBuilder$Body$3.class
Sources:
D:\aarambh\frontend\node_modules\expo-modules-core\android\src\main\java\expo\modules\kotlin\functions\FunctionBuilder.kt
2026-08-14 11:39:19.194 [daemon] INFO: Message: output: output:
D:\aarambh\frontend\node_modules\expo-modules-core\android\build\tmp\kotlin-classes\release\expo\modules\kotlin\functions\FunctionBuilder$Body$$inlined$toArgsArray$default$1.class
Sources:
D:\aarambh\frontend\node_modules\expo-modules-core\android\src\main\java\expo\modules\kotlin\functions\FunctionBuilder.kt
2026-08-14 11:39:19.194 [daemon] INFO: Message: output: output:
D:\aarambh\frontend\node_modules\expo-modules-core\android\build\tmp\kotlin-classes\release\expo\modules\kotlin\functions\FunctionBuilder$Body$5.class
Sources:
D:\aarambh\frontend\node_modules\expo-modules-core\android\src\main\java\expo\modules\kotlin\functions\FunctionBuilder.kt
2026-08-14 11:39:19.196 [daemon] INFO: Message: output: output:
D:\aarambh\frontend\node_modules\expo-modules-core\android\build\tmp\kotlin-classes\release\expo\modules\kotlin\functions\FunctionBuilder$Body$$inlined$toArgsArray$default$2.class
Sources:
D:\aarambh\frontend\node_modules\expo-modules-core\android\src\main\java\expo\modules\kotlin\functions\FunctionBuilder.kt
2026-08-14 11:39:19.196 [daemon] INFO: Message: output: output:
D:\aarambh\frontend\node_modules\expo-modules-core\android\build\tmp\kotlin-classes\release\expo\modules\kotlin\functions\FunctionBuilder$Body$$inlined$toArgsArray$default$3.class
Sources:
D:\aarambh\frontend\node_modules\expo-modules-core\android\src\main\java\expo\modules\kotlin\functions\FunctionBuilder.kt
2026-08-14 11:39:19.196 [daemon] INFO: Message: output: output:
D:\aarambh\frontend\node_modules\expo-modules-core\android\build\tmp\kotlin-classes\release\expo\modules\kotlin\functions\FunctionBuilder$Body$7.class
Sources:
D:\aarambh\frontend\node_modules\expo-modules-core\android\src\main\java\expo\modules\kotlin\functions\FunctionBuilder.kt
2026-08-14 11:39:19.196 [daemon] INFO: Message: output: output:
D:\aarambh\frontend\node_modules\expo-modules-core\android\build\tmp\kotlin-classes\release\expo\modules\kotlin\functions\FunctionBuilder$Body$$inlined$toArgsArray$default$4.class
Sources:
D:\aarambh\frontend\node_modules\expo-modules-core\android\src\main\java\expo\modules\kotlin\functions\FunctionBuilder.kt
2026-08-14 11:39:19.196 [daemon] INFO: Message: output: output:
D:\aarambh\frontend\node_modules\expo-modules-core\android\build\tmp\kotlin-classes\release\expo\modules\kotlin\functions\FunctionBuilder$Body$$inlined$toArgsArray$default$5.class
Sources:
D:\aarambh\frontend\node_modules\expo-modules-core\android\src\main\java\expo\modules\kotlin\functions\FunctionBuilder.kt
2026-08-14 11:39:19.197 [daemon] INFO: Message: output: output:
D:\aarambh\frontend\node_modules\expo-modules-core\android\build\tmp\kotlin-classes\release\expo\modules\kotlin\functions\FunctionBuilder$Body$$inlined$toArgsArray$default$6.class
Sources:
D:\aarambh\frontend\node_modules\expo-modules-core\android\src\main\java\expo\modules\kotlin\functions\FunctionBuilder.kt
2026-08-14 11:39:19.197 [daemon] INFO: Message: output: output:
D:\aarambh\frontend\node_modules\expo-modules-core\android\build\tmp\kotlin-classes\release\expo\modules\kotlin\functions\FunctionBuilder$Body$9.class
Sources:
D:\aarambh\frontend\node_modules\expo-modules-core\android\src\main\java\expo\modules\kotlin\functions\FunctionBuilder.kt
2026-08-14 11:39:19.197 [daemon] INFO: Message: output: output:
D:\aarambh\frontend\node_modules\expo-modules-core\android\build\tmp\kotlin-classes\release\expo\modules\kotlin\functions\FunctionBuilder$Body$$inlined$toArgsArray$default$7.class
Sources:
D:\aarambh\frontend\node_modules\expo-modules-core\android\src\main\java\expo\modules\kotlin\functions\FunctionBuilder.kt
2026-08-14 11:39:19.197 [daemon] INFO: Message: output: output:
D:\aarambh\frontend\node_modules\expo-modules-core\android\build\tmp\kotlin-classes\release\expo\modules\kotlin\functions\FunctionBuilder$Body$$inlined$toArgsArray$default$8.class
Sources:
D:\aarambh\frontend\node_modules\expo-modules-core\android\src\main\java\expo\modules\kotlin\functions\FunctionBuilder.kt
2026-08-14 11:39:19.198 [daemon] INFO: Message: output: output:
D:\aarambh\frontend\node_modules\expo-modules-core\android\build\tmp\kotlin-classes\release\expo\modules\kotlin\functions\FunctionBuilder$Body$$inlined$toArgsArray$default$9.class
Sources:
D:\aarambh\frontend\node_modules\expo-modules-core\android\src\main\java\expo\modules\kotlin\functions\FunctionBuilder.kt
2026-08-14 11:39:19.198 [daemon] INFO: Message: output: output:
D:\aarambh\frontend\node_modules\expo-modules-core\android\build\tmp\kotlin-classes\release\expo\modules\kotlin\functions\FunctionBuilder$Body$$inlined$toArgsArray$default$10.class
Sources:
D:\aarambh\frontend\node_modules\expo-modules-core\android\src\main\java\expo\modules\kotlin\functions\FunctionBuilder.kt
2026-08-14 11:39:19.198 [daemon] INFO: Message: output: output:
D:\aarambh\frontend\node_modules\expo-modules-core\android\build\tmp\kotlin-classes\release\expo\modules\kotlin\functions\FunctionBuilder$Body$11.class
Sources:
D:\aarambh\frontend\node_modules\expo-modules-core\android\src\main\java\expo\modules\kotlin\functions\FunctionBuilder.kt
2026-08-14 11:39:19.198 [daemon] INFO: Message: output: output:
D:\aarambh\frontend\node_modules\expo-modules-core\android\build\tmp\kotlin-classes\release\expo\modules\kotlin\functions\FunctionBuilder$Body$$inlined$toArgsArray$default$11.class
Sources:
D:\aarambh\frontend\node_modules\expo-modules-core\android\src\main\java\expo\modules\kotlin\functions\FunctionBuilder.kt
2026-08-14 11:39:19.198 [daemon] INFO: Message: output: output:
D:\aarambh\frontend\node_modules\expo-modules-core\android\build\tmp\kotlin-classes\release\expo\modules\kotlin\functions\FunctionBuilder$Body$$inlined$toArgsArray$default$12.class
Sources:
D:\aarambh\frontend\node_modules\expo-modules-core\android\src\main\java\expo\modules\kotlin\functions\FunctionBuilder.kt
2026-08-14 11:39:19.199 [daemon] INFO: Message: output: output:
D:\aarambh\frontend\node_modules\expo-modules-core\android\build\tmp\kotlin-classes\release\expo\modules\kotlin\functions\FunctionBuilder$Body$$inlined$toArgsArray$default$13.class
Sources:
D:\aarambh\frontend\node_modules\expo-modules-core\android\src\main\java\expo\modules\kotlin\functions\FunctionBuilder.kt
2026-08-14 11:39:19.199 [daemon] INFO: Message: output: output:
D:\aarambh\frontend\node_modules\expo-modules-core\android\build\tmp\kotlin-classes\release\expo\modules\kotlin\functions\FunctionBuilder$Body$$inlined$toArgsArray$default$14.class
Sources:
D:\aarambh\frontend\node_modules\expo-modules-core\android\src\main\java\expo\modules\kotlin\functions\FunctionBuilder.kt
2026-08-14 11:39:19.199 [daemon] INFO: Message: output: output:
D:\aarambh\frontend\node_modules\expo-modules-core\android\build\tmp\kotlin-classes\release\expo\modules\kotlin\functions\FunctionBuilder$Body$$inlined$toArgsArray$default$15.class
Sources:
D:\aarambh\frontend\node_modules\expo-modules-core\android\src\main\java\expo\modules\kotlin\functions\FunctionBuilder.kt
2026-08-14 11:39:19.199 [daemon] INFO: Message: output: output:
D:\aarambh\frontend\node_modules\expo-modules-core\android\build\tmp\kotlin-classes\release\expo\modules\kotlin\functions\FunctionBuilder$Body$13.class
Sources:
D:\aarambh\frontend\node_modules\expo-modules-core\android\src\main\java\expo\modules\kotlin\functions\FunctionBuilder.kt
2026-08-14 11:39:19.199 [daemon] INFO: Message: output: output:
D:\aarambh\frontend\node_modules\expo-modules-core\android\build\tmp\kotlin-classes\release\expo\modules\kotlin\functions\FunctionBuilder$Body$$inlined$toArgsArray$default$16.class
Sources:
D:\aarambh\frontend\node_modules\expo-modules-core\android\src\main\java\expo\modules\kotlin\functions\FunctionBuilder.kt
2026-08-14 11:39:19.199 [daemon] INFO: Message: output: output:
D:\aarambh\frontend\node_modules\expo-modules-core\android\build\tmp\kotlin-classes\release\expo\modules\kotlin\functions\FunctionBuilder$Body$$inlined$toArgsArray$default$17.class
Sources:
D:\aarambh\frontend\node_modules\expo-modules-core\android\src\main\java\expo\modules\kotlin\functions\FunctionBuilder.kt
2026-08-14 11:39:19.200 [daemon] INFO: Message: output: output:
D:\aarambh\frontend\node_modules\expo-modules-core\android\build\tmp\kotlin-classes\release\expo\modules\kotlin\functions\FunctionBuilder$Body$$inlined$toArgsArray$default$18.class
Sources:
D:\aarambh\frontend\node_modules\expo-modules-core\android\src\main\java\expo\modules\kotlin\functions\FunctionBuilder.kt
2026-08-14 11:39:19.200 [daemon] INFO: Message: output: output:
D:\aarambh\frontend\node_modules\expo-modules-core\android\build\tmp\kotlin-classes\release\expo\modules\kotlin\functions\FunctionBuilder$Body$$inlined$toArgsArray$default$19.class
Sources:
D:\aarambh\frontend\node_modules\expo-modules-core\android\src\main\java\expo\modules\kotlin\functions\FunctionBuilder.kt
2026-08-14 11:39:19.200 [daemon] INFO: Message: output: output:
D:\aarambh\frontend\node_modules\expo-modules-core\android\build\tmp\kotlin-classes\release\expo\modules\kotlin\functions\FunctionBuilder$Body$$inlined$toArgsArray$default$20.class
Sources:
D:\aarambh\frontend\node_modules\expo-modules-core\android\src\main\java\expo\modules\kotlin\functions\FunctionBuilder.kt
2026-08-14 11:39:19.200 [daemon] INFO: Message: output: output:
D:\aarambh\frontend\node_modules\expo-modules-core\android\build\tmp\kotlin-classes\release\expo\modules\kotlin\functions\FunctionBuilder$Body$$inlined$toArgsArray$default$21.class
Sources:
D:\aarambh\frontend\node_modules\expo-modules-core\android\src\main\java\expo\modules\kotlin\functions\FunctionBuilder.kt
2026-08-14 11:39:19.200 [daemon] INFO: Message: output: output:
D:\aarambh\frontend\node_modules\expo-modules-core\android\build\tmp\kotlin-classes\release\expo\modules\kotlin\functions\FunctionBuilder$Body$15.class
Sources:
D:\aarambh\frontend\node_modules\expo-modules-core\android\src\main\java\expo\modules\kotlin\functions\FunctionBuilder.kt
2026-08-14 11:39:19.200 [daemon] INFO: Message: output: output:
D:\aarambh\frontend\node_modules\expo-modules-core\android\build\tmp\kotlin-classes\release\expo\modules\kotlin\functions\FunctionBuilder$Body$$inlined$toArgsArray$default$22.class
Sources:
D:\aarambh\frontend\node_modules\expo-modules-core\android\src\main\java\expo\modules\kotlin\functions\FunctionBuilder.kt
2026-08-14 11:39:19.201 [daemon] INFO: Message: output: output:
D:\aarambh\frontend\node_modules\expo-modules-core\android\build\tmp\kotlin-classes\release\expo\modules\kotlin\functions\FunctionBuilder$Body$$inlined$toArgsArray$default$23.class
Sources:
D:\aarambh\frontend\node_modules\expo-modules-core\android\src\main\java\expo\modules\kotlin\functions\FunctionBuilder.kt
2026-08-14 11:39:19.201 [daemon] INFO: Message: output: output:
D:\aarambh\frontend\node_modules\expo-modules-core\android\build\tmp\kotlin-classes\release\expo\modules\kotlin\functions\FunctionBuilder$Body$$inlined$toArgsArray$default$24.class
Sources:
D:\aarambh\frontend\node_modules\expo-modules-core\android\src\main\java\expo\modules\kotlin\functions\FunctionBuilder.kt
2026-08-14 11:39:19.201 [daemon] INFO: Message: output: output:
D:\aarambh\frontend\node_modules\expo-modules-core\android\build\tmp\kotlin-classes\release\expo\modules\kotlin\functions\FunctionBuilder$Body$$inlined$toArgsArray$default$25.class
Sources:
D:\aarambh\frontend\node_modules\expo-modules-core\android\src\main\java\expo\modules\kotlin\functions\FunctionBuilder.kt
2026-08-14 11:39:19.201 [daemon] INFO: Message: output: output:
D:\aarambh\frontend\node_modules\expo-modules-core\android\build\tmp\kotlin-classes\release\expo\modules\kotlin\functions\FunctionBuilder$Body$$inlined$toArgsArray$default$26.class
Sources:
D:\aarambh\frontend\node_modules\expo-modules-core\android\src\main\java\expo\modules\kotlin\functions\FunctionBuilder.kt
2026-08-14 11:39:19.202 [daemon] INFO: Message: output: output:
D:\aarambh\frontend\node_modules\expo-modules-core\android\build\tmp\kotlin-classes\release\expo\modules\kotlin\functions\FunctionBuilder$Body$$inlined$toArgsArray$default$27.class
Sources:
D:\aarambh\frontend\node_modules\expo-modules-core\android\src\main\java\expo\modules\kotlin\functions\FunctionBuilder.kt
2026-08-14 11:39:19.204 [daemon] INFO: Message: output: output:
D:\aarambh\frontend\node_modules\expo-modules-core\android\build\tmp\kotlin-classes\release\expo\modules\kotlin\functions\FunctionBuilder$Body$$inlined$toArgsArray$default$28.class
Sources:
D:\aarambh\frontend\node_modules\expo-modules-core\android\src\main\java\expo\modules\kotlin\functions\FunctionBuilder.kt
2026-08-14 11:39:19.204 [daemon] INFO: Message: output: output:
D:\aarambh\frontend\node_modules\expo-modules-core\android\build\tmp\kotlin-classes\release\expo\modules\kotlin\functions\FunctionBuilder$Body$17.class
Sources:
D:\aarambh\frontend\node_modules\expo-modules-core\android\src\main\java\expo\modules\kotlin\functions\FunctionBuilder.kt
2026-08-14 11:39:19.204 [daemon] INFO: Message: output: output:
D:\aarambh\frontend\node_modules\expo-modules-core\android\build\tmp\kotlin-classes\release\expo\modules\kotlin\functions\FunctionBuilder$Body$$inlined$toArgsArray$default$29.class
Sources:
D:\aarambh\frontend\node_modules\expo-modules-core\android\src\main\java\expo\modules\kotlin\functions\FunctionBuilder.kt
2026-08-14 11:39:19.206 [daemon] INFO: Message: output: output:
D:\aarambh\frontend\node_modules\expo-modules-core\android\build\tmp\kotlin-classes\release\expo\modules\kotlin\functions\FunctionBuilder$Body$$inlined$toArgsArray$default$30.class
Sources:
D:\aarambh\frontend\node_modules\expo-modules-core\android\src\main\java\expo\modules\kotlin\functions\FunctionBuilder.kt
2026-08-14 11:39:19.206 [daemon] INFO: Message: output: output:
D:\aarambh\frontend\node_modules\expo-modules-core\android\build\tmp\kotlin-classes\release\expo\modules\kotlin\functions\FunctionBuilder$Body$$inlined$toArgsArray$default$31.class
Sources:
D:\aarambh\frontend\node_modules\expo-modules-core\android\src\main\java\expo\modules\kotlin\functions\FunctionBuilder.kt
2026-08-14 11:39:19.206 [daemon] INFO: Message: output: output:
D:\aarambh\frontend\node_modules\expo-modules-core\android\build\tmp\kotlin-classes\release\expo\modules\kotlin\functions\FunctionBuilder$Body$$inlined$toArgsArray$default$32.class
Sources:
D:\aarambh\frontend\node_modules\expo-modules-core\android\src\main\java\expo\modules\kotlin\functions\FunctionBuilder.kt
2026-08-14 11:39:19.206 [daemon] INFO: Message: output: output:
D:\aarambh\frontend\node_modules\expo-modules-core\android\build\tmp\kotlin-classes\release\expo\modules\kotlin\functions\FunctionBuilder$Body$$inlined$toArgsArray$default$33.class
Sources:
D:\aarambh\frontend\node_modules\expo-modules-core\android\src\main\java\expo\modules\kotlin\functions\FunctionBuilder.kt
2026-08-14 11:39:19.206 [daemon] INFO: Message: output: output:
D:\aarambh\frontend\node_modules\expo-modules-core\android\build\tmp\kotlin-classes\release\expo\modules\kotlin\functions\FunctionBuilder$Body$$inlined$toArgsArray$default$34.class
Sources:
D:\aarambh\frontend\node_modules\expo-modules-core\android\src\main\java\expo\modules\kotlin\functions\FunctionBuilder.kt
2026-08-14 11:39:19.207 [daemon] INFO: Message: output: output:
D:\aarambh\frontend\node_modules\expo-modules-core\android\build\tmp\kotlin-classes\release\expo\modules\kotlin\functions\FunctionBuilder$Body$$inlined$toArgsArray$default$35.class
Sources:
D:\aarambh\frontend\node_modules\expo-modules-core\android\src\main\java\expo\modules\kotlin\functions\FunctionBuilder.kt
2026-08-14 11:39:19.207 [daemon] INFO: Message: output: output:
D:\aarambh\frontend\node_modules\expo-modules-core\android\build\tmp\kotlin-classes\release\expo\modules\kotlin\functions\FunctionBuilder$Body$$inlined$toArgsArray$default$36.class
Sources:
D:\aarambh\frontend\node_modules\expo-modules-core\android\src\main\java\expo\modules\kotlin\functions\FunctionBuilder.kt
2026-08-14 11:39:19.207 [daemon] INFO: Message: output: output:
D:\aarambh\frontend\node_modules\expo-modules-core\android\build\tmp\kotlin-classes\release\expo\modules\kotlin\functions\FunctionBuilder$Body$19.class
Sources:
D:\aarambh\frontend\node_modules\expo-modules-core\android\src\main\java\expo\modules\kotlin\functions\FunctionBuilder.kt
2026-08-14 11:39:19.207 [daemon] INFO: Message: output: output:
D:\aarambh\frontend\node_modules\expo-modules-core\android\build\tmp\kotlin-classes\release\expo\modules\kotlin\functions\SuspendFunctionComponent.class
Sources:
D:\aarambh\frontend\node_modules\expo-modules-core\android\src\main\java\expo\modules\kotlin\functions\SuspendFunctionComponent.kt
2026-08-14 11:39:19.207 [daemon] INFO: Message: output: output:
D:\aarambh\frontend\node_modules\expo-modules-core\android\build\tmp\kotlin-classes\release\expo\modules\kotlin\functions\SuspendFunctionComponent$attachToJSObject$2$1.class
Sources:
D:\aarambh\frontend\node_modules\expo-modules-core\android\src\main\java\expo\modules\kotlin\functions\SuspendFunctionComponent.kt
2026-08-14 11:39:19.208 [daemon] INFO: Message: output: output:
D:\aarambh\frontend\node_modules\expo-modules-core\android\build\tmp\kotlin-classes\release\expo\modules\kotlin\functions\SyncFunctionComponent.class
Sources:
D:\aarambh\frontend\node_modules\expo-modules-core\android\src\main\java\expo\modules\kotlin\functions\SyncFunctionComponent.kt
2026-08-14 11:39:19.208 [daemon] INFO: Message: output: output:
D:\aarambh\frontend\node_modules\expo-modules-core\android\build\tmp\kotlin-classes\release\expo\modules\kotlin\functions\IntAsyncFunctionComponent.class
Sources:
D:\aarambh\frontend\node_modules\expo-modules-core\android\src\main\java\expo\modules\kotlin\functions\UntypedAsyncFunctionComponent.kt
2026-08-14 11:39:19.208 [daemon] INFO: Message: output: output:
D:\aarambh\frontend\node_modules\expo-modules-core\android\build\tmp\kotlin-classes\release\expo\modules\kotlin\functions\BoolAsyncFunctionComponent.class
Sources:
D:\aarambh\frontend\node_modules\expo-modules-core\android\src\main\java\expo\modules\kotlin\functions\UntypedAsyncFunctionComponent.kt
2026-08-14 11:39:19.208 [daemon] INFO: Message: output: output:
D:\aarambh\frontend\node_modules\expo-modules-core\android\build\tmp\kotlin-classes\release\expo\modules\kotlin\functions\DoubleAsyncFunctionComponent.class
Sources:
D:\aarambh\frontend\node_modules\expo-modules-core\android\src\main\java\expo\modules\kotlin\functions\UntypedAsyncFunctionComponent.kt
2026-08-14 11:39:19.219 [daemon] INFO: Message: output: output:
D:\aarambh\frontend\node_modules\expo-modules-core\android\build\tmp\kotlin-classes\release\expo\modules\kotlin\functions\FloatAsyncFunctionComponent.class
Sources:
D:\aarambh\frontend\node_modules\expo-modules-core\android\src\main\java\expo\modules\kotlin\functions\UntypedAsyncFunctionComponent.kt
2026-08-14 11:39:19.220 [daemon] INFO: Message: output: output:
D:\aarambh\frontend\node_modules\expo-modules-core\android\build\tmp\kotlin-classes\release\expo\modules\kotlin\functions\StringAsyncFunctionComponent.class
Sources:
D:\aarambh\frontend\node_modules\expo-modules-core\android\src\main\java\expo\modules\kotlin\functions\UntypedAsyncFunctionComponent.kt
2026-08-14 11:39:19.221 [daemon] INFO: Message: output: output:
D:\aarambh\frontend\node_modules\expo-modules-core\android\build\tmp\kotlin-classes\release\expo\modules\kotlin\functions\UntypedAsyncFunctionComponent.class
Sources:
D:\aarambh\frontend\node_modules\expo-modules-core\android\src\main\java\expo\modules\kotlin\functions\UntypedAsyncFunctionComponent.kt
2026-08-14 11:39:19.221 [daemon] INFO: Message: output: output:
D:\aarambh\frontend\node_modules\expo-modules-core\android\build\tmp\kotlin-classes\release\expo\modules\kotlin\jni\CppType.class
Sources:
D:\aarambh\frontend\node_modules\expo-modules-core\android\src\main\java\expo\modules\kotlin\jni\CppType.kt
2026-08-14 11:39:19.222 [daemon] INFO: Message: output: output:
D:\aarambh\frontend\node_modules\expo-modules-core\android\build\tmp\kotlin-classes\release\expo\modules\kotlin\jni\CppTypeKt.class
Sources:
D:\aarambh\frontend\node_modules\expo-modules-core\android\src\main\java\expo\modules\kotlin\jni\CppType.kt
2026-08-14 11:39:19.222 [daemon] INFO: Message: output: output:
D:\aarambh\frontend\node_modules\expo-modules-core\android\build\tmp\kotlin-classes\release\expo\modules\kotlin\jni\SingleType.class
Sources:
D:\aarambh\frontend\node_modules\expo-modules-core\android\src\main\java\expo\modules\kotlin\jni\ExpectedType.kt
2026-08-14 11:39:19.222 [daemon] INFO: Message: output: output:
D:\aarambh\frontend\node_modules\expo-modules-core\android\build\tmp\kotlin-classes\release\expo\modules\kotlin\jni\SingleType$Companion.class
Sources:
D:\aarambh\frontend\node_modules\expo-modules-core\android\src\main\java\expo\modules\kotlin\jni\ExpectedType.kt
2026-08-14 11:39:19.223 [daemon] INFO: Message: output: output:
D:\aarambh\frontend\node_modules\expo-modules-core\android\build\tmp\kotlin-classes\release\expo\modules\kotlin\jni\ExpectedType.class
Sources:
D:\aarambh\frontend\node_modules\expo-modules-core\android\src\main\java\expo\modules\kotlin\jni\ExpectedType.kt
2026-08-14 11:39:19.223 [daemon] INFO: Message: output: output:
D:\aarambh\frontend\node_modules\expo-modules-core\android\build\tmp\kotlin-classes\release\expo\modules\kotlin\jni\ExpectedType$Companion.class
Sources:
D:\aarambh\frontend\node_modules\expo-modules-core\android\src\main\java\expo\modules\kotlin\jni\ExpectedType.kt
2026-08-14 11:39:19.223 [daemon] INFO: Message: output: output:
D:\aarambh\frontend\node_modules\expo-modules-core\android\build\tmp\kotlin-classes\release\expo\modules\kotlin\jni\Destructible.class
Sources:
D:\aarambh\frontend\node_modules\expo-modules-core\android\src\main\java\expo\modules\kotlin\jni\JNIDeallocator.kt
2026-08-14 11:39:19.223 [daemon] INFO: Message: output: output:
D:\aarambh\frontend\node_modules\expo-modules-core\android\build\tmp\kotlin-classes\release\expo\modules\kotlin\jni\JNIDeallocator.class
Sources:
D:\aarambh\frontend\node_modules\expo-modules-core\android\src\main\java\expo\modules\kotlin\jni\JNIDeallocator.kt
2026-08-14 11:39:19.224 [daemon] INFO: Message: output: output:
D:\aarambh\frontend\node_modules\expo-modules-core\android\build\tmp\kotlin-classes\release\expo\modules\kotlin\jni\JNIDeallocator$DeallocatorThread.class
Sources:
D:\aarambh\frontend\node_modules\expo-modules-core\android\src\main\java\expo\modules\kotlin\jni\JNIDeallocator.kt
2026-08-14 11:39:19.224 [daemon] INFO: Message: output: output:
D:\aarambh\frontend\node_modules\expo-modules-core\android\build\tmp\kotlin-classes\release\expo\modules\kotlin\jni\JNINoArgsFunctionBody.class
Sources:
D:\aarambh\frontend\node_modules\expo-modules-core\android\src\main\java\expo\modules\kotlin\jni\JNIFunctionBody.kt
2026-08-14 11:39:19.224 [daemon] INFO: Message: output: output:
D:\aarambh\frontend\node_modules\expo-modules-core\android\build\tmp\kotlin-classes\release\expo\modules\kotlin\jni\JNIFunctionBody.class
Sources:
D:\aarambh\frontend\node_modules\expo-modules-core\android\src\main\java\expo\modules\kotlin\jni\JNIFunctionBody.kt
2026-08-14 11:39:19.224 [daemon] INFO: Message: output: output:
D:\aarambh\frontend\node_modules\expo-modules-core\android\build\tmp\kotlin-classes\release\expo\modules\kotlin\jni\JNIAsyncFunctionBody.class
Sources:
D:\aarambh\frontend\node_modules\expo-modules-core\android\src\main\java\expo\modules\kotlin\jni\JNIFunctionBody.kt
2026-08-14 11:39:19.224 [daemon] INFO: Message: output: output:
D:\aarambh\frontend\node_modules\expo-modules-core\android\build\tmp\kotlin-classes\release\expo\modules\kotlin\jni\JNIUtils.class
Sources:
D:\aarambh\frontend\node_modules\expo-modules-core\android\src\main\java\expo\modules\kotlin\jni\JNIUtils.kt
2026-08-14 11:39:19.226 [daemon] INFO: Message: output: output:
D:\aarambh\frontend\node_modules\expo-modules-core\android\build\tmp\kotlin-classes\release\expo\modules\kotlin\jni\JNIUtils$Companion.class
Sources:
D:\aarambh\frontend\node_modules\expo-modules-core\android\src\main\java\expo\modules\kotlin\jni\JNIUtils.kt
2026-08-14 11:39:19.226 [daemon] INFO: Message: output: output:
D:\aarambh\frontend\node_modules\expo-modules-core\android\build\tmp\kotlin-classes\release\expo\modules\kotlin\jni\JSIContext.class
Sources:
D:\aarambh\frontend\node_modules\expo-modules-core\android\src\main\java\expo\modules\kotlin\jni\JSIContext.kt
2026-08-14 11:39:19.226 [daemon] INFO: Message: output: output:
D:\aarambh\frontend\node_modules\expo-modules-core\android\build\tmp\kotlin-classes\release\expo\modules\kotlin\jni\JSIContext$Companion.class
Sources:
D:\aarambh\frontend\node_modules\expo-modules-core\android\src\main\java\expo\modules\kotlin\jni\JSIContext.kt
2026-08-14 11:39:19.227 [daemon] INFO: Message: output: output:
D:\aarambh\frontend\node_modules\expo-modules-core\android\build\tmp\kotlin-classes\release\expo\modules\kotlin\jni\JavaCallback.class
Sources:
D:\aarambh\frontend\node_modules\expo-modules-core\android\src\main\java\expo\modules\kotlin\jni\JavaCallback.kt
2026-08-14 11:39:19.227 [daemon] INFO: Message: output: output:
D:\aarambh\frontend\node_modules\expo-modules-core\android\build\tmp\kotlin-classes\release\expo\modules\kotlin\jni\JavaScriptFunction.class
Sources:
D:\aarambh\frontend\node_modules\expo-modules-core\android\src\main\java\expo\modules\kotlin\jni\JavaScriptFunction.kt
2026-08-14 11:39:19.227 [daemon] INFO: Message: output: output:
D:\aarambh\frontend\node_modules\expo-modules-core\android\build\tmp\kotlin-classes\release\expo\modules\kotlin\jni\JavaScriptModuleObject.class
Sources:
D:\aarambh\frontend\node_modules\expo-modules-core\android\src\main\java\expo\modules\kotlin\jni\JavaScriptModuleObject.kt
2026-08-14 11:39:19.227 [daemon] INFO: Message: output: output:
D:\aarambh\frontend\node_modules\expo-modules-core\android\build\tmp\kotlin-classes\release\expo\modules\kotlin\jni\JavaScriptObject.class
Sources:
D:\aarambh\frontend\node_modules\expo-modules-core\android\src\main\java\expo\modules\kotlin\jni\JavaScriptObject.kt
2026-08-14 11:39:19.227 [daemon] INFO: Message: output: output:
D:\aarambh\frontend\node_modules\expo-modules-core\android\build\tmp\kotlin-classes\release\expo\modules\kotlin\jni\JavaScriptObject$PropertyDescriptor.class
Sources:
D:\aarambh\frontend\node_modules\expo-modules-core\android\src\main\java\expo\modules\kotlin\jni\JavaScriptObject.kt
2026-08-14 11:39:19.228 [daemon] INFO: Message: output: output:
D:\aarambh\frontend\node_modules\expo-modules-core\android\build\tmp\kotlin-classes\release\expo\modules\kotlin\jni\JavaScriptObjectKt.class
Sources:
D:\aarambh\frontend\node_modules\expo-modules-core\android\src\main\java\expo\modules\kotlin\jni\JavaScriptObject.kt
2026-08-14 11:39:19.228 [daemon] INFO: Message: output: output:
D:\aarambh\frontend\node_modules\expo-modules-core\android\build\tmp\kotlin-classes\release\expo\modules\kotlin\jni\TypedArrayKind.class
Sources:
D:\aarambh\frontend\node_modules\expo-modules-core\android\src\main\java\expo\modules\kotlin\jni\JavaScriptTypedArray.kt
2026-08-14 11:39:19.228 [daemon] INFO: Message: output: output:
D:\aarambh\frontend\node_modules\expo-modules-core\android\build\tmp\kotlin-classes\release\expo\modules\kotlin\jni\JavaScriptTypedArray.class
Sources:
D:\aarambh\frontend\node_modules\expo-modules-core\android\src\main\java\expo\modules\kotlin\jni\JavaScriptTypedArray.kt
2026-08-14 11:39:19.228 [daemon] INFO: Message: output: output:
D:\aarambh\frontend\node_modules\expo-modules-core\android\build\tmp\kotlin-classes\release\expo\modules\kotlin\jni\JavaScriptTypedArrayKt.class
Sources:
D:\aarambh\frontend\node_modules\expo-modules-core\android\src\main\java\expo\modules\kotlin\jni\JavaScriptTypedArray.kt
2026-08-14 11:39:19.228 [daemon] INFO: Message: output: output:
D:\aarambh\frontend\node_modules\expo-modules-core\android\build\tmp\kotlin-classes\release\expo\modules\kotlin\jni\JavaScriptValue.class
Sources:
D:\aarambh\frontend\node_modules\expo-modules-core\android\src\main\java\expo\modules\kotlin\jni\JavaScriptValue.kt
2026-08-14 11:39:19.228 [daemon] INFO: Message: output: output:
D:\aarambh\frontend\node_modules\expo-modules-core\android\build\tmp\kotlin-classes\release\expo\modules\kotlin\jni\JavaScriptWeakObject.class
Sources:
D:\aarambh\frontend\node_modules\expo-modules-core\android\src\main\java\expo\modules\kotlin\jni\JavaScriptWeakObject.kt
2026-08-14 11:39:19.229 [daemon] INFO: Message: output: output:
D:\aarambh\frontend\node_modules\expo-modules-core\android\build\tmp\kotlin-classes\release\expo\modules\kotlin\jni\PromiseImpl.class
Sources:
D:\aarambh\frontend\node_modules\expo-modules-core\android\src\main\java\expo\modules\kotlin\jni\PromiseImpl.kt
2026-08-14 11:39:19.229 [daemon] INFO: Message: output: output:
D:\aarambh\frontend\node_modules\expo-modules-core\android\build\tmp\kotlin-classes\release\expo\modules\kotlin\jni\decorators\JSDecoratorsBridgingObject.class
Sources:
D:\aarambh\frontend\node_modules\expo-modules-core\android\src\main\java\expo\modules\kotlin\jni\decorators\JSDecoratorsBridgingObject.kt
2026-08-14 11:39:19.229 [daemon] INFO: Message: output: output:
D:\aarambh\frontend\node_modules\expo-modules-core\android\build\tmp\kotlin-classes\release\expo\modules\kotlin\jni\tests\RuntimeHolder.class
Sources:
D:\aarambh\frontend\node_modules\expo-modules-core\android\src\main\java\expo\modules\kotlin\jni\tests\RuntimeHolder.kt
2026-08-14 11:39:19.230 [daemon] INFO: Message: output: output:
D:\aarambh\frontend\node_modules\expo-modules-core\android\build\tmp\kotlin-classes\release\expo\modules\kotlin\modules\DefinitionMarker.class
Sources:
D:\aarambh\frontend\node_modules\expo-modules-core\android\src\main\java\expo\modules\kotlin\modules\DefinitionMarker.kt
2026-08-14 11:39:19.230 [daemon] INFO: Message: output: output:
D:\aarambh\frontend\node_modules\expo-modules-core\android\build\tmp\kotlin-classes\release\expo\modules\kotlin\modules\Module.class
Sources:
D:\aarambh\frontend\node_modules\expo-modules-core\android\src\main\java\expo\modules\kotlin\modules\Module.kt
2026-08-14 11:39:19.230 [daemon] INFO: Message: output: output:
D:\aarambh\frontend\node_modules\expo-modules-core\android\build\tmp\kotlin-classes\release\expo\modules\kotlin\modules\ModuleConvertersBuilder.class
Sources:
D:\aarambh\frontend\node_modules\expo-modules-core\android\src\main\java\expo\modules\kotlin\modules\ModuleConvertersBuilder.kt
2026-08-14 11:39:19.230 [daemon] INFO: Message: output: output:
D:\aarambh\frontend\node_modules\expo-modules-core\android\build\tmp\kotlin-classes\release\expo\modules\kotlin\types\AnyTypeKt$lazyTypeOf$1.class
Sources:
D:\aarambh\frontend\node_modules\expo-modules-core\android\src\main\java\expo\modules\kotlin\types\AnyType.kt
2026-08-14 11:39:19.230 [daemon] INFO: Message: output: output:
D:\aarambh\frontend\node_modules\expo-modules-core\android\build\tmp\kotlin-classes\release\expo\modules\kotlin\modules\ModuleConvertersBuilder$TypeConverter$$inlined$lazyTypeOf$1.class
Sources:
D:\aarambh\frontend\node_modules\expo-modules-core\android\src\main\java\expo\modules\kotlin\modules\ModuleConvertersBuilder.kt
2026-08-14 11:39:19.230 [daemon] INFO: Message: output: output:
D:\aarambh\frontend\node_modules\expo-modules-core\android\build\tmp\kotlin-classes\release\expo\modules\kotlin\modules\ModuleConvertersBuilder$TypeConverter$$inlined$TypeConverter$1.class
Sources:
D:\aarambh\frontend\node_modules\expo-modules-core\android\src\main\java\expo\modules\kotlin\modules\ModuleConvertersBuilder.kt
2026-08-14 11:39:19.231 [daemon] INFO: Message: output: output:
D:\aarambh\frontend\node_modules\expo-modules-core\android\build\tmp\kotlin-classes\release\expo\modules\kotlin\types\TypeConverterComponent.class
Sources:
D:\aarambh\frontend\node_modules\expo-modules-core\android\src\main\java\expo\modules\kotlin\types\TypeConverterCollection.kt
2026-08-14 11:39:19.231 [daemon] INFO: Message: output: output:
D:\aarambh\frontend\node_modules\expo-modules-core\android\build\tmp\kotlin-classes\release\expo\modules\kotlin\types\TypeConverterCollection.class
Sources:
D:\aarambh\frontend\node_modules\expo-modules-core\android\src\main\java\expo\modules\kotlin\types\TypeConverterCollection.kt
2026-08-14 11:39:19.231 [daemon] INFO: Message: output: output:
D:\aarambh\frontend\node_modules\expo-modules-core\android\build\tmp\kotlin-classes\release\expo\modules\kotlin\types\TypeConverterCollection$from$1.class
Sources:
D:\aarambh\frontend\node_modules\expo-modules-core\android\src\main\java\expo\modules\kotlin\types\TypeConverterCollection.kt
2026-08-14 11:39:19.231 [daemon] INFO: Message: output: output:
D:\aarambh\frontend\node_modules\expo-modules-core\android\build\tmp\kotlin-classes\release\expo\modules\kotlin\modules\ModuleConvertersBuilder$TypeConverter$lambda$1$$inlined$from$1.class
Sources:
D:\aarambh\frontend\node_modules\expo-modules-core\android\src\main\java\expo\modules\kotlin\modules\ModuleConvertersBuilder.kt
2026-08-14 11:39:19.233 [daemon] INFO: Message: output: output:
D:\aarambh\frontend\node_modules\expo-modules-core\android\build\tmp\kotlin-classes\release\expo\modules\kotlin\modules\ModuleConvertersBuilder$buildTypeConverterProvider$1.class
Sources:
D:\aarambh\frontend\node_modules\expo-modules-core\android\src\main\java\expo\modules\kotlin\modules\ModuleConvertersBuilder.kt
2026-08-14 11:39:19.233 [daemon] INFO: Message: output: output:
D:\aarambh\frontend\node_modules\expo-modules-core\android\build\tmp\kotlin-classes\release\expo\modules\kotlin\modules\ModuleDefinitionBuilder.class
Sources:
D:\aarambh\frontend\node_modules\expo-modules-core\android\src\main\java\expo\modules\kotlin\modules\ModuleDefinitionBuilder.kt
2026-08-14 11:39:19.233 [daemon] INFO: Message: output: output:
D:\aarambh\frontend\node_modules\expo-modules-core\android\build\tmp\kotlin-classes\release\expo\modules\kotlin\modules\InternalModuleDefinitionBuilder$View$viewDefinitionBuilder$1.class
Sources:
D:\aarambh\frontend\node_modules\expo-modules-core\android\src\main\java\expo\modules\kotlin\modules\ModuleDefinitionBuilder.kt
2026-08-14 11:39:19.234 [daemon] INFO: Message: output: output:
D:\aarambh\frontend\node_modules\expo-modules-core\android\build\tmp\kotlin-classes\release\expo\modules\kotlin\modules\InternalModuleDefinitionBuilder$OnDestroy$1.class
Sources:
D:\aarambh\frontend\node_modules\expo-modules-core\android\src\main\java\expo\modules\kotlin\modules\ModuleDefinitionBuilder.kt
2026-08-14 11:39:19.234 [daemon] INFO: Message: output: output:
D:\aarambh\frontend\node_modules\expo-modules-core\android\build\tmp\kotlin-classes\release\expo\modules\kotlin\modules\InternalModuleDefinitionBuilder$OnActivityEntersForeground$1.class
Sources:
D:\aarambh\frontend\node_modules\expo-modules-core\android\src\main\java\expo\modules\kotlin\modules\ModuleDefinitionBuilder.kt
2026-08-14 11:39:19.235 [daemon] INFO: Message: output: output:
D:\aarambh\frontend\node_modules\expo-modules-core\android\build\tmp\kotlin-classes\release\expo\modules\kotlin\modules\InternalModuleDefinitionBuilder$OnActivityEntersBackground$1.class
Sources:
D:\aarambh\frontend\node_modules\expo-modules-core\android\src\main\java\expo\modules\kotlin\modules\ModuleDefinitionBuilder.kt
2026-08-14 11:39:19.235 [daemon] INFO: Message: output: output:
D:\aarambh\frontend\node_modules\expo-modules-core\android\build\tmp\kotlin-classes\release\expo\modules\kotlin\modules\InternalModuleDefinitionBuilder$OnUserLeavesActivity$1.class
Sources:
D:\aarambh\frontend\node_modules\expo-modules-core\android\src\main\java\expo\modules\kotlin\modules\ModuleDefinitionBuilder.kt
2026-08-14 11:39:19.236 [daemon] INFO: Message: output: output:
D:\aarambh\frontend\node_modules\expo-modules-core\android\build\tmp\kotlin-classes\release\expo\modules\kotlin\modules\InternalModuleDefinitionBuilder$OnActivityDestroys$1.class
Sources:
D:\aarambh\frontend\node_modules\expo-modules-core\android\src\main\java\expo\modules\kotlin\modules\ModuleDefinitionBuilder.kt
2026-08-14 11:39:19.237 [daemon] INFO: Message: output: output:
D:\aarambh\frontend\node_modules\expo-modules-core\android\build\tmp\kotlin-classes\release\expo\modules\kotlin\modules\InternalModuleDefinitionBuilder$OnNewIntent$1.class
Sources:
D:\aarambh\frontend\node_modules\expo-modules-core\android\src\main\java\expo\modules\kotlin\modules\ModuleDefinitionBuilder.kt
2026-08-14 11:39:19.237 [daemon] INFO: Message: output: output:
D:\aarambh\frontend\node_modules\expo-modules-core\android\build\tmp\kotlin-classes\release\expo\modules\kotlin\modules\InternalModuleDefinitionBuilder$OnActivityResult$1.class
Sources:
D:\aarambh\frontend\node_modules\expo-modules-core\android\src\main\java\expo\modules\kotlin\modules\ModuleDefinitionBuilder.kt
2026-08-14 11:39:19.237 [daemon] INFO: Message: output: output:
D:\aarambh\frontend\node_modules\expo-modules-core\android\build\tmp\kotlin-classes\release\expo\modules\kotlin\modules\InternalModuleDefinitionBuilder$Class$$inlined$toAnyType$default$1.class
Sources:
D:\aarambh\frontend\node_modules\expo-modules-core\android\src\main\java\expo\modules\kotlin\modules\ModuleDefinitionBuilder.kt
2026-08-14 11:39:19.238 [daemon] INFO: Message: output: output:
D:\aarambh\frontend\node_modules\expo-modules-core\android\build\tmp\kotlin-classes\release\expo\modules\kotlin\modules\InternalModuleDefinitionBuilder$Class$1.class
Sources:
D:\aarambh\frontend\node_modules\expo-modules-core\android\src\main\java\expo\modules\kotlin\modules\ModuleDefinitionBuilder.kt
2026-08-14 11:39:19.238 [daemon] INFO: Message: output: output:
D:\aarambh\frontend\node_modules\expo-modules-core\android\build\tmp\kotlin-classes\release\expo\modules\kotlin\modules\InternalModuleDefinitionBuilder$Class$$inlined$toAnyType$default$2.class
Sources:
D:\aarambh\frontend\node_modules\expo-modules-core\android\src\main\java\expo\modules\kotlin\modules\ModuleDefinitionBuilder.kt
2026-08-14 11:39:19.238 [daemon] INFO: Message: output: output:
D:\aarambh\frontend\node_modules\expo-modules-core\android\build\tmp\kotlin-classes\release\expo\modules\kotlin\modules\InternalModuleDefinitionBuilder$Class$2.class
Sources:
D:\aarambh\frontend\node_modules\expo-modules-core\android\src\main\java\expo\modules\kotlin\modules\ModuleDefinitionBuilder.kt
2026-08-14 11:39:19.239 [daemon] INFO: Message: output: output:
D:\aarambh\frontend\node_modules\expo-modules-core\android\build\tmp\kotlin-classes\release\expo\modules\kotlin\modules\InternalModuleDefinitionBuilder$Class$$inlined$toAnyType$default$3.class
Sources:
D:\aarambh\frontend\node_modules\expo-modules-core\android\src\main\java\expo\modules\kotlin\modules\ModuleDefinitionBuilder.kt
2026-08-14 11:39:19.239 [daemon] INFO: Message: output: output:
D:\aarambh\frontend\node_modules\expo-modules-core\android\build\tmp\kotlin-classes\release\expo\modules\kotlin\modules\InternalModuleDefinitionBuilder$Class$3.class
Sources:
D:\aarambh\frontend\node_modules\expo-modules-core\android\src\main\java\expo\modules\kotlin\modules\ModuleDefinitionBuilder.kt
2026-08-14 11:39:19.239 [daemon] INFO: Message: output: output:
D:\aarambh\frontend\node_modules\expo-modules-core\android\build\tmp\kotlin-classes\release\expo\modules\kotlin\modules\ModuleDefinitionBuilderKt.class
Sources:
D:\aarambh\frontend\node_modules\expo-modules-core\android\src\main\java\expo\modules\kotlin\modules\ModuleDefinitionBuilder.kt
2026-08-14 11:39:19.239 [daemon] INFO: Message: output: output:
D:\aarambh\frontend\node_modules\expo-modules-core\android\build\tmp\kotlin-classes\release\expo\modules\kotlin\modules\ModuleDefinitionData.class
Sources:
D:\aarambh\frontend\node_modules\expo-modules-core\android\src\main\java\expo\modules\kotlin\modules\ModuleDefinitionData.kt
2026-08-14 11:39:19.239 [daemon] INFO: Message: output: output:
D:\aarambh\frontend\node_modules\expo-modules-core\android\build\tmp\kotlin-classes\release\expo\modules\kotlin\objects\ConstantComponent.class
Sources:
D:\aarambh\frontend\node_modules\expo-modules-core\android\src\main\java\expo\modules\kotlin\objects\ConstantComponent.kt
2026-08-14 11:39:19.240 [daemon] INFO: Message: output: output:
D:\aarambh\frontend\node_modules\expo-modules-core\android\build\tmp\kotlin-classes\release\expo\modules\kotlin\objects\ConstantComponentBuilder.class
Sources:
D:\aarambh\frontend\node_modules\expo-modules-core\android\src\main\java\expo\modules\kotlin\objects\ConstantComponentBuilder.kt
2026-08-14 11:39:19.240 [daemon] INFO: Message: output: output:
D:\aarambh\frontend\node_modules\expo-modules-core\android\build\tmp\kotlin-classes\release\expo\modules\kotlin\objects\ConstantComponentBuilder$get$1$1.class
Sources:
D:\aarambh\frontend\node_modules\expo-modules-core\android\src\main\java\expo\modules\kotlin\objects\ConstantComponentBuilder.kt
2026-08-14 11:39:19.240 [daemon] INFO: Message: output: output:
D:\aarambh\frontend\node_modules\expo-modules-core\android\build\tmp\kotlin-classes\release\expo\modules\kotlin\objects\EventObservingDefinition.class
Sources:
D:\aarambh\frontend\node_modules\expo-modules-core\android\src\main\java\expo\modules\kotlin\objects\EventObservingDefinition.kt
2026-08-14 11:39:19.240 [daemon] INFO: Message: output: output:
D:\aarambh\frontend\node_modules\expo-modules-core\android\build\tmp\kotlin-classes\release\expo\modules\kotlin\objects\EventObservingDefinition$Type.class
Sources:
D:\aarambh\frontend\node_modules\expo-modules-core\android\src\main\java\expo\modules\kotlin\objects\EventObservingDefinition.kt
2026-08-14 11:39:19.241 [daemon] INFO: Message: output: output:
D:\aarambh\frontend\node_modules\expo-modules-core\android\build\tmp\kotlin-classes\release\expo\modules\kotlin\objects\EventObservingDefinition$Filter.class
Sources:
D:\aarambh\frontend\node_modules\expo-modules-core\android\src\main\java\expo\modules\kotlin\objects\EventObservingDefinition.kt
2026-08-14 11:39:19.241 [daemon] INFO: Message: output: output:
D:\aarambh\frontend\node_modules\expo-modules-core\android\build\tmp\kotlin-classes\release\expo\modules\kotlin\objects\EventObservingDefinition$AllEventsFilter.class
Sources:
D:\aarambh\frontend\node_modules\expo-modules-core\android\src\main\java\expo\modules\kotlin\objects\EventObservingDefinition.kt
2026-08-14 11:39:19.241 [daemon] INFO: Message: output: output:
D:\aarambh\frontend\node_modules\expo-modules-core\android\build\tmp\kotlin-classes\release\expo\modules\kotlin\objects\EventObservingDefinition$SelectedEventFiler.class
Sources:
D:\aarambh\frontend\node_modules\expo-modules-core\android\src\main\java\expo\modules\kotlin\objects\EventObservingDefinition.kt
2026-08-14 11:39:19.241 [daemon] INFO: Message: output: output:
D:\aarambh\frontend\node_modules\expo-modules-core\android\build\tmp\kotlin-classes\release\expo\modules\kotlin\objects\ObjectDefinitionBuilder$buildObject$lambda$3$$inlined$AsyncFunction$1.class
Sources:
D:\aarambh\frontend\node_modules\expo-modules-core\android\src\main\java\expo\modules\kotlin\objects\ObjectDefinitionBuilder.kt
2026-08-14 11:39:19.241 [daemon] INFO: Message: output: output:
D:\aarambh\frontend\node_modules\expo-modules-core\android\build\tmp\kotlin-classes\release\expo\modules\kotlin\objects\ObjectDefinitionBuilder$buildObject$lambda$3$$inlined$AsyncFunction$2.class
Sources:
D:\aarambh\frontend\node_modules\expo-modules-core\android\src\main\java\expo\modules\kotlin\objects\ObjectDefinitionBuilder.kt
2026-08-14 11:39:19.243 [daemon] INFO: Message: output: output:
D:\aarambh\frontend\node_modules\expo-modules-core\android\build\tmp\kotlin-classes\release\expo\modules\kotlin\objects\ObjectDefinitionBuilder$buildObject$lambda$3$$inlined$AsyncFunction$3.class
Sources:
D:\aarambh\frontend\node_modules\expo-modules-core\android\src\main\java\expo\modules\kotlin\objects\ObjectDefinitionBuilder.kt
2026-08-14 11:39:19.243 [daemon] INFO: Message: output: output:
D:\aarambh\frontend\node_modules\expo-modules-core\android\build\tmp\kotlin-classes\release\expo\modules\kotlin\objects\ObjectDefinitionBuilder$Function$4.class
Sources:
D:\aarambh\frontend\node_modules\expo-modules-core\android\src\main\java\expo\modules\kotlin\objects\ObjectDefinitionBuilder.kt
2026-08-14 11:39:19.243 [daemon] INFO: Message: output: output:
D:\aarambh\frontend\node_modules\expo-modules-core\android\build\tmp\kotlin-classes\release\expo\modules\kotlin\objects\ObjectDefinitionBuilder$Function$$inlined$toArgsArray$default$3.class
Sources:
D:\aarambh\frontend\node_modules\expo-modules-core\android\src\main\java\expo\modules\kotlin\objects\ObjectDefinitionBuilder.kt
2026-08-14 11:39:19.243 [daemon] INFO: Message: output: output:
D:\aarambh\frontend\node_modules\expo-modules-core\android\build\tmp\kotlin-classes\release\expo\modules\kotlin\objects\ObjectDefinitionBuilder$Function$6.class
Sources:
D:\aarambh\frontend\node_modules\expo-modules-core\android\src\main\java\expo\modules\kotlin\objects\ObjectDefinitionBuilder.kt
2026-08-14 11:39:19.244 [daemon] INFO: Message: output: output:
D:\aarambh\frontend\node_modules\expo-modules-core\android\build\tmp\kotlin-classes\release\expo\modules\kotlin\objects\ObjectDefinitionBuilder$Function$$inlined$toArgsArray$default$4.class
Sources:
D:\aarambh\frontend\node_modules\expo-modules-core\android\src\main\java\expo\modules\kotlin\objects\ObjectDefinitionBuilder.kt
2026-08-14 11:39:19.244 [daemon] INFO: Message: output: output:
D:\aarambh\frontend\node_modules\expo-modules-core\android\build\tmp\kotlin-classes\release\expo\modules\kotlin\objects\ObjectDefinitionBuilder$Function$$inlined$toArgsArray$default$5.class
Sources:
D:\aarambh\frontend\node_modules\expo-modules-core\android\src\main\java\expo\modules\kotlin\objects\ObjectDefinitionBuilder.kt
2026-08-14 11:39:19.244 [daemon] INFO: Message: output: output:
D:\aarambh\frontend\node_modules\expo-modules-core\android\build\tmp\kotlin-classes\release\expo\modules\kotlin\objects\ObjectDefinitionBuilder$Function$$inlined$toArgsArray$default$6.class
Sources:
D:\aarambh\frontend\node_modules\expo-modules-core\android\src\main\java\expo\modules\kotlin\objects\ObjectDefinitionBuilder.kt
2026-08-14 11:39:19.244 [daemon] INFO: Message: output: output:
D:\aarambh\frontend\node_modules\expo-modules-core\android\build\tmp\kotlin-classes\release\expo\modules\kotlin\objects\ObjectDefinitionBuilder$Function$10.class
Sources:
D:\aarambh\frontend\node_modules\expo-modules-core\android\src\main\java\expo\modules\kotlin\objects\ObjectDefinitionBuilder.kt
2026-08-14 11:39:19.244 [daemon] INFO: Message: output: output:
D:\aarambh\frontend\node_modules\expo-modules-core\android\build\tmp\kotlin-classes\release\expo\modules\kotlin\objects\ObjectDefinitionBuilder$Function$$inlined$toArgsArray$default$7.class
Sources:
D:\aarambh\frontend\node_modules\expo-modules-core\android\src\main\java\expo\modules\kotlin\objects\ObjectDefinitionBuilder.kt
2026-08-14 11:39:19.245 [daemon] INFO: Message: output: output:
D:\aarambh\frontend\node_modules\expo-modules-core\android\build\tmp\kotlin-classes\release\expo\modules\kotlin\objects\ObjectDefinitionBuilder$Function$$inlined$toArgsArray$default$8.class
Sources:
D:\aarambh\frontend\node_modules\expo-modules-core\android\src\main\java\expo\modules\kotlin\objects\ObjectDefinitionBuilder.kt
2026-08-14 11:39:19.245 [daemon] INFO: Message: output: output:
D:\aarambh\frontend\node_modules\expo-modules-core\android\build\tmp\kotlin-classes\release\expo\modules\kotlin\objects\ObjectDefinitionBuilder$Function$$inlined$toArgsArray$default$9.class
Sources:
D:\aarambh\frontend\node_modules\expo-modules-core\android\src\main\java\expo\modules\kotlin\objects\ObjectDefinitionBuilder.kt
2026-08-14 11:39:19.245 [daemon] INFO: Message: output: output:
D:\aarambh\frontend\node_modules\expo-modules-core\android\build\tmp\kotlin-classes\release\expo\modules\kotlin\objects\ObjectDefinitionBuilder$Function$$inlined$toArgsArray$default$10.class
Sources:
D:\aarambh\frontend\node_modules\expo-modules-core\android\src\main\java\expo\modules\kotlin\objects\ObjectDefinitionBuilder.kt
2026-08-14 11:39:19.245 [daemon] INFO: Message: output: output:
D:\aarambh\frontend\node_modules\expo-modules-core\android\build\tmp\kotlin-classes\release\expo\modules\kotlin\objects\ObjectDefinitionBuilder$Function$12.class
Sources:
D:\aarambh\frontend\node_modules\expo-modules-core\android\src\main\java\expo\modules\kotlin\objects\ObjectDefinitionBuilder.kt
2026-08-14 11:39:19.246 [daemon] INFO: Message: output: output:
D:\aarambh\frontend\node_modules\expo-modules-core\android\build\tmp\kotlin-classes\release\expo\modules\kotlin\objects\ObjectDefinitionBuilder$Function$$inlined$toArgsArray$default$11.class
Sources:
D:\aarambh\frontend\node_modules\expo-modules-core\android\src\main\java\expo\modules\kotlin\objects\ObjectDefinitionBuilder.kt
2026-08-14 11:39:19.246 [daemon] INFO: Message: output: output:
D:\aarambh\frontend\node_modules\expo-modules-core\android\build\tmp\kotlin-classes\release\expo\modules\kotlin\objects\ObjectDefinitionBuilder$Function$$inlined$toArgsArray$default$12.class
Sources:
D:\aarambh\frontend\node_modules\expo-modules-core\android\src\main\java\expo\modules\kotlin\objects\ObjectDefinitionBuilder.kt
2026-08-14 11:39:19.246 [daemon] INFO: Message: output: output:
D:\aarambh\frontend\node_modules\expo-modules-core\android\build\tmp\kotlin-classes\release\expo\modules\kotlin\objects\ObjectDefinitionBuilder$Function$$inlined$toArgsArray$default$13.class
Sources:
D:\aarambh\frontend\node_modules\expo-modules-core\android\src\main\java\expo\modules\kotlin\objects\ObjectDefinitionBuilder.kt
2026-08-14 11:39:19.246 [daemon] INFO: Message: output: output:
D:\aarambh\frontend\node_modules\expo-modules-core\android\build\tmp\kotlin-classes\release\expo\modules\kotlin\objects\ObjectDefinitionBuilder$Function$$inlined$toArgsArray$default$14.class
Sources:
D:\aarambh\frontend\node_modules\expo-modules-core\android\src\main\java\expo\modules\kotlin\objects\ObjectDefinitionBuilder.kt
2026-08-14 11:39:19.246 [daemon] INFO: Message: output: output:
D:\aarambh\frontend\node_modules\expo-modules-core\android\build\tmp\kotlin-classes\release\expo\modules\kotlin\objects\ObjectDefinitionBuilder$Function$$inlined$toArgsArray$default$15.class
Sources:
D:\aarambh\frontend\node_modules\expo-modules-core\android\src\main\java\expo\modules\kotlin\objects\ObjectDefinitionBuilder.kt
2026-08-14 11:39:19.247 [daemon] INFO: Message: output: output:
D:\aarambh\frontend\node_modules\expo-modules-core\android\build\tmp\kotlin-classes\release\expo\modules\kotlin\objects\ObjectDefinitionBuilder$Function$14.class
Sources:
D:\aarambh\frontend\node_modules\expo-modules-core\android\src\main\java\expo\modules\kotlin\objects\ObjectDefinitionBuilder.kt
2026-08-14 11:39:19.247 [daemon] INFO: Message: output: output:
D:\aarambh\frontend\node_modules\expo-modules-core\android\build\tmp\kotlin-classes\release\expo\modules\kotlin\objects\ObjectDefinitionBuilder$Function$$inlined$toArgsArray$default$16.class
Sources:
D:\aarambh\frontend\node_modules\expo-modules-core\android\src\main\java\expo\modules\kotlin\objects\ObjectDefinitionBuilder.kt
2026-08-14 11:39:19.247 [daemon] INFO: Message: output: output:
D:\aarambh\frontend\node_modules\expo-modules-core\android\build\tmp\kotlin-classes\release\expo\modules\kotlin\objects\ObjectDefinitionBuilder$Function$$inlined$toArgsArray$default$17.class
Sources:
D:\aarambh\frontend\node_modules\expo-modules-core\android\src\main\java\expo\modules\kotlin\objects\ObjectDefinitionBuilder.kt
2026-08-14 11:39:19.248 [daemon] INFO: Message: output: output:
D:\aarambh\frontend\node_modules\expo-modules-core\android\build\tmp\kotlin-classes\release\expo\modules\kotlin\objects\ObjectDefinitionBuilder$Function$$inlined$toArgsArray$default$18.class
Sources:
D:\aarambh\frontend\node_modules\expo-modules-core\android\src\main\java\expo\modules\kotlin\objects\ObjectDefinitionBuilder.kt
2026-08-14 11:39:19.248 [daemon] INFO: Message: output: output:
D:\aarambh\frontend\node_modules\expo-modules-core\android\build\tmp\kotlin-classes\release\expo\modules\kotlin\objects\ObjectDefinitionBuilder$Function$$inlined$toArgsArray$default$19.class
Sources:
D:\aarambh\frontend\node_modules\expo-modules-core\android\src\main\java\expo\modules\kotlin\objects\ObjectDefinitionBuilder.kt
2026-08-14 11:39:19.248 [daemon] INFO: Message: output: output:
D:\aarambh\frontend\node_modules\expo-modules-core\android\build\tmp\kotlin-classes\release\expo\modules\kotlin\objects\ObjectDefinitionBuilder$Function$$inlined$toArgsArray$default$20.class
Sources:
D:\aarambh\frontend\node_modules\expo-modules-core\android\src\main\java\expo\modules\kotlin\objects\ObjectDefinitionBuilder.kt
2026-08-14 11:39:19.248 [daemon] INFO: Message: output: output:
D:\aarambh\frontend\node_modules\expo-modules-core\android\build\tmp\kotlin-classes\release\expo\modules\kotlin\objects\ObjectDefinitionBuilder$Function$$inlined$toArgsArray$default$21.class
Sources:
D:\aarambh\frontend\node_modules\expo-modules-core\android\src\main\java\expo\modules\kotlin\objects\ObjectDefinitionBuilder.kt
2026-08-14 11:39:19.249 [daemon] INFO: Message: output: output:
D:\aarambh\frontend\node_modules\expo-modules-core\android\build\tmp\kotlin-classes\release\expo\modules\kotlin\objects\ObjectDefinitionBuilder$Function$16.class
Sources:
D:\aarambh\frontend\node_modules\expo-modules-core\android\src\main\java\expo\modules\kotlin\objects\ObjectDefinitionBuilder.kt
2026-08-14 11:39:19.249 [daemon] INFO: Message: output: output:
D:\aarambh\frontend\node_modules\expo-modules-core\android\build\tmp\kotlin-classes\release\expo\modules\kotlin\objects\ObjectDefinitionBuilder$Function$$inlined$toArgsArray$default$22.class
Sources:
D:\aarambh\frontend\node_modules\expo-modules-core\android\src\main\java\expo\modules\kotlin\objects\ObjectDefinitionBuilder.kt
2026-08-14 11:39:19.249 [daemon] INFO: Message: output: output:
D:\aarambh\frontend\node_modules\expo-modules-core\android\build\tmp\kotlin-classes\release\expo\modules\kotlin\objects\ObjectDefinitionBuilder$Function$$inlined$toArgsArray$default$23.class
Sources:
D:\aarambh\frontend\node_modules\expo-modules-core\android\src\main\java\expo\modules\kotlin\objects\ObjectDefinitionBuilder.kt
2026-08-14 11:39:19.249 [daemon] INFO: Message: output: output:
D:\aarambh\frontend\node_modules\expo-modules-core\android\build\tmp\kotlin-classes\release\expo\modules\kotlin\objects\ObjectDefinitionBuilder$Function$$inlined$toArgsArray$default$24.class
Sources:
D:\aarambh\frontend\node_modules\expo-modules-core\android\src\main\java\expo\modules\kotlin\objects\ObjectDefinitionBuilder.kt
2026-08-14 11:39:19.250 [daemon] INFO: Message: output: output:
D:\aarambh\frontend\node_modules\expo-modules-core\android\build\tmp\kotlin-classes\release\expo\modules\kotlin\objects\ObjectDefinitionBuilder$Function$$inlined$toArgsArray$default$25.class
Sources:
D:\aarambh\frontend\node_modules\expo-modules-core\android\src\main\java\expo\modules\kotlin\objects\ObjectDefinitionBuilder.kt
2026-08-14 11:39:19.250 [daemon] INFO: Message: output: output:
D:\aarambh\frontend\node_modules\expo-modules-core\android\build\tmp\kotlin-classes\release\expo\modules\kotlin\objects\ObjectDefinitionBuilder$Function$$inlined$toArgsArray$default$26.class
Sources:
D:\aarambh\frontend\node_modules\expo-modules-core\android\src\main\java\expo\modules\kotlin\objects\ObjectDefinitionBuilder.kt
2026-08-14 11:39:19.250 [daemon] INFO: Message: output: output:
D:\aarambh\frontend\node_modules\expo-modules-core\android\build\tmp\kotlin-classes\release\expo\modules\kotlin\objects\ObjectDefinitionBuilder$Function$$inlined$toArgsArray$default$27.class
Sources:
D:\aarambh\frontend\node_modules\expo-modules-core\android\src\main\java\expo\modules\kotlin\objects\ObjectDefinitionBuilder.kt
2026-08-14 11:39:19.250 [daemon] INFO: Message: output: output:
D:\aarambh\frontend\node_modules\expo-modules-core\android\build\tmp\kotlin-classes\release\expo\modules\kotlin\objects\ObjectDefinitionBuilder$Function$$inlined$toArgsArray$default$28.class
Sources:
D:\aarambh\frontend\node_modules\expo-modules-core\android\src\main\java\expo\modules\kotlin\objects\ObjectDefinitionBuilder.kt
2026-08-14 11:39:19.250 [daemon] INFO: Message: output: output:
D:\aarambh\frontend\node_modules\expo-modules-core\android\build\tmp\kotlin-classes\release\expo\modules\kotlin\objects\ObjectDefinitionBuilder$Function$18.class
Sources:
D:\aarambh\frontend\node_modules\expo-modules-core\android\src\main\java\expo\modules\kotlin\objects\ObjectDefinitionBuilder.kt
2026-08-14 11:39:19.250 [daemon] INFO: Message: output: output:
D:\aarambh\frontend\node_modules\expo-modules-core\android\build\tmp\kotlin-classes\release\expo\modules\kotlin\objects\ObjectDefinitionBuilder$Function$$inlined$toArgsArray$default$29.class
Sources:
D:\aarambh\frontend\node_modules\expo-modules-core\android\src\main\java\expo\modules\kotlin\objects\ObjectDefinitionBuilder.kt
2026-08-14 11:39:19.251 [daemon] INFO: Message: output: output:
D:\aarambh\frontend\node_modules\expo-modules-core\android\build\tmp\kotlin-classes\release\expo\modules\kotlin\objects\ObjectDefinitionBuilder$Function$$inlined$toArgsArray$default$30.class
Sources:
D:\aarambh\frontend\node_modules\expo-modules-core\android\src\main\java\expo\modules\kotlin\objects\ObjectDefinitionBuilder.kt
2026-08-14 11:39:19.251 [daemon] INFO: Message: output: output:
D:\aarambh\frontend\node_modules\expo-modules-core\android\build\tmp\kotlin-classes\release\expo\modules\kotlin\objects\ObjectDefinitionBuilder$Function$$inlined$toArgsArray$default$31.class
Sources:
D:\aarambh\frontend\node_modules\expo-modules-core\android\src\main\java\expo\modules\kotlin\objects\ObjectDefinitionBuilder.kt
2026-08-14 11:39:19.251 [daemon] INFO: Message: output: output:
D:\aarambh\frontend\node_modules\expo-modules-core\android\build\tmp\kotlin-classes\release\expo\modules\kotlin\objects\ObjectDefinitionBuilder$Function$$inlined$toArgsArray$default$32.class
Sources:
D:\aarambh\frontend\node_modules\expo-modules-core\android\src\main\java\expo\modules\kotlin\objects\ObjectDefinitionBuilder.kt
2026-08-14 11:39:19.251 [daemon] INFO: Message: output: output:
D:\aarambh\frontend\node_modules\expo-modules-core\android\build\tmp\kotlin-classes\release\expo\modules\kotlin\objects\ObjectDefinitionBuilder$Function$$inlined$toArgsArray$default$33.class
Sources:
D:\aarambh\frontend\node_modules\expo-modules-core\android\src\main\java\expo\modules\kotlin\objects\ObjectDefinitionBuilder.kt
2026-08-14 11:39:19.251 [daemon] INFO: Message: output: output:
D:\aarambh\frontend\node_modules\expo-modules-core\android\build\tmp\kotlin-classes\release\expo\modules\kotlin\objects\ObjectDefinitionBuilder$Function$$inlined$toArgsArray$default$34.class
Sources:
D:\aarambh\frontend\node_modules\expo-modules-core\android\src\main\java\expo\modules\kotlin\objects\ObjectDefinitionBuilder.kt
2026-08-14 11:39:19.251 [daemon] INFO: Message: output: output:
D:\aarambh\frontend\node_modules\expo-modules-core\android\build\tmp\kotlin-classes\release\expo\modules\kotlin\objects\ObjectDefinitionBuilder$Function$$inlined$toArgsArray$default$35.class
Sources:
D:\aarambh\frontend\node_modules\expo-modules-core\android\src\main\java\expo\modules\kotlin\objects\ObjectDefinitionBuilder.kt
2026-08-14 11:39:19.251 [daemon] INFO: Message: output: output:
D:\aarambh\frontend\node_modules\expo-modules-core\android\build\tmp\kotlin-classes\release\expo\modules\kotlin\objects\ObjectDefinitionBuilder$Function$$inlined$toArgsArray$default$36.class
Sources:
D:\aarambh\frontend\node_modules\expo-modules-core\android\src\main\java\expo\modules\kotlin\objects\ObjectDefinitionBuilder.kt
2026-08-14 11:39:19.251 [daemon] INFO: Message: output: output:
D:\aarambh\frontend\node_modules\expo-modules-core\android\build\tmp\kotlin-classes\release\expo\modules\kotlin\objects\ObjectDefinitionBuilder$Function$20.class
Sources:
D:\aarambh\frontend\node_modules\expo-modules-core\android\src\main\java\expo\modules\kotlin\objects\ObjectDefinitionBuilder.kt
2026-08-14 11:39:19.251 [daemon] INFO: Message: output: output:
D:\aarambh\frontend\node_modules\expo-modules-core\android\build\tmp\kotlin-classes\release\expo\modules\kotlin\objects\ObjectDefinitionBuilder$AsyncFunction$1.class
Sources:
D:\aarambh\frontend\node_modules\expo-modules-core\android\src\main\java\expo\modules\kotlin\objects\ObjectDefinitionBuilder.kt
2026-08-14 11:39:19.254 [daemon] INFO: Message: output: output:
D:\aarambh\frontend\node_modules\expo-modules-core\android\build\tmp\kotlin-classes\release\expo\modules\kotlin\objects\ObjectDefinitionBuilder$AsyncFunction$3.class
Sources:
D:\aarambh\frontend\node_modules\expo-modules-core\android\src\main\java\expo\modules\kotlin\objects\ObjectDefinitionBuilder.kt
2026-08-14 11:39:19.254 [daemon] INFO: Message: output: output:
D:\aarambh\frontend\node_modules\expo-modules-core\android\build\tmp\kotlin-classes\release\expo\modules\kotlin\objects\ObjectDefinitionBuilder$AsyncFunction$$inlined$toArgsArray$default$5.class
Sources:
D:\aarambh\frontend\node_modules\expo-modules-core\android\src\main\java\expo\modules\kotlin\objects\ObjectDefinitionBuilder.kt
2026-08-14 11:39:19.255 [daemon] INFO: Message: output: output:
D:\aarambh\frontend\node_modules\expo-modules-core\android\build\tmp\kotlin-classes\release\expo\modules\kotlin\objects\ObjectDefinitionBuilder$AsyncFunction$$inlined$toArgsArray$default$6.class
Sources:
D:\aarambh\frontend\node_modules\expo-modules-core\android\src\main\java\expo\modules\kotlin\objects\ObjectDefinitionBuilder.kt
2026-08-14 11:39:19.255 [daemon] INFO: Message: output: output:
D:\aarambh\frontend\node_modules\expo-modules-core\android\build\tmp\kotlin-classes\release\expo\modules\kotlin\objects\ObjectDefinitionBuilder$AsyncFunction$8.class
Sources:
D:\aarambh\frontend\node_modules\expo-modules-core\android\src\main\java\expo\modules\kotlin\objects\ObjectDefinitionBuilder.kt
2026-08-14 11:39:19.508 [daemon] INFO: Message: output: output:
D:\aarambh\frontend\node_modules\expo-modules-core\android\build\tmp\kotlin-classes\release\expo\modules\kotlin\objects\ObjectDefinitionBuilder$AsyncFunction$$inlined$toArgsArray$default$7.class
Sources:
D:\aarambh\frontend\node_modules\expo-modules-core\android\src\main\java\expo\modules\kotlin\objects\ObjectDefinitionBuilder.kt
2026-08-14 11:39:19.509 [daemon] INFO: Message: output: output:
D:\aarambh\frontend\node_modules\expo-modules-core\android\build\tmp\kotlin-classes\release\expo\modules\kotlin\objects\ObjectDefinitionBuilder$AsyncFunction$10.class
Sources:
D:\aarambh\frontend\node_modules\expo-modules-core\android\src\main\java\expo\modules\kotlin\objects\ObjectDefinitionBuilder.kt
2026-08-14 11:39:19.509 [daemon] INFO: Message: output: output:
D:\aarambh\frontend\node_modules\expo-modules-core\android\build\tmp\kotlin-classes\release\expo\modules\kotlin\objects\ObjectDefinitionBuilder$AsyncFunction$$inlined$toArgsArray$default$8.class
Sources:
D:\aarambh\frontend\node_modules\expo-modules-core\android\src\main\java\expo\modules\kotlin\objects\ObjectDefinitionBuilder.kt
2026-08-14 11:39:19.511 [daemon] INFO: Message: output: output:
D:\aarambh\frontend\node_modules\expo-modules-core\android\build\tmp\kotlin-classes\release\expo\modules\kotlin\objects\ObjectDefinitionBuilder$AsyncFunction$$inlined$toArgsArray$default$9.class
Sources:
D:\aarambh\frontend\node_modules\expo-modules-core\android\src\main\java\expo\modules\kotlin\objects\ObjectDefinitionBuilder.kt
2026-08-14 11:39:19.511 [daemon] INFO: Message: output: output:
D:\aarambh\frontend\node_modules\expo-modules-core\android\build\tmp\kotlin-classes\release\expo\modules\kotlin\objects\ObjectDefinitionBuilder$AsyncFunction$$inlined$toArgsArray$default$10.class
Sources:
D:\aarambh\frontend\node_modules\expo-modules-core\android\src\main\java\expo\modules\kotlin\objects\ObjectDefinitionBuilder.kt
2026-08-14 11:39:19.512 [daemon] INFO: Message: output: output:
D:\aarambh\frontend\node_modules\expo-modules-core\android\build\tmp\kotlin-classes\release\expo\modules\kotlin\objects\ObjectDefinitionBuilder$AsyncFunction$12.class
Sources:
D:\aarambh\frontend\node_modules\expo-modules-core\android\src\main\java\expo\modules\kotlin\objects\ObjectDefinitionBuilder.kt
2026-08-14 11:39:19.512 [daemon] INFO: Message: output: output:
D:\aarambh\frontend\node_modules\expo-modules-core\android\build\tmp\kotlin-classes\release\expo\modules\kotlin\objects\ObjectDefinitionBuilder$AsyncFunction$$inlined$toArgsArray$default$11.class
Sources:
D:\aarambh\frontend\node_modules\expo-modules-core\android\src\main\java\expo\modules\kotlin\objects\ObjectDefinitionBuilder.kt
2026-08-14 11:39:19.512 [daemon] INFO: Message: output: output:
D:\aarambh\frontend\node_modules\expo-modules-core\android\build\tmp\kotlin-classes\release\expo\modules\kotlin\objects\ObjectDefinitionBuilder$AsyncFunction$$inlined$toArgsArray$default$12.class
Sources:
D:\aarambh\frontend\node_modules\expo-modules-core\android\src\main\java\expo\modules\kotlin\objects\ObjectDefinitionBuilder.kt
2026-08-14 11:39:19.512 [daemon] INFO: Message: output: output:
D:\aarambh\frontend\node_modules\expo-modules-core\android\build\tmp\kotlin-classes\release\expo\modules\kotlin\objects\ObjectDefinitionBuilder$AsyncFunction$14.class
Sources:
D:\aarambh\frontend\node_modules\expo-modules-core\android\src\main\java\expo\modules\kotlin\objects\ObjectDefinitionBuilder.kt
2026-08-14 11:39:19.512 [daemon] INFO: Message: output: output:
D:\aarambh\frontend\node_modules\expo-modules-core\android\build\tmp\kotlin-classes\release\expo\modules\kotlin\objects\ObjectDefinitionBuilder$AsyncFunction$$inlined$toArgsArray$default$13.class
Sources:
D:\aarambh\frontend\node_modules\expo-modules-core\android\src\main\java\expo\modules\kotlin\objects\ObjectDefinitionBuilder.kt
2026-08-14 11:39:19.513 [daemon] INFO: Message: output: output:
D:\aarambh\frontend\node_modules\expo-modules-core\android\build\tmp\kotlin-classes\release\expo\modules\kotlin\objects\ObjectDefinitionBuilder$AsyncFunction$$inlined$toArgsArray$default$14.class
Sources:
D:\aarambh\frontend\node_modules\expo-modules-core\android\src\main\java\expo\modules\kotlin\objects\ObjectDefinitionBuilder.kt
2026-08-14 11:39:19.513 [daemon] INFO: Message: output: output:
D:\aarambh\frontend\node_modules\expo-modules-core\android\build\tmp\kotlin-classes\release\expo\modules\kotlin\objects\ObjectDefinitionBuilder$AsyncFunction$$inlined$toArgsArray$default$15.class
Sources:
D:\aarambh\frontend\node_modules\expo-modules-core\android\src\main\java\expo\modules\kotlin\objects\ObjectDefinitionBuilder.kt
2026-08-14 11:39:19.515 [daemon] INFO: Message: output: output:
D:\aarambh\frontend\node_modules\expo-modules-core\android\build\tmp\kotlin-classes\release\expo\modules\kotlin\objects\ObjectDefinitionBuilder$AsyncFunction$$inlined$toArgsArray$default$16.class
Sources:
D:\aarambh\frontend\node_modules\expo-modules-core\android\src\main\java\expo\modules\kotlin\objects\ObjectDefinitionBuilder.kt
2026-08-14 11:39:20.096 [daemon] INFO: Message: output: output:
D:\aarambh\frontend\node_modules\expo-modules-core\android\build\tmp\kotlin-classes\release\expo\modules\kotlin\objects\ObjectDefinitionBuilder$AsyncFunction$16.class
Sources:
D:\aarambh\frontend\node_modules\expo-modules-core\android\src\main\java\expo\modules\kotlin\objects\ObjectDefinitionBuilder.kt
2026-08-14 11:39:20.096 [daemon] INFO: Message: output: output:
D:\aarambh\frontend\node_modules\expo-modules-core\android\build\tmp\kotlin-classes\release\expo\modules\kotlin\objects\ObjectDefinitionBuilder$AsyncFunction$$inlined$toArgsArray$default$17.class
Sources:
D:\aarambh\frontend\node_modules\expo-modules-core\android\src\main\java\expo\modules\kotlin\objects\ObjectDefinitionBuilder.kt
2026-08-14 11:39:20.097 [daemon] INFO: Message: output: output:
D:\aarambh\frontend\node_modules\expo-modules-core\android\build\tmp\kotlin-classes\release\expo\modules\kotlin\objects\ObjectDefinitionBuilder$AsyncFunction$$inlined$toArgsArray$default$18.class
Sources:
D:\aarambh\frontend\node_modules\expo-modules-core\android\src\main\java\expo\modules\kotlin\objects\ObjectDefinitionBuilder.kt
2026-08-14 11:39:20.097 [daemon] INFO: Message: output: output:
D:\aarambh\frontend\node_modules\expo-modules-core\android\build\tmp\kotlin-classes\release\expo\modules\kotlin\objects\ObjectDefinitionBuilder$AsyncFunction$$inlined$toArgsArray$default$19.class
Sources:
D:\aarambh\frontend\node_modules\expo-modules-core\android\src\main\java\expo\modules\kotlin\objects\ObjectDefinitionBuilder.kt
2026-08-14 11:39:20.097 [daemon] INFO: Message: output: output:
D:\aarambh\frontend\node_modules\expo-modules-core\android\build\tmp\kotlin-classes\release\expo\modules\kotlin\objects\ObjectDefinitionBuilder$AsyncFunction$$inlined$toArgsArray$default$20.class
Sources:
D:\aarambh\frontend\node_modules\expo-modules-core\android\src\main\java\expo\modules\kotlin\objects\ObjectDefinitionBuilder.kt
2026-08-14 11:39:20.098 [daemon] INFO: Message: output: output:
D:\aarambh\frontend\node_modules\expo-modules-core\android\build\tmp\kotlin-classes\release\expo\modules\kotlin\objects\ObjectDefinitionBuilder$AsyncFunction$$inlined$toArgsArray$default$21.class
Sources:
D:\aarambh\frontend\node_modules\expo-modules-core\android\src\main\java\expo\modules\kotlin\objects\ObjectDefinitionBuilder.kt
2026-08-14 11:39:20.098 [daemon] INFO: Message: output: output:
D:\aarambh\frontend\node_modules\expo-modules-core\android\build\tmp\kotlin-classes\release\expo\modules\kotlin\objects\ObjectDefinitionBuilder$AsyncFunction$20.class
Sources:
D:\aarambh\frontend\node_modules\expo-modules-core\android\src\main\java\expo\modules\kotlin\objects\ObjectDefinitionBuilder.kt
2026-08-14 11:39:20.098 [daemon] INFO: Message: output: output:
D:\aarambh\frontend\node_modules\expo-modules-core\android\build\tmp\kotlin-classes\release\expo\modules\kotlin\objects\ObjectDefinitionBuilder$AsyncFunction$$inlined$toArgsArray$default$22.class
Sources:
D:\aarambh\frontend\node_modules\expo-modules-core\android\src\main\java\expo\modules\kotlin\objects\ObjectDefinitionBuilder.kt
2026-08-14 11:39:20.098 [daemon] INFO: Message: output: output:
D:\aarambh\frontend\node_modules\expo-modules-core\android\build\tmp\kotlin-classes\release\expo\modules\kotlin\objects\ObjectDefinitionBuilder$AsyncFunction$$inlined$toArgsArray$default$23.class
Sources:
D:\aarambh\frontend\node_modules\expo-modules-core\android\src\main\java\expo\modules\kotlin\objects\ObjectDefinitionBuilder.kt
2026-08-14 11:39:20.098 [daemon] INFO: Message: output: output:
D:\aarambh\frontend\node_modules\expo-modules-core\android\build\tmp\kotlin-classes\release\expo\modules\kotlin\objects\ObjectDefinitionBuilder$AsyncFunction$$inlined$toArgsArray$default$24.class
Sources:
D:\aarambh\frontend\node_modules\expo-modules-core\android\src\main\java\expo\modules\kotlin\objects\ObjectDefinitionBuilder.kt
2026-08-14 11:39:20.098 [daemon] INFO: Message: output: output:
D:\aarambh\frontend\node_modules\expo-modules-core\android\build\tmp\kotlin-classes\release\expo\modules\kotlin\objects\ObjectDefinitionBuilder$AsyncFunction$$inlined$toArgsArray$default$25.class
Sources:
D:\aarambh\frontend\node_modules\expo-modules-core\android\src\main\java\expo\modules\kotlin\objects\ObjectDefinitionBuilder.kt
2026-08-14 11:39:20.099 [daemon] INFO: Message: output: output:
D:\aarambh\frontend\node_modules\expo-modules-core\android\build\tmp\kotlin-classes\release\expo\modules\kotlin\objects\ObjectDefinitionBuilder$AsyncFunction$22.class
Sources:
D:\aarambh\frontend\node_modules\expo-modules-core\android\src\main\java\expo\modules\kotlin\objects\ObjectDefinitionBuilder.kt
2026-08-14 11:39:20.099 [daemon] INFO: Message: output: output:
D:\aarambh\frontend\node_modules\expo-modules-core\android\build\tmp\kotlin-classes\release\expo\modules\kotlin\objects\ObjectDefinitionBuilder$AsyncFunction$$inlined$toArgsArray$default$26.class
Sources:
D:\aarambh\frontend\node_modules\expo-modules-core\android\src\main\java\expo\modules\kotlin\objects\ObjectDefinitionBuilder.kt
2026-08-14 11:39:20.099 [daemon] INFO: Message: output: output:
D:\aarambh\frontend\node_modules\expo-modules-core\android\build\tmp\kotlin-classes\release\expo\modules\kotlin\objects\ObjectDefinitionBuilder$AsyncFunction$$inlined$toArgsArray$default$27.class
Sources:
D:\aarambh\frontend\node_modules\expo-modules-core\android\src\main\java\expo\modules\kotlin\objects\ObjectDefinitionBuilder.kt
2026-08-14 11:39:20.099 [daemon] INFO: Message: output: output:
D:\aarambh\frontend\node_modules\expo-modules-core\android\build\tmp\kotlin-classes\release\expo\modules\kotlin\objects\ObjectDefinitionBuilder$AsyncFunction$$inlined$toArgsArray$default$28.class
Sources:
D:\aarambh\frontend\node_modules\expo-modules-core\android\src\main\java\expo\modules\kotlin\objects\ObjectDefinitionBuilder.kt
2026-08-14 11:39:20.101 [daemon] INFO: Message: output: output:
D:\aarambh\frontend\node_modules\expo-modules-core\android\build\tmp\kotlin-classes\release\expo\modules\kotlin\objects\ObjectDefinitionBuilder$AsyncFunction$$inlined$toArgsArray$default$29.class
Sources:
D:\aarambh\frontend\node_modules\expo-modules-core\android\src\main\java\expo\modules\kotlin\objects\ObjectDefinitionBuilder.kt
2026-08-14 11:39:20.101 [daemon] INFO: Message: output: output:
D:\aarambh\frontend\node_modules\expo-modules-core\android\build\tmp\kotlin-classes\release\expo\modules\kotlin\objects\ObjectDefinitionBuilder$AsyncFunction$$inlined$toArgsArray$default$30.class
Sources:
D:\aarambh\frontend\node_modules\expo-modules-core\android\src\main\java\expo\modules\kotlin\objects\ObjectDefinitionBuilder.kt
2026-08-14 11:39:20.101 [daemon] INFO: Message: output: output:
D:\aarambh\frontend\node_modules\expo-modules-core\android\build\tmp\kotlin-classes\release\expo\modules\kotlin\objects\ObjectDefinitionBuilder$AsyncFunction$$inlined$toArgsArray$default$31.class
Sources:
D:\aarambh\frontend\node_modules\expo-modules-core\android\src\main\java\expo\modules\kotlin\objects\ObjectDefinitionBuilder.kt
2026-08-14 11:39:20.101 [daemon] INFO: Message: output: output:
D:\aarambh\frontend\node_modules\expo-modules-core\android\build\tmp\kotlin-classes\release\expo\modules\kotlin\objects\ObjectDefinitionBuilder$AsyncFunction$24.class
Sources:
D:\aarambh\frontend\node_modules\expo-modules-core\android\src\main\java\expo\modules\kotlin\objects\ObjectDefinitionBuilder.kt
2026-08-14 11:39:20.102 [daemon] INFO: Message: output: output:
D:\aarambh\frontend\node_modules\expo-modules-core\android\build\tmp\kotlin-classes\release\expo\modules\kotlin\objects\ObjectDefinitionBuilder$AsyncFunction$$inlined$toArgsArray$default$32.class
Sources:
D:\aarambh\frontend\node_modules\expo-modules-core\android\src\main\java\expo\modules\kotlin\objects\ObjectDefinitionBuilder.kt
2026-08-14 11:39:20.102 [daemon] INFO: Message: output: output:
D:\aarambh\frontend\node_modules\expo-modules-core\android\build\tmp\kotlin-classes\release\expo\modules\kotlin\objects\ObjectDefinitionBuilder$AsyncFunction$$inlined$toArgsArray$default$33.class
Sources:
D:\aarambh\frontend\node_modules\expo-modules-core\android\src\main\java\expo\modules\kotlin\objects\ObjectDefinitionBuilder.kt
2026-08-14 11:39:20.102 [daemon] INFO: Message: output: output:
D:\aarambh\frontend\node_modules\expo-modules-core\android\build\tmp\kotlin-classes\release\expo\modules\kotlin\objects\ObjectDefinitionBuilder$AsyncFunction$$inlined$toArgsArray$default$34.class
Sources:
D:\aarambh\frontend\node_modules\expo-modules-core\android\src\main\java\expo\modules\kotlin\objects\ObjectDefinitionBuilder.kt
2026-08-14 11:39:20.104 [daemon] INFO: Message: output: output:
D:\aarambh\frontend\node_modules\expo-modules-core\android\build\tmp\kotlin-classes\release\expo\modules\kotlin\objects\ObjectDefinitionBuilder$AsyncFunction$$inlined$toArgsArray$default$35.class
Sources:
D:\aarambh\frontend\node_modules\expo-modules-core\android\src\main\java\expo\modules\kotlin\objects\ObjectDefinitionBuilder.kt
2026-08-14 11:39:20.196 [daemon] INFO: Message: output: output:
D:\aarambh\frontend\node_modules\expo-modules-core\android\build\tmp\kotlin-classes\release\expo\modules\kotlin\objects\ObjectDefinitionBuilder$AsyncFunction$$inlined$toArgsArray$default$36.class
Sources:
D:\aarambh\frontend\node_modules\expo-modules-core\android\src\main\java\expo\modules\kotlin\objects\ObjectDefinitionBuilder.kt
2026-08-14 11:39:20.196 [daemon] INFO: Message: output: output:
D:\aarambh\frontend\node_modules\expo-modules-core\android\build\tmp\kotlin-classes\release\expo\modules\kotlin\objects\ObjectDefinitionBuilder$AsyncFunction$26.class
Sources:
D:\aarambh\frontend\node_modules\expo-modules-core\android\src\main\java\expo\modules\kotlin\objects\ObjectDefinitionBuilder.kt
2026-08-14 11:39:20.197 [daemon] INFO: Message: output: output:
D:\aarambh\frontend\node_modules\expo-modules-core\android\build\tmp\kotlin-classes\release\expo\modules\kotlin\objects\ObjectDefinitionBuilder$AsyncFunction$$inlined$toArgsArray$default$37.class
Sources:
D:\aarambh\frontend\node_modules\expo-modules-core\android\src\main\java\expo\modules\kotlin\objects\ObjectDefinitionBuilder.kt
2026-08-14 11:39:20.198 [daemon] INFO: Message: output: output:
D:\aarambh\frontend\node_modules\expo-modules-core\android\build\tmp\kotlin-classes\release\expo\modules\kotlin\objects\ObjectDefinitionBuilder$AsyncFunction$$inlined$toArgsArray$default$38.class
Sources:
D:\aarambh\frontend\node_modules\expo-modules-core\android\src\main\java\expo\modules\kotlin\objects\ObjectDefinitionBuilder.kt
2026-08-14 11:39:20.198 [daemon] INFO: Message: output: output:
D:\aarambh\frontend\node_modules\expo-modules-core\android\build\tmp\kotlin-classes\release\expo\modules\kotlin\objects\ObjectDefinitionBuilder$AsyncFunction$$inlined$toArgsArray$default$39.class
Sources:
D:\aarambh\frontend\node_modules\expo-modules-core\android\src\main\java\expo\modules\kotlin\objects\ObjectDefinitionBuilder.kt
2026-08-14 11:39:20.198 [daemon] INFO: Message: output: output:
D:\aarambh\frontend\node_modules\expo-modules-core\android\build\tmp\kotlin-classes\release\expo\modules\kotlin\objects\ObjectDefinitionBuilder$AsyncFunction$$inlined$toArgsArray$default$40.class
Sources:
D:\aarambh\frontend\node_modules\expo-modules-core\android\src\main\java\expo\modules\kotlin\objects\ObjectDefinitionBuilder.kt
2026-08-14 11:39:20.199 [daemon] INFO: Message: output: output:
D:\aarambh\frontend\node_modules\expo-modules-core\android\build\tmp\kotlin-classes\release\expo\modules\kotlin\objects\ObjectDefinitionBuilder$AsyncFunction$$inlined$toArgsArray$default$41.class
Sources:
D:\aarambh\frontend\node_modules\expo-modules-core\android\src\main\java\expo\modules\kotlin\objects\ObjectDefinitionBuilder.kt
2026-08-14 11:39:20.199 [daemon] INFO: Message: output: output:
D:\aarambh\frontend\node_modules\expo-modules-core\android\build\tmp\kotlin-classes\release\expo\modules\kotlin\objects\ObjectDefinitionBuilder$AsyncFunction$$inlined$toArgsArray$default$42.class
Sources:
D:\aarambh\frontend\node_modules\expo-modules-core\android\src\main\java\expo\modules\kotlin\objects\ObjectDefinitionBuilder.kt
2026-08-14 11:39:20.199 [daemon] INFO: Message: output: output:
D:\aarambh\frontend\node_modules\expo-modules-core\android\build\tmp\kotlin-classes\release\expo\modules\kotlin\objects\ObjectDefinitionBuilder$AsyncFunction$$inlined$toArgsArray$default$43.class
Sources:
D:\aarambh\frontend\node_modules\expo-modules-core\android\src\main\java\expo\modules\kotlin\objects\ObjectDefinitionBuilder.kt
2026-08-14 11:39:20.199 [daemon] INFO: Message: output: output:
D:\aarambh\frontend\node_modules\expo-modules-core\android\build\tmp\kotlin-classes\release\expo\modules\kotlin\objects\ObjectDefinitionBuilder$AsyncFunction$28.class
Sources:
D:\aarambh\frontend\node_modules\expo-modules-core\android\src\main\java\expo\modules\kotlin\objects\ObjectDefinitionBuilder.kt
2026-08-14 11:39:20.200 [daemon] INFO: Message: output: output:
D:\aarambh\frontend\node_modules\expo-modules-core\android\build\tmp\kotlin-classes\release\expo\modules\kotlin\objects\ObjectDefinitionBuilder$AsyncFunction$$inlined$toArgsArray$default$44.class
Sources:
D:\aarambh\frontend\node_modules\expo-modules-core\android\src\main\java\expo\modules\kotlin\objects\ObjectDefinitionBuilder.kt
2026-08-14 11:39:20.200 [daemon] INFO: Message: output: output:
D:\aarambh\frontend\node_modules\expo-modules-core\android\build\tmp\kotlin-classes\release\expo\modules\kotlin\objects\ObjectDefinitionBuilder$AsyncFunction$$inlined$toArgsArray$default$45.class
Sources:
D:\aarambh\frontend\node_modules\expo-modules-core\android\src\main\java\expo\modules\kotlin\objects\ObjectDefinitionBuilder.kt
2026-08-14 11:39:20.201 [daemon] INFO: Message: output: output:
D:\aarambh\frontend\node_modules\expo-modules-core\android\build\tmp\kotlin-classes\release\expo\modules\kotlin\objects\ObjectDefinitionBuilder$AsyncFunction$$inlined$toArgsArray$default$46.class
Sources:
D:\aarambh\frontend\node_modules\expo-modules-core\android\src\main\java\expo\modules\kotlin\objects\ObjectDefinitionBuilder.kt
2026-08-14 11:39:20.201 [daemon] INFO: Message: output: output:
D:\aarambh\frontend\node_modules\expo-modules-core\android\build\tmp\kotlin-classes\release\expo\modules\kotlin\objects\ObjectDefinitionBuilder$AsyncFunction$$inlined$toArgsArray$default$47.class
Sources:
D:\aarambh\frontend\node_modules\expo-modules-core\android\src\main\java\expo\modules\kotlin\objects\ObjectDefinitionBuilder.kt
2026-08-14 11:39:20.201 [daemon] INFO: Message: output: output:
D:\aarambh\frontend\node_modules\expo-modules-core\android\build\tmp\kotlin-classes\release\expo\modules\kotlin\objects\ObjectDefinitionBuilder$AsyncFunction$$inlined$toArgsArray$default$48.class
Sources:
D:\aarambh\frontend\node_modules\expo-modules-core\android\src\main\java\expo\modules\kotlin\objects\ObjectDefinitionBuilder.kt
2026-08-14 11:39:20.201 [daemon] INFO: Message: output: output:
D:\aarambh\frontend\node_modules\expo-modules-core\android\build\tmp\kotlin-classes\release\expo\modules\kotlin\objects\ObjectDefinitionBuilder$AsyncFunction$$inlined$toArgsArray$default$49.class
Sources:
D:\aarambh\frontend\node_modules\expo-modules-core\android\src\main\java\expo\modules\kotlin\objects\ObjectDefinitionBuilder.kt
2026-08-14 11:39:20.201 [daemon] INFO: Message: output: output:
D:\aarambh\frontend\node_modules\expo-modules-core\android\build\tmp\kotlin-classes\release\expo\modules\kotlin\objects\ObjectDefinitionBuilder$AsyncFunction$30.class
Sources:
D:\aarambh\frontend\node_modules\expo-modules-core\android\src\main\java\expo\modules\kotlin\objects\ObjectDefinitionBuilder.kt
2026-08-14 11:39:20.201 [daemon] INFO: Message: output: output:
D:\aarambh\frontend\node_modules\expo-modules-core\android\build\tmp\kotlin-classes\release\expo\modules\kotlin\objects\ObjectDefinitionBuilder$AsyncFunction$$inlined$toArgsArray$default$50.class
Sources:
D:\aarambh\frontend\node_modules\expo-modules-core\android\src\main\java\expo\modules\kotlin\objects\ObjectDefinitionBuilder.kt
2026-08-14 11:39:20.201 [daemon] INFO: Message: output: output:
D:\aarambh\frontend\node_modules\expo-modules-core\android\build\tmp\kotlin-classes\release\expo\modules\kotlin\objects\ObjectDefinitionBuilder$AsyncFunction$$inlined$toArgsArray$default$51.class
Sources:
D:\aarambh\frontend\node_modules\expo-modules-core\android\src\main\java\expo\modules\kotlin\objects\ObjectDefinitionBuilder.kt
2026-08-14 11:39:20.201 [daemon] INFO: Message: output: output:
D:\aarambh\frontend\node_modules\expo-modules-core\android\build\tmp\kotlin-classes\release\expo\modules\kotlin\objects\ObjectDefinitionBuilder$AsyncFunction$$inlined$toArgsArray$default$52.class
Sources:
D:\aarambh\frontend\node_modules\expo-modules-core\android\src\main\java\expo\modules\kotlin\objects\ObjectDefinitionBuilder.kt
2026-08-14 11:39:20.204 [daemon] INFO: Message: output: output:
D:\aarambh\frontend\node_modules\expo-modules-core\android\build\tmp\kotlin-classes\release\expo\modules\kotlin\objects\ObjectDefinitionBuilder$AsyncFunction$$inlined$toArgsArray$default$53.class
Sources:
D:\aarambh\frontend\node_modules\expo-modules-core\android\src\main\java\expo\modules\kotlin\objects\ObjectDefinitionBuilder.kt
2026-08-14 11:39:20.204 [daemon] INFO: Message: output: output:
D:\aarambh\frontend\node_modules\expo-modules-core\android\build\tmp\kotlin-classes\release\expo\modules\kotlin\objects\ObjectDefinitionBuilder$AsyncFunction$$inlined$toArgsArray$default$54.class
Sources:
D:\aarambh\frontend\node_modules\expo-modules-core\android\src\main\java\expo\modules\kotlin\objects\ObjectDefinitionBuilder.kt
2026-08-14 11:39:20.204 [daemon] INFO: Message: output: output:
D:\aarambh\frontend\node_modules\expo-modules-core\android\build\tmp\kotlin-classes\release\expo\modules\kotlin\objects\ObjectDefinitionBuilder$AsyncFunction$$inlined$toArgsArray$default$55.class
Sources:
D:\aarambh\frontend\node_modules\expo-modules-core\android\src\main\java\expo\modules\kotlin\objects\ObjectDefinitionBuilder.kt
2026-08-14 11:39:20.205 [daemon] INFO: Message: output: output:
D:\aarambh\frontend\node_modules\expo-modules-core\android\build\tmp\kotlin-classes\release\expo\modules\kotlin\objects\ObjectDefinitionBuilder$AsyncFunction$$inlined$toArgsArray$default$56.class
Sources:
D:\aarambh\frontend\node_modules\expo-modules-core\android\src\main\java\expo\modules\kotlin\objects\ObjectDefinitionBuilder.kt
2026-08-14 11:39:20.205 [daemon] INFO: Message: output: output:
D:\aarambh\frontend\node_modules\expo-modules-core\android\build\tmp\kotlin-classes\release\expo\modules\kotlin\objects\ObjectDefinitionBuilder$AsyncFunction$$inlined$toArgsArray$default$57.class
Sources:
D:\aarambh\frontend\node_modules\expo-modules-core\android\src\main\java\expo\modules\kotlin\objects\ObjectDefinitionBuilder.kt
2026-08-14 11:39:20.205 [daemon] INFO: Message: output: output:
D:\aarambh\frontend\node_modules\expo-modules-core\android\build\tmp\kotlin-classes\release\expo\modules\kotlin\objects\ObjectDefinitionBuilder$AsyncFunction$32.class
Sources:
D:\aarambh\frontend\node_modules\expo-modules-core\android\src\main\java\expo\modules\kotlin\objects\ObjectDefinitionBuilder.kt
2026-08-14 11:39:20.205 [daemon] INFO: Message: output: output:
D:\aarambh\frontend\node_modules\expo-modules-core\android\build\tmp\kotlin-classes\release\expo\modules\kotlin\objects\ObjectDefinitionBuilder$AsyncFunction$$inlined$toArgsArray$default$58.class
Sources:
D:\aarambh\frontend\node_modules\expo-modules-core\android\src\main\java\expo\modules\kotlin\objects\ObjectDefinitionBuilder.kt
2026-08-14 11:39:20.206 [daemon] INFO: Message: output: output:
D:\aarambh\frontend\node_modules\expo-modules-core\android\build\tmp\kotlin-classes\release\expo\modules\kotlin\objects\ObjectDefinitionBuilder$AsyncFunction$$inlined$toArgsArray$default$59.class
Sources:
D:\aarambh\frontend\node_modules\expo-modules-core\android\src\main\java\expo\modules\kotlin\objects\ObjectDefinitionBuilder.kt
2026-08-14 11:39:20.206 [daemon] INFO: Message: output: output:
D:\aarambh\frontend\node_modules\expo-modules-core\android\build\tmp\kotlin-classes\release\expo\modules\kotlin\objects\ObjectDefinitionBuilder$AsyncFunction$$inlined$toArgsArray$default$60.class
Sources:
D:\aarambh\frontend\node_modules\expo-modules-core\android\src\main\java\expo\modules\kotlin\objects\ObjectDefinitionBuilder.kt
2026-08-14 11:39:20.206 [daemon] INFO: Message: output: output:
D:\aarambh\frontend\node_modules\expo-modules-core\android\build\tmp\kotlin-classes\release\expo\modules\kotlin\objects\ObjectDefinitionBuilder$AsyncFunction$$inlined$toArgsArray$default$61.class
Sources:
D:\aarambh\frontend\node_modules\expo-modules-core\android\src\main\java\expo\modules\kotlin\objects\ObjectDefinitionBuilder.kt
2026-08-14 11:39:20.206 [daemon] INFO: Message: output: output:
D:\aarambh\frontend\node_modules\expo-modules-core\android\build\tmp\kotlin-classes\release\expo\modules\kotlin\objects\ObjectDefinitionBuilder$AsyncFunction$$inlined$toArgsArray$default$62.class
Sources:
D:\aarambh\frontend\node_modules\expo-modules-core\android\src\main\java\expo\modules\kotlin\objects\ObjectDefinitionBuilder.kt
2026-08-14 11:39:20.206 [daemon] INFO: Message: output: output:
D:\aarambh\frontend\node_modules\expo-modules-core\android\build\tmp\kotlin-classes\release\expo\modules\kotlin\objects\ObjectDefinitionBuilder$AsyncFunction$$inlined$toArgsArray$default$63.class
Sources:
D:\aarambh\frontend\node_modules\expo-modules-core\android\src\main\java\expo\modules\kotlin\objects\ObjectDefinitionBuilder.kt
2026-08-14 11:39:20.206 [daemon] INFO: Message: output: output:
D:\aarambh\frontend\node_modules\expo-modules-core\android\build\tmp\kotlin-classes\release\expo\modules\kotlin\objects\ObjectDefinitionBuilder$AsyncFunction$$inlined$toArgsArray$default$64.class
Sources:
D:\aarambh\frontend\node_modules\expo-modules-core\android\src\main\java\expo\modules\kotlin\objects\ObjectDefinitionBuilder.kt
2026-08-14 11:39:20.206 [daemon] INFO: Message: output: output:
D:\aarambh\frontend\node_modules\expo-modules-core\android\build\tmp\kotlin-classes\release\expo\modules\kotlin\objects\ObjectDefinitionBuilder$AsyncFunction$34.class
Sources:
D:\aarambh\frontend\node_modules\expo-modules-core\android\src\main\java\expo\modules\kotlin\objects\ObjectDefinitionBuilder.kt
2026-08-14 11:39:20.207 [daemon] INFO: Message: output: output:
D:\aarambh\frontend\node_modules\expo-modules-core\android\build\tmp\kotlin-classes\release\expo\modules\kotlin\objects\ObjectDefinitionBuilder$Constant$lambda$50$$inlined$get$1.class
Sources:
D:\aarambh\frontend\node_modules\expo-modules-core\android\src\main\java\expo\modules\kotlin\objects\ObjectDefinitionBuilder.kt
2026-08-14 11:39:20.207 [daemon] INFO: Message: output: output:
D:\aarambh\frontend\node_modules\expo-modules-core\android\build\tmp\kotlin-classes\release\expo\modules\kotlin\objects\ObjectDefinitionBuilderKt.class
Sources:
D:\aarambh\frontend\node_modules\expo-modules-core\android\src\main\java\expo\modules\kotlin\objects\ObjectDefinitionBuilder.kt
2026-08-14 11:39:20.207 [daemon] INFO: Message: output: output:
D:\aarambh\frontend\node_modules\expo-modules-core\android\build\tmp\kotlin-classes\release\expo\modules\kotlin\objects\ObjectDefinitionData.class
Sources:
D:\aarambh\frontend\node_modules\expo-modules-core\android\src\main\java\expo\modules\kotlin\objects\ObjectDefinitionData.kt
2026-08-14 11:39:20.207 [daemon] INFO: Message: output: output:
D:\aarambh\frontend\node_modules\expo-modules-core\android\build\tmp\kotlin-classes\release\expo\modules\kotlin\objects\PropertyComponent.class
Sources:
D:\aarambh\frontend\node_modules\expo-modules-core\android\src\main\java\expo\modules\kotlin\objects\PropertyComponent.kt
2026-08-14 11:39:20.207 [daemon] INFO: Message: output: output:
D:\aarambh\frontend\node_modules\expo-modules-core\android\build\tmp\kotlin-classes\release\expo\modules\kotlin\objects\PropertyComponentBuilder$set$lambda$1$$inlined$toAnyType$default$1.class
Sources:
D:\aarambh\frontend\node_modules\expo-modules-core\android\src\main\java\expo\modules\kotlin\objects\PropertyComponentBuilder.kt
2026-08-14 11:39:20.207 [daemon] INFO: Message: output: output:
D:\aarambh\frontend\node_modules\expo-modules-core\android\build\tmp\kotlin-classes\release\expo\modules\kotlin\objects\PropertyComponentBuilder$set$1$1.class
Sources:
D:\aarambh\frontend\node_modules\expo-modules-core\android\src\main\java\expo\modules\kotlin\objects\PropertyComponentBuilder.kt
2026-08-14 11:39:20.207 [daemon] INFO: Message: output: output:
D:\aarambh\frontend\node_modules\expo-modules-core\android\build\tmp\kotlin-classes\release\expo\modules\kotlin\objects\PropertyComponentBuilder$set$$inlined$apply$lambda$1.class
Sources:
D:\aarambh\frontend\node_modules\expo-modules-core\android\src\main\java\expo\modules\kotlin\objects\PropertyComponentBuilder.kt
2026-08-14 11:39:20.208 [daemon] INFO: Message: output: output:
D:\aarambh\frontend\node_modules\expo-modules-core\android\build\tmp\kotlin-classes\release\expo\modules\kotlin\objects\PropertyComponentBuilderWithThis$set$lambda$3$$inlined$toAnyType$default$1.class
Sources:
D:\aarambh\frontend\node_modules\expo-modules-core\android\src\main\java\expo\modules\kotlin\objects\PropertyComponentBuilder.kt
2026-08-14 11:39:20.208 [daemon] INFO: Message: output: output:
D:\aarambh\frontend\node_modules\expo-modules-core\android\build\tmp\kotlin-classes\release\expo\modules\kotlin\objects\PropertyComponentBuilderWithThis$set$1$1.class
Sources:
D:\aarambh\frontend\node_modules\expo-modules-core\android\src\main\java\expo\modules\kotlin\objects\PropertyComponentBuilder.kt
2026-08-14 11:39:20.208 [daemon] INFO: Message: output: output:
D:\aarambh\frontend\node_modules\expo-modules-core\android\build\tmp\kotlin-classes\release\expo\modules\kotlin\objects\PropertyComponentBuilderWithThis$set$$inlined$apply$lambda$1.class
Sources:
D:\aarambh\frontend\node_modules\expo-modules-core\android\src\main\java\expo\modules\kotlin\objects\PropertyComponentBuilder.kt
2026-08-14 11:39:20.208 [daemon] INFO: Message: output: output:
D:\aarambh\frontend\node_modules\expo-modules-core\android\build\tmp\kotlin-classes\release\expo\modules\kotlin\providers\AppContextProvider.class
Sources:
D:\aarambh\frontend\node_modules\expo-modules-core\android\src\main\java\expo\modules\kotlin\providers\AppContextProvider.kt
2026-08-14 11:39:20.208 [daemon] INFO: Message: output: output:
D:\aarambh\frontend\node_modules\expo-modules-core\android\build\tmp\kotlin-classes\release\expo\modules\kotlin\providers\CurrentActivityProvider.class
Sources:
D:\aarambh\frontend\node_modules\expo-modules-core\android\src\main\java\expo\modules\kotlin\providers\CurrentActivityProvider.kt
2026-08-14 11:39:20.208 [daemon] INFO: Message: output: output:
D:\aarambh\frontend\node_modules\expo-modules-core\android\build\tmp\kotlin-classes\release\expo\modules\kotlin\records\Field.class
Sources:
D:\aarambh\frontend\node_modules\expo-modules-core\android\src\main\java\expo\modules\kotlin\records\Field.kt
2026-08-14 11:39:20.208 [daemon] INFO: Message: output: output:
D:\aarambh\frontend\node_modules\expo-modules-core\android\build\tmp\kotlin-classes\release\expo\modules\kotlin\records\FieldValidator.class
Sources:
D:\aarambh\frontend\node_modules\expo-modules-core\android\src\main\java\expo\modules\kotlin\records\FieldValidator.kt
2026-08-14 11:39:20.209 [daemon] INFO: Message: output: output:
D:\aarambh\frontend\node_modules\expo-modules-core\android\build\tmp\kotlin-classes\release\expo\modules\kotlin\records\NumericRangeValidator.class
Sources:
D:\aarambh\frontend\node_modules\expo-modules-core\android\src\main\java\expo\modules\kotlin\records\FieldValidator.kt
2026-08-14 11:39:20.209 [daemon] INFO: Message: output: output:
D:\aarambh\frontend\node_modules\expo-modules-core\android\build\tmp\kotlin-classes\release\expo\modules\kotlin\records\IsNotEmptyCollectionValidator.class
Sources:
D:\aarambh\frontend\node_modules\expo-modules-core\android\src\main\java\expo\modules\kotlin\records\FieldValidator.kt
2026-08-14 11:39:20.209 [daemon] INFO: Message: output: output:
D:\aarambh\frontend\node_modules\expo-modules-core\android\build\tmp\kotlin-classes\release\expo\modules\kotlin\records\IsNotEmptyIntArrayValidator.class
Sources:
D:\aarambh\frontend\node_modules\expo-modules-core\android\src\main\java\expo\modules\kotlin\records\FieldValidator.kt
2026-08-14 11:39:20.209 [daemon] INFO: Message: output: output:
D:\aarambh\frontend\node_modules\expo-modules-core\android\build\tmp\kotlin-classes\release\expo\modules\kotlin\records\IsNotEmptyFloatArrayValidator.class
Sources:
D:\aarambh\frontend\node_modules\expo-modules-core\android\src\main\java\expo\modules\kotlin\records\FieldValidator.kt
2026-08-14 11:39:20.209 [daemon] INFO: Message: output: output:
D:\aarambh\frontend\node_modules\expo-modules-core\android\build\tmp\kotlin-classes\release\expo\modules\kotlin\records\IsNotEmptyDoubleArrayValidator.class
Sources:
D:\aarambh\frontend\node_modules\expo-modules-core\android\src\main\java\expo\modules\kotlin\records\FieldValidator.kt
2026-08-14 11:39:20.209 [daemon] INFO: Message: output: output:
D:\aarambh\frontend\node_modules\expo-modules-core\android\build\tmp\kotlin-classes\release\expo\modules\kotlin\records\IsNotEmptyArrayValidator.class
Sources:
D:\aarambh\frontend\node_modules\expo-modules-core\android\src\main\java\expo\modules\kotlin\records\FieldValidator.kt
2026-08-14 11:39:20.209 [daemon] INFO: Message: output: output:
D:\aarambh\frontend\node_modules\expo-modules-core\android\build\tmp\kotlin-classes\release\expo\modules\kotlin\records\CollectionSizeValidator.class
Sources:
D:\aarambh\frontend\node_modules\expo-modules-core\android\src\main\java\expo\modules\kotlin\records\FieldValidator.kt
2026-08-14 11:39:20.209 [daemon] INFO: Message: output: output:
D:\aarambh\frontend\node_modules\expo-modules-core\android\build\tmp\kotlin-classes\release\expo\modules\kotlin\records\IntArraySizeValidator.class
Sources:
D:\aarambh\frontend\node_modules\expo-modules-core\android\src\main\java\expo\modules\kotlin\records\FieldValidator.kt
2026-08-14 11:39:20.209 [daemon] INFO: Message: output: output:
D:\aarambh\frontend\node_modules\expo-modules-core\android\build\tmp\kotlin-classes\release\expo\modules\kotlin\records\DoubleArraySizeValidator.class
Sources:
D:\aarambh\frontend\node_modules\expo-modules-core\android\src\main\java\expo\modules\kotlin\records\FieldValidator.kt
2026-08-14 11:39:20.209 [daemon] INFO: Message: output: output:
D:\aarambh\frontend\node_modules\expo-modules-core\android\build\tmp\kotlin-classes\release\expo\modules\kotlin\records\FloatArraySizeValidator.class
Sources:
D:\aarambh\frontend\node_modules\expo-modules-core\android\src\main\java\expo\modules\kotlin\records\FieldValidator.kt
2026-08-14 11:39:20.209 [daemon] INFO: Message: output: output:
D:\aarambh\frontend\node_modules\expo-modules-core\android\build\tmp\kotlin-classes\release\expo\modules\kotlin\records\ArraySizeValidator.class
Sources:
D:\aarambh\frontend\node_modules\expo-modules-core\android\src\main\java\expo\modules\kotlin\records\FieldValidator.kt
2026-08-14 11:39:20.210 [daemon] INFO: Message: output: output:
D:\aarambh\frontend\node_modules\expo-modules-core\android\build\tmp\kotlin-classes\release\expo\modules\kotlin\records\StringSizeValidator.class
Sources:
D:\aarambh\frontend\node_modules\expo-modules-core\android\src\main\java\expo\modules\kotlin\records\FieldValidator.kt
2026-08-14 11:39:20.210 [daemon] INFO: Message: output: output:
D:\aarambh\frontend\node_modules\expo-modules-core\android\build\tmp\kotlin-classes\release\expo\modules\kotlin\records\RegexValidator.class
Sources:
D:\aarambh\frontend\node_modules\expo-modules-core\android\src\main\java\expo\modules\kotlin\records\FieldValidator.kt
2026-08-14 11:39:20.210 [daemon] INFO: Message: output: output:
D:\aarambh\frontend\node_modules\expo-modules-core\android\build\tmp\kotlin-classes\release\expo\modules\kotlin\records\Record.class
Sources:
D:\aarambh\frontend\node_modules\expo-modules-core\android\src\main\java\expo\modules\kotlin\records\Record.kt
2026-08-14 11:39:20.210 [daemon] INFO: Message: output: output:
D:\aarambh\frontend\node_modules\expo-modules-core\android\build\tmp\kotlin-classes\release\expo\modules\kotlin\records\RecordTypeConverter.class
Sources:
D:\aarambh\frontend\node_modules\expo-modules-core\android\src\main\java\expo\modules\kotlin\records\RecordTypeConverter.kt
2026-08-14 11:39:20.210 [daemon] INFO: Message: output: output:
D:\aarambh\frontend\node_modules\expo-modules-core\android\build\tmp\kotlin-classes\release\expo\modules\kotlin\records\RecordTypeConverter$PropertyDescriptor.class
Sources:
D:\aarambh\frontend\node_modules\expo-modules-core\android\src\main\java\expo\modules\kotlin\records\RecordTypeConverter.kt
2026-08-14 11:39:20.210 [daemon] INFO: Message: output: output:
D:\aarambh\frontend\node_modules\expo-modules-core\android\build\tmp\kotlin-classes\release\expo\modules\kotlin\records\Required.class
Sources:
D:\aarambh\frontend\node_modules\expo-modules-core\android\src\main\java\expo\modules\kotlin\records\Required.kt
2026-08-14 11:39:20.210 [daemon] INFO: Message: output: output:
D:\aarambh\frontend\node_modules\expo-modules-core\android\build\tmp\kotlin-classes\release\expo\modules\kotlin\records\ValidationBinder.class
Sources:
D:\aarambh\frontend\node_modules\expo-modules-core\android\src\main\java\expo\modules\kotlin\records\ValidationBinder.kt
2026-08-14 11:39:20.210 [daemon] INFO: Message: output: output:
D:\aarambh\frontend\node_modules\expo-modules-core\android\build\tmp\kotlin-classes\release\expo\modules\kotlin\records\BindUsing.class
Sources:
D:\aarambh\frontend\node_modules\expo-modules-core\android\src\main\java\expo\modules\kotlin\records\ValidationBinder.kt
2026-08-14 11:39:20.210 [daemon] INFO: Message: output: output:
D:\aarambh\frontend\node_modules\expo-modules-core\android\build\tmp\kotlin-classes\release\expo\modules\kotlin\records\IntRangeBinder.class
Sources:
D:\aarambh\frontend\node_modules\expo-modules-core\android\src\main\java\expo\modules\kotlin\records\ValidationBinder.kt
2026-08-14 11:39:20.210 [daemon] INFO: Message: output: output:
D:\aarambh\frontend\node_modules\expo-modules-core\android\build\tmp\kotlin-classes\release\expo\modules\kotlin\records\LongRangeBinder.class
Sources:
D:\aarambh\frontend\node_modules\expo-modules-core\android\src\main\java\expo\modules\kotlin\records\ValidationBinder.kt
2026-08-14 11:39:20.211 [daemon] INFO: Message: output: output:
D:\aarambh\frontend\node_modules\expo-modules-core\android\build\tmp\kotlin-classes\release\expo\modules\kotlin\records\FloatRangeBinder.class
Sources:
D:\aarambh\frontend\node_modules\expo-modules-core\android\src\main\java\expo\modules\kotlin\records\ValidationBinder.kt
2026-08-14 11:39:20.211 [daemon] INFO: Message: output: output:
D:\aarambh\frontend\node_modules\expo-modules-core\android\build\tmp\kotlin-classes\release\expo\modules\kotlin\records\DoubleRangeBinder.class
Sources:
D:\aarambh\frontend\node_modules\expo-modules-core\android\src\main\java\expo\modules\kotlin\records\ValidationBinder.kt
2026-08-14 11:39:20.211 [daemon] INFO: Message: output: output:
D:\aarambh\frontend\node_modules\expo-modules-core\android\build\tmp\kotlin-classes\release\expo\modules\kotlin\records\IsCollectionNotEmptyBinder.class
Sources:
D:\aarambh\frontend\node_modules\expo-modules-core\android\src\main\java\expo\modules\kotlin\records\ValidationBinder.kt
2026-08-14 11:39:20.211 [daemon] INFO: Message: output: output:
D:\aarambh\frontend\node_modules\expo-modules-core\android\build\tmp\kotlin-classes\release\expo\modules\kotlin\records\SizeBinder.class
Sources:
D:\aarambh\frontend\node_modules\expo-modules-core\android\src\main\java\expo\modules\kotlin\records\ValidationBinder.kt
2026-08-14 11:39:20.211 [daemon] INFO: Message: output: output:
D:\aarambh\frontend\node_modules\expo-modules-core\android\build\tmp\kotlin-classes\release\expo\modules\kotlin\records\RegexBinder.class
Sources:
D:\aarambh\frontend\node_modules\expo-modules-core\android\src\main\java\expo\modules\kotlin\records\ValidationBinder.kt
2026-08-14 11:39:20.211 [daemon] INFO: Message: output: output:
D:\aarambh\frontend\node_modules\expo-modules-core\android\build\tmp\kotlin-classes\release\expo\modules\kotlin\records\IntRange.class
Sources:
D:\aarambh\frontend\node_modules\expo-modules-core\android\src\main\java\expo\modules\kotlin\records\Validators.kt
2026-08-14 11:39:20.211 [daemon] INFO: Message: output: output:
D:\aarambh\frontend\node_modules\expo-modules-core\android\build\tmp\kotlin-classes\release\expo\modules\kotlin\records\LongRange.class
Sources:
D:\aarambh\frontend\node_modules\expo-modules-core\android\src\main\java\expo\modules\kotlin\records\Validators.kt
2026-08-14 11:39:20.211 [daemon] INFO: Message: output: output:
D:\aarambh\frontend\node_modules\expo-modules-core\android\build\tmp\kotlin-classes\release\expo\modules\kotlin\records\FloatRange.class
Sources:
D:\aarambh\frontend\node_modules\expo-modules-core\android\src\main\java\expo\modules\kotlin\records\Validators.kt
2026-08-14 11:39:20.211 [daemon] INFO: Message: output: output:
D:\aarambh\frontend\node_modules\expo-modules-core\android\build\tmp\kotlin-classes\release\expo\modules\kotlin\records\DoubleRange.class
Sources:
D:\aarambh\frontend\node_modules\expo-modules-core\android\src\main\java\expo\modules\kotlin\records\Validators.kt
2026-08-14 11:39:20.211 [daemon] INFO: Message: output: output:
D:\aarambh\frontend\node_modules\expo-modules-core\android\build\tmp\kotlin-classes\release\expo\modules\kotlin\records\IsNotEmpty.class
Sources:
D:\aarambh\frontend\node_modules\expo-modules-core\android\src\main\java\expo\modules\kotlin\records\Validators.kt
2026-08-14 11:39:20.211 [daemon] INFO: Message: output: output:
D:\aarambh\frontend\node_modules\expo-modules-core\android\build\tmp\kotlin-classes\release\expo\modules\kotlin\records\Size.class
Sources:
D:\aarambh\frontend\node_modules\expo-modules-core\android\src\main\java\expo\modules\kotlin\records\Validators.kt
2026-08-14 11:39:20.211 [daemon] INFO: Message: output: output:
D:\aarambh\frontend\node_modules\expo-modules-core\android\build\tmp\kotlin-classes\release\expo\modules\kotlin\records\RegularExpression.class
Sources:
D:\aarambh\frontend\node_modules\expo-modules-core\android\src\main\java\expo\modules\kotlin\records\Validators.kt
2026-08-14 11:39:20.211 [daemon] INFO: Message: output: output:
D:\aarambh\frontend\node_modules\expo-modules-core\android\build\tmp\kotlin-classes\release\expo\modules\kotlin\sharedobjects\ClassRegistry.class
Sources:
D:\aarambh\frontend\node_modules\expo-modules-core\android\src\main\java\expo\modules\kotlin\sharedobjects\ClassRegistry.kt
2026-08-14 11:39:20.213 [daemon] INFO: Message: output: output:
D:\aarambh\frontend\node_modules\expo-modules-core\android\build\tmp\kotlin-classes\release\expo\modules\kotlin\sharedobjects\SharedObject.class
Sources:
D:\aarambh\frontend\node_modules\expo-modules-core\android\src\main\java\expo\modules\kotlin\sharedobjects\SharedObject.kt
2026-08-14 11:39:20.213 [daemon] INFO: Message: output: output:
D:\aarambh\frontend\node_modules\expo-modules-core\android\build\tmp\kotlin-classes\release\expo\modules\kotlin\sharedobjects\SharedObjectKt.class
Sources:
D:\aarambh\frontend\node_modules\expo-modules-core\android\src\main\java\expo\modules\kotlin\sharedobjects\SharedObject.kt
2026-08-14 11:39:20.213 [daemon] INFO: Message: output: output:
D:\aarambh\frontend\node_modules\expo-modules-core\android\build\tmp\kotlin-classes\release\expo\modules\kotlin\sharedobjects\SharedObjectId.class
Sources:
D:\aarambh\frontend\node_modules\expo-modules-core\android\src\main\java\expo\modules\kotlin\sharedobjects\SharedObjectRegistry.kt
2026-08-14 11:39:20.214 [daemon] INFO: Message: output: output:
D:\aarambh\frontend\node_modules\expo-modules-core\android\build\tmp\kotlin-classes\release\expo\modules\kotlin\sharedobjects\SharedObjectRegistry.class
Sources:
D:\aarambh\frontend\node_modules\expo-modules-core\android\src\main\java\expo\modules\kotlin\sharedobjects\SharedObjectRegistry.kt
2026-08-14 11:39:20.214 [daemon] INFO: Message: output: output:
D:\aarambh\frontend\node_modules\expo-modules-core\android\build\tmp\kotlin-classes\release\expo\modules\kotlin\sharedobjects\SharedObjectRegistryKt.class
Sources:
D:\aarambh\frontend\node_modules\expo-modules-core\android\src\main\java\expo\modules\kotlin\sharedobjects\SharedObjectRegistry.kt
2026-08-14 11:39:20.214 [daemon] INFO: Message: output: output:
D:\aarambh\frontend\node_modules\expo-modules-core\android\build\tmp\kotlin-classes\release\expo\modules\kotlin\sharedobjects\SharedObjectTypeConverter.class
Sources:
D:\aarambh\frontend\node_modules\expo-modules-core\android\src\main\java\expo\modules\kotlin\sharedobjects\SharedObjectTypeConverter.kt
2026-08-14 11:39:20.214 [daemon] INFO: Message: output: output:
D:\aarambh\frontend\node_modules\expo-modules-core\android\build\tmp\kotlin-classes\release\expo\modules\kotlin\sharedobjects\SharedRefTypeConverter.class
Sources:
D:\aarambh\frontend\node_modules\expo-modules-core\android\src\main\java\expo\modules\kotlin\sharedobjects\SharedObjectTypeConverter.kt
2026-08-14 11:39:20.214 [daemon] INFO: Message: output: output:
D:\aarambh\frontend\node_modules\expo-modules-core\android\build\tmp\kotlin-classes\release\expo\modules\kotlin\sharedobjects\SharedRef.class
Sources:
D:\aarambh\frontend\node_modules\expo-modules-core\android\src\main\java\expo\modules\kotlin\sharedobjects\SharedRef.kt
2026-08-14 11:39:20.214 [daemon] INFO: Message: output: output:
D:\aarambh\frontend\node_modules\expo-modules-core\android\build\tmp\kotlin-classes\release\expo\modules\kotlin\sharedobjects\SharedRefKt.class
Sources:
D:\aarambh\frontend\node_modules\expo-modules-core\android\src\main\java\expo\modules\kotlin\sharedobjects\SharedRef.kt
2026-08-14 11:39:20.214 [daemon] INFO: Message: output: output:
D:\aarambh\frontend\node_modules\expo-modules-core\android\build\tmp\kotlin-classes\release\expo\modules\kotlin\traits\SavableTrait.class
Sources:
D:\aarambh\frontend\node_modules\expo-modules-core\android\src\main\java\expo\modules\kotlin\traits\SavableTrait.kt
2026-08-14 11:39:20.214 [daemon] INFO: Message: output: output:
D:\aarambh\frontend\node_modules\expo-modules-core\android\build\tmp\kotlin-classes\release\expo\modules\kotlin\traits\SavableTrait$Companion.class
Sources:
D:\aarambh\frontend\node_modules\expo-modules-core\android\src\main\java\expo\modules\kotlin\traits\SavableTrait.kt
2026-08-14 11:39:20.215 [daemon] INFO: Message: output: output:
D:\aarambh\frontend\node_modules\expo-modules-core\android\build\tmp\kotlin-classes\release\expo\modules\kotlin\traits\SavableTrait$Companion$createImplementation$lambda$1$$inlined$AsyncFunction$1.class
Sources:
D:\aarambh\frontend\node_modules\expo-modules-core\android\src\main\java\expo\modules\kotlin\traits\SavableTrait.kt
2026-08-14 11:39:20.215 [daemon] INFO: Message: output: output:
D:\aarambh\frontend\node_modules\expo-modules-core\android\build\tmp\kotlin-classes\release\expo\modules\kotlin\traits\SavableTrait$Companion$createImplementation$lambda$1$$inlined$AsyncFunction$2.class
Sources:
D:\aarambh\frontend\node_modules\expo-modules-core\android\src\main\java\expo\modules\kotlin\traits\SavableTrait.kt
2026-08-14 11:39:20.215 [daemon] INFO: Message: output: output:
D:\aarambh\frontend\node_modules\expo-modules-core\android\build\tmp\kotlin-classes\release\expo\modules\kotlin\traits\SavableTrait$Companion$createImplementation$lambda$1$$inlined$AsyncFunction$3.class
Sources:
D:\aarambh\frontend\node_modules\expo-modules-core\android\src\main\java\expo\modules\kotlin\traits\SavableTrait.kt
2026-08-14 11:39:20.215 [daemon] INFO: Message: output: output:
D:\aarambh\frontend\node_modules\expo-modules-core\android\build\tmp\kotlin-classes\release\expo\modules\kotlin\traits\SavableTrait$Companion$createImplementation$$inlined$apply$lambda$1.class
Sources:
D:\aarambh\frontend\node_modules\expo-modules-core\android\src\main\java\expo\modules\kotlin\traits\SavableTrait.kt
2026-08-14 11:39:20.215 [daemon] INFO: Message: output: output:
D:\aarambh\frontend\node_modules\expo-modules-core\android\build\tmp\kotlin-classes\release\expo\modules\kotlin\traits\SavableTrait$Companion$createImplementation$$inlined$apply$lambda$2.class
Sources:
D:\aarambh\frontend\node_modules\expo-modules-core\android\src\main\java\expo\modules\kotlin\traits\SavableTrait.kt
2026-08-14 11:39:20.215 [daemon] INFO: Message: output: output:
D:\aarambh\frontend\node_modules\expo-modules-core\android\build\tmp\kotlin-classes\release\expo\modules\kotlin\traits\SavableTrait$Companion$create$1.class
Sources:
D:\aarambh\frontend\node_modules\expo-modules-core\android\src\main\java\expo\modules\kotlin\traits\SavableTrait.kt
2026-08-14 11:39:20.215 [daemon] INFO: Message: output: output:
D:\aarambh\frontend\node_modules\expo-modules-core\android\build\tmp\kotlin-classes\release\expo\modules\kotlin\traits\SavableTrait$Companion$create$1$invoke$$inlined$createImplementation$1.class
Sources:
D:\aarambh\frontend\node_modules\expo-modules-core\android\src\main\java\expo\modules\kotlin\traits\SavableTrait.kt
2026-08-14 11:39:20.215 [daemon] INFO: Message: output: output:
D:\aarambh\frontend\node_modules\expo-modules-core\android\build\tmp\kotlin-classes\release\expo\modules\kotlin\traits\SavableTrait$Companion$create$1$invoke$$inlined$createImplementation$2.class
Sources:
D:\aarambh\frontend\node_modules\expo-modules-core\android\src\main\java\expo\modules\kotlin\traits\SavableTrait.kt
2026-08-14 11:39:20.215 [daemon] INFO: Message: output: output:
D:\aarambh\frontend\node_modules\expo-modules-core\android\build\tmp\kotlin-classes\release\expo\modules\kotlin\traits\SavableTrait$Companion$create$1$invoke$$inlined$createImplementation$3.class
Sources:
D:\aarambh\frontend\node_modules\expo-modules-core\android\src\main\java\expo\modules\kotlin\traits\SavableTrait.kt
2026-08-14 11:39:20.216 [daemon] INFO: Message: output: output:
D:\aarambh\frontend\node_modules\expo-modules-core\android\build\tmp\kotlin-classes\release\expo\modules\kotlin\traits\SavableTrait$Companion$SavableBitmapOptions.class
Sources:
D:\aarambh\frontend\node_modules\expo-modules-core\android\src\main\java\expo\modules\kotlin\traits\SavableTrait.kt
2026-08-14 11:39:20.216 [daemon] INFO: Message: output: output:
D:\aarambh\frontend\node_modules\expo-modules-core\android\build\tmp\kotlin-classes\release\expo\modules\kotlin\traits\Trait.class
Sources:
D:\aarambh\frontend\node_modules\expo-modules-core\android\src\main\java\expo\modules\kotlin\traits\Trait.kt
2026-08-14 11:39:20.216 [daemon] INFO: Message: output: output:
D:\aarambh\frontend\node_modules\expo-modules-core\android\build\tmp\kotlin-classes\release\expo\modules\kotlin\typedarray\RawTypedArrayHolder.class
Sources:
D:\aarambh\frontend\node_modules\expo-modules-core\android\src\main\java\expo\modules\kotlin\typedarray\ConcreteTypedArrays.kt
2026-08-14 11:39:20.216 [daemon] INFO: Message: output: output:
D:\aarambh\frontend\node_modules\expo-modules-core\android\build\tmp\kotlin-classes\release\expo\modules\kotlin\typedarray\Int8Array.class
Sources:
D:\aarambh\frontend\node_modules\expo-modules-core\android\src\main\java\expo\modules\kotlin\typedarray\ConcreteTypedArrays.kt
2026-08-14 11:39:20.216 [daemon] INFO: Message: output: output:
D:\aarambh\frontend\node_modules\expo-modules-core\android\build\tmp\kotlin-classes\release\expo\modules\kotlin\typedarray\ConcreteTypedArraysKt.class
Sources:
D:\aarambh\frontend\node_modules\expo-modules-core\android\src\main\java\expo\modules\kotlin\typedarray\ConcreteTypedArrays.kt
2026-08-14 11:39:20.216 [daemon] INFO: Message: output: output:
D:\aarambh\frontend\node_modules\expo-modules-core\android\build\tmp\kotlin-classes\release\expo\modules\kotlin\typedarray\Int16Array.class
Sources:
D:\aarambh\frontend\node_modules\expo-modules-core\android\src\main\java\expo\modules\kotlin\typedarray\ConcreteTypedArrays.kt
2026-08-14 11:39:20.216 [daemon] INFO: Message: output: output:
D:\aarambh\frontend\node_modules\expo-modules-core\android\build\tmp\kotlin-classes\release\expo\modules\kotlin\typedarray\Int32Array.class
Sources:
D:\aarambh\frontend\node_modules\expo-modules-core\android\src\main\java\expo\modules\kotlin\typedarray\ConcreteTypedArrays.kt
2026-08-14 11:39:20.216 [daemon] INFO: Message: output: output:
D:\aarambh\frontend\node_modules\expo-modules-core\android\build\tmp\kotlin-classes\release\expo\modules\kotlin\typedarray\Uint8Array.class
Sources:
D:\aarambh\frontend\node_modules\expo-modules-core\android\src\main\java\expo\modules\kotlin\typedarray\ConcreteTypedArrays.kt
2026-08-14 11:39:20.216 [daemon] INFO: Message: output: output:
D:\aarambh\frontend\node_modules\expo-modules-core\android\build\tmp\kotlin-classes\release\expo\modules\kotlin\typedarray\Uint8ClampedArray.class
Sources:
D:\aarambh\frontend\node_modules\expo-modules-core\android\src\main\java\expo\modules\kotlin\typedarray\ConcreteTypedArrays.kt
2026-08-14 11:39:20.216 [daemon] INFO: Message: output: output:
D:\aarambh\frontend\node_modules\expo-modules-core\android\build\tmp\kotlin-classes\release\expo\modules\kotlin\typedarray\Uint16Array.class
Sources:
D:\aarambh\frontend\node_modules\expo-modules-core\android\src\main\java\expo\modules\kotlin\typedarray\ConcreteTypedArrays.kt
2026-08-14 11:39:20.217 [daemon] INFO: Message: output: output:
D:\aarambh\frontend\node_modules\expo-modules-core\android\build\tmp\kotlin-classes\release\expo\modules\kotlin\typedarray\Uint32Array.class
Sources:
D:\aarambh\frontend\node_modules\expo-modules-core\android\src\main\java\expo\modules\kotlin\typedarray\ConcreteTypedArrays.kt
2026-08-14 11:39:20.217 [daemon] INFO: Message: output: output:
D:\aarambh\frontend\node_modules\expo-modules-core\android\build\tmp\kotlin-classes\release\expo\modules\kotlin\typedarray\Float32Array.class
Sources:
D:\aarambh\frontend\node_modules\expo-modules-core\android\src\main\java\expo\modules\kotlin\typedarray\ConcreteTypedArrays.kt
2026-08-14 11:39:20.217 [daemon] INFO: Message: output: output:
D:\aarambh\frontend\node_modules\expo-modules-core\android\build\tmp\kotlin-classes\release\expo\modules\kotlin\typedarray\Float64Array.class
Sources:
D:\aarambh\frontend\node_modules\expo-modules-core\android\src\main\java\expo\modules\kotlin\typedarray\ConcreteTypedArrays.kt
2026-08-14 11:39:20.217 [daemon] INFO: Message: output: output:
D:\aarambh\frontend\node_modules\expo-modules-core\android\build\tmp\kotlin-classes\release\expo\modules\kotlin\typedarray\BigInt64Array.class
Sources:
D:\aarambh\frontend\node_modules\expo-modules-core\android\src\main\java\expo\modules\kotlin\typedarray\ConcreteTypedArrays.kt
2026-08-14 11:39:20.217 [daemon] INFO: Message: output: output:
D:\aarambh\frontend\node_modules\expo-modules-core\android\build\tmp\kotlin-classes\release\expo\modules\kotlin\typedarray\BigUint64Array.class
Sources:
D:\aarambh\frontend\node_modules\expo-modules-core\android\src\main\java\expo\modules\kotlin\typedarray\ConcreteTypedArrays.kt
2026-08-14 11:39:20.217 [daemon] INFO: Message: output: output:
D:\aarambh\frontend\node_modules\expo-modules-core\android\build\tmp\kotlin-classes\release\expo\modules\kotlin\typedarray\GenericTypedArray.class
Sources:
D:\aarambh\frontend\node_modules\expo-modules-core\android\src\main\java\expo\modules\kotlin\typedarray\GenericTypedArray.kt
2026-08-14 11:39:20.217 [daemon] INFO: Message: output: output:
D:\aarambh\frontend\node_modules\expo-modules-core\android\build\tmp\kotlin-classes\release\expo\modules\kotlin\typedarray\GenericTypedArray$DefaultImpls.class
Sources:
D:\aarambh\frontend\node_modules\expo-modules-core\android\src\main\java\expo\modules\kotlin\typedarray\GenericTypedArray.kt
2026-08-14 11:39:20.217 [daemon] INFO: Message: output: output:
D:\aarambh\frontend\node_modules\expo-modules-core\android\build\tmp\kotlin-classes\release\expo\modules\kotlin\typedarray\TypedArray.class
Sources:
D:\aarambh\frontend\node_modules\expo-modules-core\android\src\main\java\expo\modules\kotlin\typedarray\TypedArray.kt
2026-08-14 11:39:20.217 [daemon] INFO: Message: output: output:
D:\aarambh\frontend\node_modules\expo-modules-core\android\build\tmp\kotlin-classes\release\expo\modules\kotlin\typedarray\TypedArrayIterator.class
Sources:
D:\aarambh\frontend\node_modules\expo-modules-core\android\src\main\java\expo\modules\kotlin\typedarray\TypedArrayIterator.kt
2026-08-14 11:39:20.217 [daemon] INFO: Message: output: output:
D:\aarambh\frontend\node_modules\expo-modules-core\android\build\tmp\kotlin-classes\release\expo\modules\kotlin\types\LazyKType.class
Sources:
D:\aarambh\frontend\node_modules\expo-modules-core\android\src\main\java\expo\modules\kotlin\types\AnyType.kt
2026-08-14 11:39:20.218 [daemon] INFO: Message: output: output:
D:\aarambh\frontend\node_modules\expo-modules-core\android\build\tmp\kotlin-classes\release\expo\modules\kotlin\types\EmptyKType.class
Sources:
D:\aarambh\frontend\node_modules\expo-modules-core\android\src\main\java\expo\modules\kotlin\types\AnyType.kt
2026-08-14 11:39:20.218 [daemon] INFO: Message: output: output:
D:\aarambh\frontend\node_modules\expo-modules-core\android\build\tmp\kotlin-classes\release\expo\modules\kotlin\types\AnyTypeProvider.class
Sources:
D:\aarambh\frontend\node_modules\expo-modules-core\android\src\main\java\expo\modules\kotlin\types\AnyType.kt
2026-08-14 11:39:20.218 [daemon] INFO: Message: output: output:
D:\aarambh\frontend\node_modules\expo-modules-core\android\build\tmp\kotlin-classes\release\expo\modules\kotlin\types\AnyType.class
Sources:
D:\aarambh\frontend\node_modules\expo-modules-core\android\src\main\java\expo\modules\kotlin\types\AnyType.kt
2026-08-14 11:39:20.218 [daemon] INFO: Message: output: output:
D:\aarambh\frontend\node_modules\expo-modules-core\android\build\tmp\kotlin-classes\release\expo\modules\kotlin\types\AnyTypeConverter.class
Sources:
D:\aarambh\frontend\node_modules\expo-modules-core\android\src\main\java\expo\modules\kotlin\types\AnyTypeConverter.kt
2026-08-14 11:39:20.218 [daemon] INFO: Message: output: output:
D:\aarambh\frontend\node_modules\expo-modules-core\android\build\tmp\kotlin-classes\release\expo\modules\kotlin\types\AnyTypeConverter$WhenMappings.class
Sources:
D:\aarambh\frontend\node_modules\expo-modules-core\android\src\main\java\expo\modules\kotlin\types\AnyTypeConverter.kt
2026-08-14 11:39:20.218 [daemon] INFO: Message: output: output:
D:\aarambh\frontend\node_modules\expo-modules-core\android\build\tmp\kotlin-classes\release\expo\modules\kotlin\types\ArrayTypeConverter.class
Sources:
D:\aarambh\frontend\node_modules\expo-modules-core\android\src\main\java\expo\modules\kotlin\types\ArrayTypeConverter.kt
2026-08-14 11:39:20.218 [daemon] INFO: Message: output: output:
D:\aarambh\frontend\node_modules\expo-modules-core\android\build\tmp\kotlin-classes\release\expo\modules\kotlin\types\ArrayTypeConverterKt.class
Sources:
D:\aarambh\frontend\node_modules\expo-modules-core\android\src\main\java\expo\modules\kotlin\types\ArrayTypeConverter.kt
2026-08-14 11:39:20.218 [daemon] INFO: Message: output: output:
D:\aarambh\frontend\node_modules\expo-modules-core\android\build\tmp\kotlin-classes\release\expo\modules\kotlin\types\ByteArrayTypeConverter.class
Sources:
D:\aarambh\frontend\node_modules\expo-modules-core\android\src\main\java\expo\modules\kotlin\types\ByteArrayTypeConverter.kt
2026-08-14 11:39:20.218 [daemon] INFO: Message: output: output:
D:\aarambh\frontend\node_modules\expo-modules-core\android\build\tmp\kotlin-classes\release\expo\modules\kotlin\types\ColorTypeConverter.class
Sources:
D:\aarambh\frontend\node_modules\expo-modules-core\android\src\main\java\expo\modules\kotlin\types\ColorTypeConverter.kt
2026-08-14 11:39:20.219 [daemon] INFO: Message: output: output:
D:\aarambh\frontend\node_modules\expo-modules-core\android\build\tmp\kotlin-classes\release\expo\modules\kotlin\types\ColorTypeConverter$WhenMappings.class
Sources:
D:\aarambh\frontend\node_modules\expo-modules-core\android\src\main\java\expo\modules\kotlin\types\ColorTypeConverter.kt
2026-08-14 11:39:20.219 [daemon] INFO: Message: output: output:
D:\aarambh\frontend\node_modules\expo-modules-core\android\build\tmp\kotlin-classes\release\expo\modules\kotlin\types\ColorTypeConverterKt.class
Sources:
D:\aarambh\frontend\node_modules\expo-modules-core\android\src\main\java\expo\modules\kotlin\types\ColorTypeConverter.kt
2026-08-14 11:39:20.219 [daemon] INFO: Message: output: output:
D:\aarambh\frontend\node_modules\expo-modules-core\android\build\tmp\kotlin-classes\release\expo\modules\kotlin\types\DateTypeConverter.class
Sources:
D:\aarambh\frontend\node_modules\expo-modules-core\android\src\main\java\expo\modules\kotlin\types\DateTypeConverter.kt
2026-08-14 11:39:20.220 [daemon] INFO: Message: output: output:
D:\aarambh\frontend\node_modules\expo-modules-core\android\build\tmp\kotlin-classes\release\expo\modules\kotlin\types\DateTypeConverter$WhenMappings.class
Sources:
D:\aarambh\frontend\node_modules\expo-modules-core\android\src\main\java\expo\modules\kotlin\types\DateTypeConverter.kt
2026-08-14 11:39:20.220 [daemon] INFO: Message: output: output:
D:\aarambh\frontend\node_modules\expo-modules-core\android\build\tmp\kotlin-classes\release\expo\modules\kotlin\types\DurationTypeConverter.class
Sources:
D:\aarambh\frontend\node_modules\expo-modules-core\android\src\main\java\expo\modules\kotlin\types\DurationTypeConverter.kt
2026-08-14 11:39:20.220 [daemon] INFO: Message: output: output:
D:\aarambh\frontend\node_modules\expo-modules-core\android\build\tmp\kotlin-classes\release\expo\modules\kotlin\types\DeferredValue.class
Sources:
D:\aarambh\frontend\node_modules\expo-modules-core\android\src\main\java\expo\modules\kotlin\types\Either.kt
2026-08-14 11:39:20.220 [daemon] INFO: Message: output: output:
D:\aarambh\frontend\node_modules\expo-modules-core\android\build\tmp\kotlin-classes\release\expo\modules\kotlin\types\IncompatibleValue.class
Sources:
D:\aarambh\frontend\node_modules\expo-modules-core\android\src\main\java\expo\modules\kotlin\types\Either.kt
2026-08-14 11:39:20.220 [daemon] INFO: Message: output: output:
D:\aarambh\frontend\node_modules\expo-modules-core\android\build\tmp\kotlin-classes\release\expo\modules\kotlin\types\UnconvertedValue.class
Sources:
D:\aarambh\frontend\node_modules\expo-modules-core\android\src\main\java\expo\modules\kotlin\types\Either.kt
2026-08-14 11:39:20.220 [daemon] INFO: Message: output: output:
D:\aarambh\frontend\node_modules\expo-modules-core\android\build\tmp\kotlin-classes\release\expo\modules\kotlin\types\ConvertedValue.class
Sources:
D:\aarambh\frontend\node_modules\expo-modules-core\android\src\main\java\expo\modules\kotlin\types\Either.kt
2026-08-14 11:39:20.221 [daemon] INFO: Message: output: output:
D:\aarambh\frontend\node_modules\expo-modules-core\android\build\tmp\kotlin-classes\release\expo\modules\kotlin\types\Either.class
Sources:
D:\aarambh\frontend\node_modules\expo-modules-core\android\src\main\java\expo\modules\kotlin\types\Either.kt
2026-08-14 11:39:20.221 [daemon] INFO: Message: output: output:
D:\aarambh\frontend\node_modules\expo-modules-core\android\build\tmp\kotlin-classes\release\expo\modules\kotlin\types\EitherOfThree.class
Sources:
D:\aarambh\frontend\node_modules\expo-modules-core\android\src\main\java\expo\modules\kotlin\types\Either.kt
2026-08-14 11:39:20.221 [daemon] INFO: Message: output: output:
D:\aarambh\frontend\node_modules\expo-modules-core\android\build\tmp\kotlin-classes\release\expo\modules\kotlin\types\EitherOfFour.class
Sources:
D:\aarambh\frontend\node_modules\expo-modules-core\android\src\main\java\expo\modules\kotlin\types\Either.kt
2026-08-14 11:39:20.221 [daemon] INFO: Message: output: output:
D:\aarambh\frontend\node_modules\expo-modules-core\android\build\tmp\kotlin-classes\release\expo\modules\kotlin\types\EitherKt.class
Sources:
D:\aarambh\frontend\node_modules\expo-modules-core\android\src\main\java\expo\modules\kotlin\types\Either.kt
2026-08-14 11:39:20.221 [daemon] INFO: Message: output: output:
D:\aarambh\frontend\node_modules\expo-modules-core\android\build\tmp\kotlin-classes\release\expo\modules\kotlin\types\EitherTypeConverter.class
Sources:
D:\aarambh\frontend\node_modules\expo-modules-core\android\src\main\java\expo\modules\kotlin\types\EitherTypeConverter.kt
2026-08-14 11:39:20.221 [daemon] INFO: Message: output: output:
D:\aarambh\frontend\node_modules\expo-modules-core\android\build\tmp\kotlin-classes\release\expo\modules\kotlin\types\EitherOfThreeTypeConverter.class
Sources:
D:\aarambh\frontend\node_modules\expo-modules-core\android\src\main\java\expo\modules\kotlin\types\EitherTypeConverter.kt
2026-08-14 11:39:20.221 [daemon] INFO: Message: output: output:
D:\aarambh\frontend\node_modules\expo-modules-core\android\build\tmp\kotlin-classes\release\expo\modules\kotlin\types\EitherOfFourTypeConverter.class
Sources:
D:\aarambh\frontend\node_modules\expo-modules-core\android\src\main\java\expo\modules\kotlin\types\EitherTypeConverter.kt
2026-08-14 11:39:20.221 [daemon] INFO: Message: output: output:
D:\aarambh\frontend\node_modules\expo-modules-core\android\build\tmp\kotlin-classes\release\expo\modules\kotlin\types\EitherTypeConverterKt.class
Sources:
D:\aarambh\frontend\node_modules\expo-modules-core\android\src\main\java\expo\modules\kotlin\types\EitherTypeConverter.kt
2026-08-14 11:39:20.221 [daemon] INFO: Message: output: output:
D:\aarambh\frontend\node_modules\expo-modules-core\android\build\tmp\kotlin-classes\release\expo\modules\kotlin\types\EnumTypeConverter.class
Sources:
D:\aarambh\frontend\node_modules\expo-modules-core\android\src\main\java\expo\modules\kotlin\types\EnumTypeConverter.kt
2026-08-14 11:39:20.221 [daemon] INFO: Message: output: output:
D:\aarambh\frontend\node_modules\expo-modules-core\android\build\tmp\kotlin-classes\release\expo\modules\kotlin\types\Enumerable.class
Sources:
D:\aarambh\frontend\node_modules\expo-modules-core\android\src\main\java\expo\modules\kotlin\types\Enumerable.kt
2026-08-14 11:39:20.223 [daemon] INFO: Message: output: output:
D:\aarambh\frontend\node_modules\expo-modules-core\android\build\tmp\kotlin-classes\release\expo\modules\kotlin\types\ExpoDynamic.class
Sources:
D:\aarambh\frontend\node_modules\expo-modules-core\android\src\main\java\expo\modules\kotlin\types\ExpoDynamic.kt
2026-08-14 11:39:20.223 [daemon] INFO: Message: output: output:
D:\aarambh\frontend\node_modules\expo-modules-core\android\build\tmp\kotlin-classes\release\expo\modules\kotlin\types\ExpoDynamic$Type.class
Sources:
D:\aarambh\frontend\node_modules\expo-modules-core\android\src\main\java\expo\modules\kotlin\types\ExpoDynamic.kt
2026-08-14 11:39:20.223 [daemon] INFO: Message: output: output:
D:\aarambh\frontend\node_modules\expo-modules-core\android\build\tmp\kotlin-classes\release\expo\modules\kotlin\types\ExpoDynamic$WhenMappings.class
Sources:
D:\aarambh\frontend\node_modules\expo-modules-core\android\src\main\java\expo\modules\kotlin\types\ExpoDynamic.kt
2026-08-14 11:39:20.223 [daemon] INFO: Message: output: output:
D:\aarambh\frontend\node_modules\expo-modules-core\android\build\tmp\kotlin-classes\release\expo\modules\kotlin\types\JSTypeConverter.class
Sources:
D:\aarambh\frontend\node_modules\expo-modules-core\android\src\main\java\expo\modules\kotlin\types\JSTypeConverter.kt
2026-08-14 11:39:20.223 [daemon] INFO: Message: output: output:
D:\aarambh\frontend\node_modules\expo-modules-core\android\build\tmp\kotlin-classes\release\expo\modules\kotlin\types\JSTypeConverter$ContainerProvider.class
Sources:
D:\aarambh\frontend\node_modules\expo-modules-core\android\src\main\java\expo\modules\kotlin\types\JSTypeConverter.kt
2026-08-14 11:39:20.223 [daemon] INFO: Message: output: output:
D:\aarambh\frontend\node_modules\expo-modules-core\android\build\tmp\kotlin-classes\release\expo\modules\kotlin\types\JSTypeConverter$DefaultContainerProvider.class
Sources:
D:\aarambh\frontend\node_modules\expo-modules-core\android\src\main\java\expo\modules\kotlin\types\JSTypeConverter.kt
2026-08-14 11:39:20.224 [daemon] INFO: Message: output: output:
D:\aarambh\frontend\node_modules\expo-modules-core\android\build\tmp\kotlin-classes\release\expo\modules\kotlin\types\JSTypeConverterHelperKt.class
Sources:
D:\aarambh\frontend\node_modules\expo-modules-core\android\src\main\java\expo\modules\kotlin\types\JSTypeConverterHelper.kt
2026-08-14 11:39:20.224 [daemon] INFO: Message: output: output:
D:\aarambh\frontend\node_modules\expo-modules-core\android\build\tmp\kotlin-classes\release\expo\modules\kotlin\types\JavaScriptFunctionTypeConverter.class
Sources:
D:\aarambh\frontend\node_modules\expo-modules-core\android\src\main\java\expo\modules\kotlin\types\JavaScriptFunctionTypeConverter.kt
2026-08-14 11:39:20.224 [daemon] INFO: Message: output: output:
D:\aarambh\frontend\node_modules\expo-modules-core\android\build\tmp\kotlin-classes\release\expo\modules\kotlin\types\ListTypeConverter.class
Sources:
D:\aarambh\frontend\node_modules\expo-modules-core\android\src\main\java\expo\modules\kotlin\types\ListTypeConverter.kt
2026-08-14 11:39:20.224 [daemon] INFO: Message: output: output:
D:\aarambh\frontend\node_modules\expo-modules-core\android\build\tmp\kotlin-classes\release\expo\modules\kotlin\types\MapTypeConverter.class
Sources:
D:\aarambh\frontend\node_modules\expo-modules-core\android\src\main\java\expo\modules\kotlin\types\MapTypeConverter.kt
2026-08-14 11:39:20.224 [daemon] INFO: Message: output: output:
D:\aarambh\frontend\node_modules\expo-modules-core\android\build\tmp\kotlin-classes\release\expo\modules\kotlin\types\NullableTypeConverter.class
Sources:
D:\aarambh\frontend\node_modules\expo-modules-core\android\src\main\java\expo\modules\kotlin\types\NullableTypeConverter.kt
2026-08-14 11:39:20.224 [daemon] INFO: Message: output: output:
D:\aarambh\frontend\node_modules\expo-modules-core\android\build\tmp\kotlin-classes\release\expo\modules\kotlin\types\PairTypeConverter.class
Sources:
D:\aarambh\frontend\node_modules\expo-modules-core\android\src\main\java\expo\modules\kotlin\types\PairTypeConverter.kt
2026-08-14 11:39:20.225 [daemon] INFO: Message: output: output:
D:\aarambh\frontend\node_modules\expo-modules-core\android\build\tmp\kotlin-classes\release\expo\modules\kotlin\types\ReadableArgumentsTypeConverter.class
Sources:
D:\aarambh\frontend\node_modules\expo-modules-core\android\src\main\java\expo\modules\kotlin\types\ReadableArgumentsTypeConverter.kt
2026-08-14 11:39:20.225 [daemon] INFO: Message: output: output:
D:\aarambh\frontend\node_modules\expo-modules-core\android\build\tmp\kotlin-classes\release\expo\modules\kotlin\types\ReturnTypeProvider.class
Sources:
D:\aarambh\frontend\node_modules\expo-modules-core\android\src\main\java\expo\modules\kotlin\types\ReturnType.kt
2026-08-14 11:39:20.225 [daemon] INFO: Message: output: output:
D:\aarambh\frontend\node_modules\expo-modules-core\android\build\tmp\kotlin-classes\release\expo\modules\kotlin\types\ExperimentalJSTypeConverter.class
Sources:
D:\aarambh\frontend\node_modules\expo-modules-core\android\src\main\java\expo\modules\kotlin\types\ReturnType.kt
2026-08-14 11:39:20.225 [daemon] INFO: Message: output: output:
D:\aarambh\frontend\node_modules\expo-modules-core\android\build\tmp\kotlin-classes\release\expo\modules\kotlin\types\ExperimentalJSTypeConverter$PassThroughConverter.class
Sources:
D:\aarambh\frontend\node_modules\expo-modules-core\android\src\main\java\expo\modules\kotlin\types\ReturnType.kt
2026-08-14 11:39:20.225 [daemon] INFO: Message: output: output:
D:\aarambh\frontend\node_modules\expo-modules-core\android\build\tmp\kotlin-classes\release\expo\modules\kotlin\types\ExperimentalJSTypeConverter$BundleConverter.class
Sources:
D:\aarambh\frontend\node_modules\expo-modules-core\android\src\main\java\expo\modules\kotlin\types\ReturnType.kt
2026-08-14 11:39:20.225 [daemon] INFO: Message: output: output:
D:\aarambh\frontend\node_modules\expo-modules-core\android\build\tmp\kotlin-classes\release\expo\modules\kotlin\types\ExperimentalJSTypeConverter$ArrayConverter.class
Sources:
D:\aarambh\frontend\node_modules\expo-modules-core\android\src\main\java\expo\modules\kotlin\types\ReturnType.kt
2026-08-14 11:39:20.225 [daemon] INFO: Message: output: output:
D:\aarambh\frontend\node_modules\expo-modules-core\android\build\tmp\kotlin-classes\release\expo\modules\kotlin\types\ExperimentalJSTypeConverter$IntArrayConverter.class
Sources:
D:\aarambh\frontend\node_modules\expo-modules-core\android\src\main\java\expo\modules\kotlin\types\ReturnType.kt
2026-08-14 11:39:20.226 [daemon] INFO: Message: output: output:
D:\aarambh\frontend\node_modules\expo-modules-core\android\build\tmp\kotlin-classes\release\expo\modules\kotlin\types\ExperimentalJSTypeConverter$FloatArrayConverter.class
Sources:
D:\aarambh\frontend\node_modules\expo-modules-core\android\src\main\java\expo\modules\kotlin\types\ReturnType.kt
2026-08-14 11:39:20.226 [daemon] INFO: Message: output: output:
D:\aarambh\frontend\node_modules\expo-modules-core\android\build\tmp\kotlin-classes\release\expo\modules\kotlin\types\ExperimentalJSTypeConverter$DoubleArrayConverter.class
Sources:
D:\aarambh\frontend\node_modules\expo-modules-core\android\src\main\java\expo\modules\kotlin\types\ReturnType.kt
2026-08-14 11:39:20.226 [daemon] INFO: Message: output: output:
D:\aarambh\frontend\node_modules\expo-modules-core\android\build\tmp\kotlin-classes\release\expo\modules\kotlin\types\ExperimentalJSTypeConverter$BooleanArrayConverter.class
Sources:
D:\aarambh\frontend\node_modules\expo-modules-core\android\src\main\java\expo\modules\kotlin\types\ReturnType.kt
2026-08-14 11:39:20.226 [daemon] INFO: Message: output: output:
D:\aarambh\frontend\node_modules\expo-modules-core\android\build\tmp\kotlin-classes\release\expo\modules\kotlin\types\ExperimentalJSTypeConverter$ByteArrayConverter.class
Sources:
D:\aarambh\frontend\node_modules\expo-modules-core\android\src\main\java\expo\modules\kotlin\types\ReturnType.kt
2026-08-14 11:39:20.226 [daemon] INFO: Message: output: output:
D:\aarambh\frontend\node_modules\expo-modules-core\android\build\tmp\kotlin-classes\release\expo\modules\kotlin\types\ExperimentalJSTypeConverter$MapConverter.class
Sources:
D:\aarambh\frontend\node_modules\expo-modules-core\android\src\main\java\expo\modules\kotlin\types\ReturnType.kt
2026-08-14 11:39:20.226 [daemon] INFO: Message: output: output:
D:\aarambh\frontend\node_modules\expo-modules-core\android\build\tmp\kotlin-classes\release\expo\modules\kotlin\types\ExperimentalJSTypeConverter$EnumConverter.class
Sources:
D:\aarambh\frontend\node_modules\expo-modules-core\android\src\main\java\expo\modules\kotlin\types\ReturnType.kt
2026-08-14 11:39:20.226 [daemon] INFO: Message: output: output:
D:\aarambh\frontend\node_modules\expo-modules-core\android\build\tmp\kotlin-classes\release\expo\modules\kotlin\types\ExperimentalJSTypeConverter$RecordConverter.class
Sources:
D:\aarambh\frontend\node_modules\expo-modules-core\android\src\main\java\expo\modules\kotlin\types\ReturnType.kt
2026-08-14 11:39:20.226 [daemon] INFO: Message: output: output:
D:\aarambh\frontend\node_modules\expo-modules-core\android\build\tmp\kotlin-classes\release\expo\modules\kotlin\types\ExperimentalJSTypeConverter$URIConverter.class
Sources:
D:\aarambh\frontend\node_modules\expo-modules-core\android\src\main\java\expo\modules\kotlin\types\ReturnType.kt
2026-08-14 11:39:20.226 [daemon] INFO: Message: output: output:
D:\aarambh\frontend\node_modules\expo-modules-core\android\build\tmp\kotlin-classes\release\expo\modules\kotlin\types\ExperimentalJSTypeConverter$URLConverter.class
Sources:
D:\aarambh\frontend\node_modules\expo-modules-core\android\src\main\java\expo\modules\kotlin\types\ReturnType.kt
2026-08-14 11:39:20.227 [daemon] INFO: Message: output: output:
D:\aarambh\frontend\node_modules\expo-modules-core\android\build\tmp\kotlin-classes\release\expo\modules\kotlin\types\ExperimentalJSTypeConverter$AndroidUriConverter.class
Sources:
D:\aarambh\frontend\node_modules\expo-modules-core\android\src\main\java\expo\modules\kotlin\types\ReturnType.kt
2026-08-14 11:39:20.227 [daemon] INFO: Message: output: output:
D:\aarambh\frontend\node_modules\expo-modules-core\android\build\tmp\kotlin-classes\release\expo\modules\kotlin\types\ExperimentalJSTypeConverter$FileConverter.class
Sources:
D:\aarambh\frontend\node_modules\expo-modules-core\android\src\main\java\expo\modules\kotlin\types\ReturnType.kt
2026-08-14 11:39:20.227 [daemon] INFO: Message: output: output:
D:\aarambh\frontend\node_modules\expo-modules-core\android\build\tmp\kotlin-classes\release\expo\modules\kotlin\types\ExperimentalJSTypeConverter$PairConverter.class
Sources:
D:\aarambh\frontend\node_modules\expo-modules-core\android\src\main\java\expo\modules\kotlin\types\ReturnType.kt
2026-08-14 11:39:20.227 [daemon] INFO: Message: output: output:
D:\aarambh\frontend\node_modules\expo-modules-core\android\build\tmp\kotlin-classes\release\expo\modules\kotlin\types\ExperimentalJSTypeConverter$LongConverter.class
Sources:
D:\aarambh\frontend\node_modules\expo-modules-core\android\src\main\java\expo\modules\kotlin\types\ReturnType.kt
2026-08-14 11:39:20.227 [daemon] INFO: Message: output: output:
D:\aarambh\frontend\node_modules\expo-modules-core\android\build\tmp\kotlin-classes\release\expo\modules\kotlin\types\ExperimentalJSTypeConverter$DurationConverter.class
Sources:
D:\aarambh\frontend\node_modules\expo-modules-core\android\src\main\java\expo\modules\kotlin\types\ReturnType.kt
2026-08-14 11:39:20.227 [daemon] INFO: Message: output: output:
D:\aarambh\frontend\node_modules\expo-modules-core\android\build\tmp\kotlin-classes\release\expo\modules\kotlin\types\ExperimentalJSTypeConverter$RawTypedArrayHolderConverter.class
Sources:
D:\aarambh\frontend\node_modules\expo-modules-core\android\src\main\java\expo\modules\kotlin\types\ReturnType.kt
2026-08-14 11:39:20.227 [daemon] INFO: Message: output: output:
D:\aarambh\frontend\node_modules\expo-modules-core\android\build\tmp\kotlin-classes\release\expo\modules\kotlin\types\ExperimentalJSTypeConverter$CollectionConverter.class
Sources:
D:\aarambh\frontend\node_modules\expo-modules-core\android\src\main\java\expo\modules\kotlin\types\ReturnType.kt
2026-08-14 11:39:20.227 [daemon] INFO: Message: output: output:
D:\aarambh\frontend\node_modules\expo-modules-core\android\build\tmp\kotlin-classes\release\expo\modules\kotlin\types\ExperimentalJSTypeConverter$AnyConverter.class
Sources:
D:\aarambh\frontend\node_modules\expo-modules-core\android\src\main\java\expo\modules\kotlin\types\ReturnType.kt
2026-08-14 11:39:20.227 [daemon] INFO: Message: output: output:
D:\aarambh\frontend\node_modules\expo-modules-core\android\build\tmp\kotlin-classes\release\expo\modules\kotlin\types\ReturnType.class
Sources:
D:\aarambh\frontend\node_modules\expo-modules-core\android\src\main\java\expo\modules\kotlin\types\ReturnType.kt
2026-08-14 11:39:20.227 [daemon] INFO: Message: output: output:
D:\aarambh\frontend\node_modules\expo-modules-core\android\build\tmp\kotlin-classes\release\expo\modules\kotlin\types\SetTypeConverter.class
Sources:
D:\aarambh\frontend\node_modules\expo-modules-core\android\src\main\java\expo\modules\kotlin\types\SetTypeConverter.kt
2026-08-14 11:39:20.228 [daemon] INFO: Message: output: output:
D:\aarambh\frontend\node_modules\expo-modules-core\android\build\tmp\kotlin-classes\release\expo\modules\kotlin\types\TypeConverter.class
Sources:
D:\aarambh\frontend\node_modules\expo-modules-core\android\src\main\java\expo\modules\kotlin\types\TypeConverter.kt
2026-08-14 11:39:20.228 [daemon] INFO: Message: output: output:
D:\aarambh\frontend\node_modules\expo-modules-core\android\build\tmp\kotlin-classes\release\expo\modules\kotlin\types\TypeConverter$DefaultImpls.class
Sources:
D:\aarambh\frontend\node_modules\expo-modules-core\android\src\main\java\expo\modules\kotlin\types\TypeConverter.kt
2026-08-14 11:39:20.228 [daemon] INFO: Message: output: output:
D:\aarambh\frontend\node_modules\expo-modules-core\android\build\tmp\kotlin-classes\release\expo\modules\kotlin\types\NonNullableTypeConverter.class
Sources:
D:\aarambh\frontend\node_modules\expo-modules-core\android\src\main\java\expo\modules\kotlin\types\TypeConverter.kt
2026-08-14 11:39:20.229 [daemon] INFO: Message: output: output:
D:\aarambh\frontend\node_modules\expo-modules-core\android\build\tmp\kotlin-classes\release\expo\modules\kotlin\types\DynamicAwareTypeConverters.class
Sources:
D:\aarambh\frontend\node_modules\expo-modules-core\android\src\main\java\expo\modules\kotlin\types\TypeConverter.kt
2026-08-14 11:39:20.229 [daemon] INFO: Message: output: output:
D:\aarambh\frontend\node_modules\expo-modules-core\android\build\tmp\kotlin-classes\release\expo\modules\kotlin\types\TypeConverterKt.class
Sources:
D:\aarambh\frontend\node_modules\expo-modules-core\android\src\main\java\expo\modules\kotlin\types\TypeConverter.kt
2026-08-14 11:39:20.229 [daemon] INFO: Message: output: output:
D:\aarambh\frontend\node_modules\expo-modules-core\android\build\tmp\kotlin-classes\release\expo\modules\kotlin\types\TypeConverterKt$createTrivialTypeConverter$2.class
Sources:
D:\aarambh\frontend\node_modules\expo-modules-core\android\src\main\java\expo\modules\kotlin\types\TypeConverter.kt
2026-08-14 11:39:20.229 [daemon] INFO: Message: output: output:
D:\aarambh\frontend\node_modules\expo-modules-core\android\build\tmp\kotlin-classes\release\expo\modules\kotlin\types\TypeConverterKt$createTrivialTypeConverter$1.class
Sources:
D:\aarambh\frontend\node_modules\expo-modules-core\android\src\main\java\expo\modules\kotlin\types\TypeConverter.kt
2026-08-14 11:39:20.229 [daemon] INFO: Message: output: output:
D:\aarambh\frontend\node_modules\expo-modules-core\android\build\tmp\kotlin-classes\release\expo\modules\kotlin\types\TypeConverterProvider.class
Sources:
D:\aarambh\frontend\node_modules\expo-modules-core\android\src\main\java\expo\modules\kotlin\types\TypeConverterProvider.kt
2026-08-14 11:39:20.230 [daemon] INFO: Message: output: output:
D:\aarambh\frontend\node_modules\expo-modules-core\android\build\tmp\kotlin-classes\release\expo\modules\kotlin\types\TypeConverterProviderImpl.class
Sources:
D:\aarambh\frontend\node_modules\expo-modules-core\android\src\main\java\expo\modules\kotlin\types\TypeConverterProvider.kt
2026-08-14 11:39:20.230 [daemon] INFO: Message: output: output:
D:\aarambh\frontend\node_modules\expo-modules-core\android\build\tmp\kotlin-classes\release\expo\modules\kotlin\types\TypeConverterProviderImpl$createCachedConverters$$inlined$createTrivialTypeConverter$1.class
Sources:
D:\aarambh\frontend\node_modules\expo-modules-core\android\src\main\java\expo\modules\kotlin\types\TypeConverterProvider.kt
2026-08-14 11:39:20.230 [daemon] INFO: Message: output: output:
D:\aarambh\frontend\node_modules\expo-modules-core\android\build\tmp\kotlin-classes\release\expo\modules\kotlin\types\TypeConverterProviderImpl$createCachedConverters$$inlined$createTrivialTypeConverter$2.class
Sources:
D:\aarambh\frontend\node_modules\expo-modules-core\android\src\main\java\expo\modules\kotlin\types\TypeConverterProvider.kt
2026-08-14 11:39:20.230 [daemon] INFO: Message: output: output:
D:\aarambh\frontend\node_modules\expo-modules-core\android\build\tmp\kotlin-classes\release\expo\modules\kotlin\types\TypeConverterProviderImpl$createCachedConverters$$inlined$createTrivialTypeConverter$3.class
Sources:
D:\aarambh\frontend\node_modules\expo-modules-core\android\src\main\java\expo\modules\kotlin\types\TypeConverterProvider.kt
2026-08-14 11:39:20.313 [daemon] INFO: Message: output: output:
D:\aarambh\frontend\node_modules\expo-modules-core\android\build\tmp\kotlin-classes\release\expo\modules\kotlin\types\TypeConverterProviderImpl$createCachedConverters$$inlined$createTrivialTypeConverter$4.class
Sources:
D:\aarambh\frontend\node_modules\expo-modules-core\android\src\main\java\expo\modules\kotlin\types\TypeConverterProvider.kt
2026-08-14 11:39:20.313 [daemon] INFO: Message: output: output:
D:\aarambh\frontend\node_modules\expo-modules-core\android\build\tmp\kotlin-classes\release\expo\modules\kotlin\types\TypeConverterProviderImpl$createCachedConverters$$inlined$createTrivialTypeConverter$5.class
Sources:
D:\aarambh\frontend\node_modules\expo-modules-core\android\src\main\java\expo\modules\kotlin\types\TypeConverterProvider.kt
2026-08-14 11:39:20.313 [daemon] INFO: Message: output: output:
D:\aarambh\frontend\node_modules\expo-modules-core\android\build\tmp\kotlin-classes\release\expo\modules\kotlin\types\TypeConverterProviderImpl$createCachedConverters$$inlined$createTrivialTypeConverter$6.class
Sources:
D:\aarambh\frontend\node_modules\expo-modules-core\android\src\main\java\expo\modules\kotlin\types\TypeConverterProvider.kt
2026-08-14 11:39:20.313 [daemon] INFO: Message: output: output:
D:\aarambh\frontend\node_modules\expo-modules-core\android\build\tmp\kotlin-classes\release\expo\modules\kotlin\types\TypeConverterProviderImpl$createCachedConverters$$inlined$createTrivialTypeConverter$7.class
Sources:
D:\aarambh\frontend\node_modules\expo-modules-core\android\src\main\java\expo\modules\kotlin\types\TypeConverterProvider.kt
2026-08-14 11:39:20.314 [daemon] INFO: Message: output: output:
D:\aarambh\frontend\node_modules\expo-modules-core\android\build\tmp\kotlin-classes\release\expo\modules\kotlin\types\TypeConverterProviderImpl$createCachedConverters$$inlined$createTrivialTypeConverter$8.class
Sources:
D:\aarambh\frontend\node_modules\expo-modules-core\android\src\main\java\expo\modules\kotlin\types\TypeConverterProvider.kt
2026-08-14 11:39:20.314 [daemon] INFO: Message: output: output:
D:\aarambh\frontend\node_modules\expo-modules-core\android\build\tmp\kotlin-classes\release\expo\modules\kotlin\types\TypeConverterProviderImpl$createCachedConverters$$inlined$createTrivialTypeConverter$default$1.class
Sources:
D:\aarambh\frontend\node_modules\expo-modules-core\android\src\main\java\expo\modules\kotlin\types\TypeConverterProvider.kt
2026-08-14 11:39:20.314 [daemon] INFO: Message: output: output:
D:\aarambh\frontend\node_modules\expo-modules-core\android\build\tmp\kotlin-classes\release\expo\modules\kotlin\types\TypeConverterProviderImpl$createCachedConverters$$inlined$createTrivialTypeConverter$default$2.class
Sources:
D:\aarambh\frontend\node_modules\expo-modules-core\android\src\main\java\expo\modules\kotlin\types\TypeConverterProvider.kt
2026-08-14 11:39:20.314 [daemon] INFO: Message: output: output:
D:\aarambh\frontend\node_modules\expo-modules-core\android\build\tmp\kotlin-classes\release\expo\modules\kotlin\types\TypeConverterProviderImpl$createCachedPrimitiveArrayConverters$$inlined$createTrivialTypeConverter$1.class
Sources:
D:\aarambh\frontend\node_modules\expo-modules-core\android\src\main\java\expo\modules\kotlin\types\TypeConverterProvider.kt
2026-08-14 11:39:20.314 [daemon] INFO: Message: output: output:
D:\aarambh\frontend\node_modules\expo-modules-core\android\build\tmp\kotlin-classes\release\expo\modules\kotlin\types\TypeConverterProviderImpl$createCachedPrimitiveArrayConverters$$inlined$createTrivialTypeConverter$2.class
Sources:
D:\aarambh\frontend\node_modules\expo-modules-core\android\src\main\java\expo\modules\kotlin\types\TypeConverterProvider.kt
2026-08-14 11:39:20.314 [daemon] INFO: Message: output: output:
D:\aarambh\frontend\node_modules\expo-modules-core\android\build\tmp\kotlin-classes\release\expo\modules\kotlin\types\TypeConverterProviderImpl$createCachedPrimitiveArrayConverters$$inlined$createTrivialTypeConverter$3.class
Sources:
D:\aarambh\frontend\node_modules\expo-modules-core\android\src\main\java\expo\modules\kotlin\types\TypeConverterProvider.kt
2026-08-14 11:39:20.314 [daemon] INFO: Message: output: output:
D:\aarambh\frontend\node_modules\expo-modules-core\android\build\tmp\kotlin-classes\release\expo\modules\kotlin\types\TypeConverterProviderImpl$createCachedPrimitiveArrayConverters$$inlined$createTrivialTypeConverter$4.class
Sources:
D:\aarambh\frontend\node_modules\expo-modules-core\android\src\main\java\expo\modules\kotlin\types\TypeConverterProvider.kt
2026-08-14 11:39:20.314 [daemon] INFO: Message: output: output:
D:\aarambh\frontend\node_modules\expo-modules-core\android\build\tmp\kotlin-classes\release\expo\modules\kotlin\types\TypeConverterProviderImpl$createCachedPrimitiveArrayConverters$$inlined$createTrivialTypeConverter$5.class
Sources:
D:\aarambh\frontend\node_modules\expo-modules-core\android\src\main\java\expo\modules\kotlin\types\TypeConverterProvider.kt
2026-08-14 11:39:20.314 [daemon] INFO: Message: output: output:
D:\aarambh\frontend\node_modules\expo-modules-core\android\build\tmp\kotlin-classes\release\expo\modules\kotlin\types\MergedTypeConverterProvider.class
Sources:
D:\aarambh\frontend\node_modules\expo-modules-core\android\src\main\java\expo\modules\kotlin\types\TypeConverterProvider.kt
2026-08-14 11:39:20.316 [daemon] INFO: Message: output: output:
D:\aarambh\frontend\node_modules\expo-modules-core\android\build\tmp\kotlin-classes\release\expo\modules\kotlin\types\TypeConverterProviderKt.class
Sources:
D:\aarambh\frontend\node_modules\expo-modules-core\android\src\main\java\expo\modules\kotlin\types\TypeConverterProvider.kt
2026-08-14 11:39:20.316 [daemon] INFO: Message: output: output:
D:\aarambh\frontend\node_modules\expo-modules-core\android\build\tmp\kotlin-classes\release\expo\modules\kotlin\types\BaseTypeArrayConverter.class
Sources:
D:\aarambh\frontend\node_modules\expo-modules-core\android\src\main\java\expo\modules\kotlin\types\TypedArrayTypeConverter.kt
2026-08-14 11:39:20.316 [daemon] INFO: Message: output: output:
D:\aarambh\frontend\node_modules\expo-modules-core\android\build\tmp\kotlin-classes\release\expo\modules\kotlin\types\Int8ArrayTypeConverter.class
Sources:
D:\aarambh\frontend\node_modules\expo-modules-core\android\src\main\java\expo\modules\kotlin\types\TypedArrayTypeConverter.kt
2026-08-14 11:39:20.316 [daemon] INFO: Message: output: output:
D:\aarambh\frontend\node_modules\expo-modules-core\android\build\tmp\kotlin-classes\release\expo\modules\kotlin\types\Int8ArrayTypeConverter$1.class
Sources:
D:\aarambh\frontend\node_modules\expo-modules-core\android\src\main\java\expo\modules\kotlin\types\TypedArrayTypeConverter.kt
2026-08-14 11:39:20.316 [daemon] INFO: Message: output: output:
D:\aarambh\frontend\node_modules\expo-modules-core\android\build\tmp\kotlin-classes\release\expo\modules\kotlin\types\Int16ArrayTypeConverter.class
Sources:
D:\aarambh\frontend\node_modules\expo-modules-core\android\src\main\java\expo\modules\kotlin\types\TypedArrayTypeConverter.kt
2026-08-14 11:39:20.316 [daemon] INFO: Message: output: output:
D:\aarambh\frontend\node_modules\expo-modules-core\android\build\tmp\kotlin-classes\release\expo\modules\kotlin\types\Int16ArrayTypeConverter$1.class
Sources:
D:\aarambh\frontend\node_modules\expo-modules-core\android\src\main\java\expo\modules\kotlin\types\TypedArrayTypeConverter.kt
2026-08-14 11:39:20.316 [daemon] INFO: Message: output: output:
D:\aarambh\frontend\node_modules\expo-modules-core\android\build\tmp\kotlin-classes\release\expo\modules\kotlin\types\Int32ArrayTypeConverter.class
Sources:
D:\aarambh\frontend\node_modules\expo-modules-core\android\src\main\java\expo\modules\kotlin\types\TypedArrayTypeConverter.kt
2026-08-14 11:39:20.316 [daemon] INFO: Message: output: output:
D:\aarambh\frontend\node_modules\expo-modules-core\android\build\tmp\kotlin-classes\release\expo\modules\kotlin\types\Int32ArrayTypeConverter$1.class
Sources:
D:\aarambh\frontend\node_modules\expo-modules-core\android\src\main\java\expo\modules\kotlin\types\TypedArrayTypeConverter.kt
2026-08-14 11:39:20.316 [daemon] INFO: Message: output: output:
D:\aarambh\frontend\node_modules\expo-modules-core\android\build\tmp\kotlin-classes\release\expo\modules\kotlin\types\Uint8ArrayTypeConverter.class
Sources:
D:\aarambh\frontend\node_modules\expo-modules-core\android\src\main\java\expo\modules\kotlin\types\TypedArrayTypeConverter.kt
2026-08-14 11:39:20.317 [daemon] INFO: Message: output: output:
D:\aarambh\frontend\node_modules\expo-modules-core\android\build\tmp\kotlin-classes\release\expo\modules\kotlin\types\Uint8ArrayTypeConverter$1.class
Sources:
D:\aarambh\frontend\node_modules\expo-modules-core\android\src\main\java\expo\modules\kotlin\types\TypedArrayTypeConverter.kt
2026-08-14 11:39:20.317 [daemon] INFO: Message: output: output:
D:\aarambh\frontend\node_modules\expo-modules-core\android\build\tmp\kotlin-classes\release\expo\modules\kotlin\types\Uint8ClampedArrayTypeConverter.class
Sources:
D:\aarambh\frontend\node_modules\expo-modules-core\android\src\main\java\expo\modules\kotlin\types\TypedArrayTypeConverter.kt
2026-08-14 11:39:20.317 [daemon] INFO: Message: output: output:
D:\aarambh\frontend\node_modules\expo-modules-core\android\build\tmp\kotlin-classes\release\expo\modules\kotlin\types\Uint8ClampedArrayTypeConverter$1.class
Sources:
D:\aarambh\frontend\node_modules\expo-modules-core\android\src\main\java\expo\modules\kotlin\types\TypedArrayTypeConverter.kt
2026-08-14 11:39:20.317 [daemon] INFO: Message: output: output:
D:\aarambh\frontend\node_modules\expo-modules-core\android\build\tmp\kotlin-classes\release\expo\modules\kotlin\types\Uint16ArrayTypeConverter.class
Sources:
D:\aarambh\frontend\node_modules\expo-modules-core\android\src\main\java\expo\modules\kotlin\types\TypedArrayTypeConverter.kt
2026-08-14 11:39:20.317 [daemon] INFO: Message: output: output:
D:\aarambh\frontend\node_modules\expo-modules-core\android\build\tmp\kotlin-classes\release\expo\modules\kotlin\types\Uint16ArrayTypeConverter$1.class
Sources:
D:\aarambh\frontend\node_modules\expo-modules-core\android\src\main\java\expo\modules\kotlin\types\TypedArrayTypeConverter.kt
2026-08-14 11:39:20.317 [daemon] INFO: Message: output: output:
D:\aarambh\frontend\node_modules\expo-modules-core\android\build\tmp\kotlin-classes\release\expo\modules\kotlin\types\Uint32ArrayTypeConverter.class
Sources:
D:\aarambh\frontend\node_modules\expo-modules-core\android\src\main\java\expo\modules\kotlin\types\TypedArrayTypeConverter.kt
2026-08-14 11:39:20.317 [daemon] INFO: Message: output: output:
D:\aarambh\frontend\node_modules\expo-modules-core\android\build\tmp\kotlin-classes\release\expo\modules\kotlin\types\Uint32ArrayTypeConverter$1.class
Sources:
D:\aarambh\frontend\node_modules\expo-modules-core\android\src\main\java\expo\modules\kotlin\types\TypedArrayTypeConverter.kt
2026-08-14 11:39:20.318 [daemon] INFO: Message: output: output:
D:\aarambh\frontend\node_modules\expo-modules-core\android\build\tmp\kotlin-classes\release\expo\modules\kotlin\types\Float32ArrayTypeConverter.class
Sources:
D:\aarambh\frontend\node_modules\expo-modules-core\android\src\main\java\expo\modules\kotlin\types\TypedArrayTypeConverter.kt
2026-08-14 11:39:20.318 [daemon] INFO: Message: output: output:
D:\aarambh\frontend\node_modules\expo-modules-core\android\build\tmp\kotlin-classes\release\expo\modules\kotlin\types\Float32ArrayTypeConverter$1.class
Sources:
D:\aarambh\frontend\node_modules\expo-modules-core\android\src\main\java\expo\modules\kotlin\types\TypedArrayTypeConverter.kt
2026-08-14 11:39:20.318 [daemon] INFO: Message: output: output:
D:\aarambh\frontend\node_modules\expo-modules-core\android\build\tmp\kotlin-classes\release\expo\modules\kotlin\types\Float64ArrayTypeConverter.class
Sources:
D:\aarambh\frontend\node_modules\expo-modules-core\android\src\main\java\expo\modules\kotlin\types\TypedArrayTypeConverter.kt
2026-08-14 11:39:20.318 [daemon] INFO: Message: output: output:
D:\aarambh\frontend\node_modules\expo-modules-core\android\build\tmp\kotlin-classes\release\expo\modules\kotlin\types\Float64ArrayTypeConverter$1.class
Sources:
D:\aarambh\frontend\node_modules\expo-modules-core\android\src\main\java\expo\modules\kotlin\types\TypedArrayTypeConverter.kt
2026-08-14 11:39:20.318 [daemon] INFO: Message: output: output:
D:\aarambh\frontend\node_modules\expo-modules-core\android\build\tmp\kotlin-classes\release\expo\modules\kotlin\types\BigInt64ArrayTypeConverter.class
Sources:
D:\aarambh\frontend\node_modules\expo-modules-core\android\src\main\java\expo\modules\kotlin\types\TypedArrayTypeConverter.kt
2026-08-14 11:39:20.318 [daemon] INFO: Message: output: output:
D:\aarambh\frontend\node_modules\expo-modules-core\android\build\tmp\kotlin-classes\release\expo\modules\kotlin\types\BigInt64ArrayTypeConverter$1.class
Sources:
D:\aarambh\frontend\node_modules\expo-modules-core\android\src\main\java\expo\modules\kotlin\types\TypedArrayTypeConverter.kt
2026-08-14 11:39:20.319 [daemon] INFO: Message: output: output:
D:\aarambh\frontend\node_modules\expo-modules-core\android\build\tmp\kotlin-classes\release\expo\modules\kotlin\types\BigUint64ArrayTypeConverter.class
Sources:
D:\aarambh\frontend\node_modules\expo-modules-core\android\src\main\java\expo\modules\kotlin\types\TypedArrayTypeConverter.kt
2026-08-14 11:39:20.319 [daemon] INFO: Message: output: output:
D:\aarambh\frontend\node_modules\expo-modules-core\android\build\tmp\kotlin-classes\release\expo\modules\kotlin\types\BigUint64ArrayTypeConverter$1.class
Sources:
D:\aarambh\frontend\node_modules\expo-modules-core\android\src\main\java\expo\modules\kotlin\types\TypedArrayTypeConverter.kt
2026-08-14 11:39:20.319 [daemon] INFO: Message: output: output:
D:\aarambh\frontend\node_modules\expo-modules-core\android\build\tmp\kotlin-classes\release\expo\modules\kotlin\types\TypedArrayTypeConverter.class
Sources:
D:\aarambh\frontend\node_modules\expo-modules-core\android\src\main\java\expo\modules\kotlin\types\TypedArrayTypeConverter.kt
2026-08-14 11:39:20.319 [daemon] INFO: Message: output: output:
D:\aarambh\frontend\node_modules\expo-modules-core\android\build\tmp\kotlin-classes\release\expo\modules\kotlin\types\UnitTypeConverter.class
Sources:
D:\aarambh\frontend\node_modules\expo-modules-core\android\src\main\java\expo\modules\kotlin\types\UnitTypeConverter.kt
2026-08-14 11:39:20.320 [daemon] INFO: Message: output: output:
D:\aarambh\frontend\node_modules\expo-modules-core\android\build\tmp\kotlin-classes\release\expo\modules\kotlin\types\ValueOrUndefined.class
Sources:
D:\aarambh\frontend\node_modules\expo-modules-core\android\src\main\java\expo\modules\kotlin\types\ValueOrUndefined.kt
2026-08-14 11:39:20.320 [daemon] INFO: Message: output: output:
D:\aarambh\frontend\node_modules\expo-modules-core\android\build\tmp\kotlin-classes\release\expo\modules\kotlin\types\ValueOrUndefined$Value.class
Sources:
D:\aarambh\frontend\node_modules\expo-modules-core\android\src\main\java\expo\modules\kotlin\types\ValueOrUndefined.kt
2026-08-14 11:39:20.321 [daemon] INFO: Message: output: output:
D:\aarambh\frontend\node_modules\expo-modules-core\android\build\tmp\kotlin-classes\release\expo\modules\kotlin\types\ValueOrUndefined$Undefined.class
Sources:
D:\aarambh\frontend\node_modules\expo-modules-core\android\src\main\java\expo\modules\kotlin\types\ValueOrUndefined.kt
2026-08-14 11:39:20.321 [daemon] INFO: Message: output: output:
D:\aarambh\frontend\node_modules\expo-modules-core\android\build\tmp\kotlin-classes\release\expo\modules\kotlin\types\ValueOrUndefined$Companion.class
Sources:
D:\aarambh\frontend\node_modules\expo-modules-core\android\src\main\java\expo\modules\kotlin\types\ValueOrUndefined.kt
2026-08-14 11:39:20.321 [daemon] INFO: Message: output: output:
D:\aarambh\frontend\node_modules\expo-modules-core\android\build\tmp\kotlin-classes\release\expo\modules\kotlin\types\ValueOrUndefined$DefaultImpls.class
Sources:
D:\aarambh\frontend\node_modules\expo-modules-core\android\src\main\java\expo\modules\kotlin\types\ValueOrUndefined.kt
2026-08-14 11:39:20.321 [daemon] INFO: Message: output: output:
D:\aarambh\frontend\node_modules\expo-modules-core\android\build\tmp\kotlin-classes\release\expo\modules\kotlin\types\ValueOrUndefinedTypeConverter.class
Sources:
D:\aarambh\frontend\node_modules\expo-modules-core\android\src\main\java\expo\modules\kotlin\types\ValueOrUndefinedTypeConverter.kt
2026-08-14 11:39:20.321 [daemon] INFO: Message: output: output:
D:\aarambh\frontend\node_modules\expo-modules-core\android\build\tmp\kotlin-classes\release\expo\modules\kotlin\types\folly\FollyDynamicExtensionConverter.class
Sources:
D:\aarambh\frontend\node_modules\expo-modules-core\android\src\main\java\expo\modules\kotlin\types\folly\FollyDynamicExtensionConverter.kt
2026-08-14 11:39:20.321 [daemon] INFO: Message: output: output:
D:\aarambh\frontend\node_modules\expo-modules-core\android\build\tmp\kotlin-classes\release\expo\modules\kotlin\types\folly\FollyDynamicExtensionConverter$Companion.class
Sources:
D:\aarambh\frontend\node_modules\expo-modules-core\android\src\main\java\expo\modules\kotlin\types\folly\FollyDynamicExtensionConverter.kt
2026-08-14 11:39:20.321 [daemon] INFO: Message: output: output:
D:\aarambh\frontend\node_modules\expo-modules-core\android\build\tmp\kotlin-classes\release\expo\modules\kotlin\types\folly\InvalidDynamicExtensionFormatException.class
Sources:
D:\aarambh\frontend\node_modules\expo-modules-core\android\src\main\java\expo\modules\kotlin\types\folly\FollyDynamicExtensionConverter.kt
2026-08-14 11:39:20.321 [daemon] INFO: Message: output: output:
D:\aarambh\frontend\node_modules\expo-modules-core\android\build\tmp\kotlin-classes\release\expo\modules\kotlin\types\folly\FollyDynamicExtensionConverterKt.class
Sources:
D:\aarambh\frontend\node_modules\expo-modules-core\android\src\main\java\expo\modules\kotlin\types\folly\FollyDynamicExtensionConverter.kt
2026-08-14 11:39:20.323 [daemon] INFO: Message: output: output:
D:\aarambh\frontend\node_modules\expo-modules-core\android\build\tmp\kotlin-classes\release\expo\modules\kotlin\types\io\FileTypeConverter.class
Sources:
D:\aarambh\frontend\node_modules\expo-modules-core\android\src\main\java\expo\modules\kotlin\types\io\FileTypeConverter.kt
2026-08-14 11:39:20.323 [daemon] INFO: Message: output: output:
D:\aarambh\frontend\node_modules\expo-modules-core\android\build\tmp\kotlin-classes\release\expo\modules\kotlin\types\io\PathTypeConverter.class
Sources:
D:\aarambh\frontend\node_modules\expo-modules-core\android\src\main\java\expo\modules\kotlin\types\io\PathTypeConverter.kt
2026-08-14 11:39:20.323 [daemon] INFO: Message: output: output:
D:\aarambh\frontend\node_modules\expo-modules-core\android\build\tmp\kotlin-classes\release\expo\modules\kotlin\types\net\URLTypConverter.class
Sources:
D:\aarambh\frontend\node_modules\expo-modules-core\android\src\main\java\expo\modules\kotlin\types\net\URLTypConverter.kt
2026-08-14 11:39:20.324 [daemon] INFO: Message: output: output:
D:\aarambh\frontend\node_modules\expo-modules-core\android\build\tmp\kotlin-classes\release\expo\modules\kotlin\types\net\UriTypeConverter.class
Sources:
D:\aarambh\frontend\node_modules\expo-modules-core\android\src\main\java\expo\modules\kotlin\types\net\UriTypeConverter.kt
2026-08-14 11:39:20.324 [daemon] INFO: Message: output: output:
D:\aarambh\frontend\node_modules\expo-modules-core\android\build\tmp\kotlin-classes\release\expo\modules\kotlin\types\net\JavaURITypeConverter.class
Sources:
D:\aarambh\frontend\node_modules\expo-modules-core\android\src\main\java\expo\modules\kotlin\types\net\UriTypeConverter.kt
2026-08-14 11:39:20.324 [daemon] INFO: Message: output: output:
D:\aarambh\frontend\node_modules\expo-modules-core\android\build\tmp\kotlin-classes\release\expo\modules\kotlin\uuidv5\InvalidNamespaceException.class
Sources:
D:\aarambh\frontend\node_modules\expo-modules-core\android\src\main\java\expo\modules\kotlin\uuidv5\Exceptions.kt
2026-08-14 11:39:20.324 [daemon] INFO: Message: output: output:
D:\aarambh\frontend\node_modules\expo-modules-core\android\build\tmp\kotlin-classes\release\expo\modules\kotlin\uuidv5\Uuidv5Kt.class
Sources:
D:\aarambh\frontend\node_modules\expo-modules-core\android\src\main\java\expo\modules\kotlin\uuidv5\Uuidv5.kt
2026-08-14 11:39:20.324 [daemon] INFO: Message: output: output:
D:\aarambh\frontend\node_modules\expo-modules-core\android\build\tmp\kotlin-classes\release\expo\modules\kotlin\viewevent\ViewEventCallback.class
Sources:
D:\aarambh\frontend\node_modules\expo-modules-core\android\src\main\java\expo\modules\kotlin\viewevent\ViewEvent.kt
2026-08-14 11:39:20.324 [daemon] INFO: Message: output: output:
D:\aarambh\frontend\node_modules\expo-modules-core\android\build\tmp\kotlin-classes\release\expo\modules\kotlin\viewevent\ViewEvent.class
Sources:
D:\aarambh\frontend\node_modules\expo-modules-core\android\src\main\java\expo\modules\kotlin\viewevent\ViewEvent.kt
2026-08-14 11:39:20.324 [daemon] INFO: Message: output: output:
D:\aarambh\frontend\node_modules\expo-modules-core\android\build\tmp\kotlin-classes\release\expo\modules\kotlin\viewevent\ViewEventDelegate.class
Sources:
D:\aarambh\frontend\node_modules\expo-modules-core\android\src\main\java\expo\modules\kotlin\viewevent\ViewEventDelegate.kt
2026-08-14 11:39:20.324 [daemon] INFO: Message: output: output:
D:\aarambh\frontend\node_modules\expo-modules-core\android\build\tmp\kotlin-classes\release\expo\modules\kotlin\viewevent\ViewEventDelegateKt.class
Sources:
D:\aarambh\frontend\node_modules\expo-modules-core\android\src\main\java\expo\modules\kotlin\viewevent\ViewEventDelegate.kt
2026-08-14 11:39:20.324 [daemon] INFO: Message: output: output:
D:\aarambh\frontend\node_modules\expo-modules-core\android\build\tmp\kotlin-classes\release\expo\modules\kotlin\views\AnyViewProp.class
Sources:
D:\aarambh\frontend\node_modules\expo-modules-core\android\src\main\java\expo\modules\kotlin\views\AnyViewProp.kt
2026-08-14 11:39:20.324 [daemon] INFO: Message: output: output:
D:\aarambh\frontend\node_modules\expo-modules-core\android\build\tmp\kotlin-classes\release\expo\modules\kotlin\views\CallbacksDefinition.class
Sources:
D:\aarambh\frontend\node_modules\expo-modules-core\android\src\main\java\expo\modules\kotlin\views\CallbacksDefinition.kt
2026-08-14 11:39:20.324 [daemon] INFO: Message: output: output:
D:\aarambh\frontend\node_modules\expo-modules-core\android\build\tmp\kotlin-classes\release\expo\modules\kotlin\views\ConcreteViewProp.class
Sources:
D:\aarambh\frontend\node_modules\expo-modules-core\android\src\main\java\expo\modules\kotlin\views\ConcreteViewProp.kt
2026-08-14 11:39:20.326 [daemon] INFO: Message: output: output:
D:\aarambh\frontend\node_modules\expo-modules-core\android\build\tmp\kotlin-classes\release\expo\modules\kotlin\views\ConcreteViewPropWithDefault.class
Sources:
D:\aarambh\frontend\node_modules\expo-modules-core\android\src\main\java\expo\modules\kotlin\views\ConcreteViewProp.kt
2026-08-14 11:39:20.326 [daemon] INFO: Message: output: output:
D:\aarambh\frontend\node_modules\expo-modules-core\android\build\tmp\kotlin-classes\release\expo\modules\kotlin\views\ErrorView.class
Sources:
D:\aarambh\frontend\node_modules\expo-modules-core\android\src\main\java\expo\modules\kotlin\views\ErrorView.kt
2026-08-14 11:39:20.326 [daemon] INFO: Message: output: output:
D:\aarambh\frontend\node_modules\expo-modules-core\android\build\tmp\kotlin-classes\release\expo\modules\kotlin\views\ErrorGroupView.class
Sources:
D:\aarambh\frontend\node_modules\expo-modules-core\android\src\main\java\expo\modules\kotlin\views\ErrorView.kt
2026-08-14 11:39:20.326 [daemon] INFO: Message: output: output:
D:\aarambh\frontend\node_modules\expo-modules-core\android\build\tmp\kotlin-classes\release\expo\modules\kotlin\views\ErrorViewKt.class
Sources:
D:\aarambh\frontend\node_modules\expo-modules-core\android\src\main\java\expo\modules\kotlin\views\ErrorView.kt
2026-08-14 11:39:20.326 [daemon] INFO: Message: output: output:
D:\aarambh\frontend\node_modules\expo-modules-core\android\build\tmp\kotlin-classes\release\expo\modules\kotlin\views\ExpoView.class
Sources:
D:\aarambh\frontend\node_modules\expo-modules-core\android\src\main\java\expo\modules\kotlin\views\ExpoView.kt
2026-08-14 11:39:20.326 [daemon] INFO: Message: output: output:
D:\aarambh\frontend\node_modules\expo-modules-core\android\build\tmp\kotlin-classes\release\expo\modules\kotlin\views\FilteredReadableMapKeySetIterator.class
Sources:
D:\aarambh\frontend\node_modules\expo-modules-core\android\src\main\java\expo\modules\kotlin\views\FilteredReadableMap.kt
2026-08-14 11:39:20.326 [daemon] INFO: Message: output: output:
D:\aarambh\frontend\node_modules\expo-modules-core\android\build\tmp\kotlin-classes\release\expo\modules\kotlin\views\FilteredReadableMap.class
Sources:
D:\aarambh\frontend\node_modules\expo-modules-core\android\src\main\java\expo\modules\kotlin\views\FilteredReadableMap.kt
2026-08-14 11:39:20.326 [daemon] INFO: Message: output: output:
D:\aarambh\frontend\node_modules\expo-modules-core\android\build\tmp\kotlin-classes\release\expo\modules\kotlin\views\GroupViewManagerWrapper.class
Sources:
D:\aarambh\frontend\node_modules\expo-modules-core\android\src\main\java\expo\modules\kotlin\views\GroupViewManagerWrapper.kt
2026-08-14 11:39:20.327 [daemon] INFO: Message: output: output:
D:\aarambh\frontend\node_modules\expo-modules-core\android\build\tmp\kotlin-classes\release\expo\modules\kotlin\views\ShadowNodeProxy.class
Sources:
D:\aarambh\frontend\node_modules\expo-modules-core\android\src\main\java\expo\modules\kotlin\views\ShadowNodeProxy.kt
2026-08-14 11:39:20.327 [daemon] INFO: Message: output: output:
D:\aarambh\frontend\node_modules\expo-modules-core\android\build\tmp\kotlin-classes\release\expo\modules\kotlin\views\SimpleViewManagerWrapper.class
Sources:
D:\aarambh\frontend\node_modules\expo-modules-core\android\src\main\java\expo\modules\kotlin\views\SimpleViewManagerWrapper.kt
2026-08-14 11:39:20.327 [daemon] INFO: Message: output: output:
D:\aarambh\frontend\node_modules\expo-modules-core\android\build\tmp\kotlin-classes\release\expo\modules\kotlin\views\ViewDefinitionBuilder.class
Sources:
D:\aarambh\frontend\node_modules\expo-modules-core\android\src\main\java\expo\modules\kotlin\views\ViewDefinitionBuilder.kt
2026-08-14 11:39:20.327 [daemon] INFO: Message: output: output:
D:\aarambh\frontend\node_modules\expo-modules-core\android\build\tmp\kotlin-classes\release\expo\modules\kotlin\views\ViewDefinitionBuilder$OnViewDestroys$1.class
Sources:
D:\aarambh\frontend\node_modules\expo-modules-core\android\src\main\java\expo\modules\kotlin\views\ViewDefinitionBuilder.kt
2026-08-14 11:39:20.327 [daemon] INFO: Message: output: output:
D:\aarambh\frontend\node_modules\expo-modules-core\android\build\tmp\kotlin-classes\release\expo\modules\kotlin\views\ViewDefinitionBuilder$OnViewDestroys$2.class
Sources:
D:\aarambh\frontend\node_modules\expo-modules-core\android\src\main\java\expo\modules\kotlin\views\ViewDefinitionBuilder.kt
2026-08-14 11:39:20.327 [daemon] INFO: Message: output: output:
D:\aarambh\frontend\node_modules\expo-modules-core\android\build\tmp\kotlin-classes\release\expo\modules\kotlin\views\ViewDefinitionBuilder$OnViewDidUpdateProps$1.class
Sources:
D:\aarambh\frontend\node_modules\expo-modules-core\android\src\main\java\expo\modules\kotlin\views\ViewDefinitionBuilder.kt
2026-08-14 11:39:20.327 [daemon] INFO: Message: output: output:
D:\aarambh\frontend\node_modules\expo-modules-core\android\build\tmp\kotlin-classes\release\expo\modules\kotlin\views\ViewDefinitionBuilder$OnViewDidUpdateProps$2.class
Sources:
D:\aarambh\frontend\node_modules\expo-modules-core\android\src\main\java\expo\modules\kotlin\views\ViewDefinitionBuilder.kt
2026-08-14 11:39:20.327 [daemon] INFO: Message: output: output:
D:\aarambh\frontend\node_modules\expo-modules-core\android\build\tmp\kotlin-classes\release\expo\modules\kotlin\views\ViewDefinitionBuilder$Prop$$inlined$toAnyType$default$1.class
Sources:
D:\aarambh\frontend\node_modules\expo-modules-core\android\src\main\java\expo\modules\kotlin\views\ViewDefinitionBuilder.kt
2026-08-14 11:39:20.328 [daemon] INFO: Message: output: output:
D:\aarambh\frontend\node_modules\expo-modules-core\android\build\tmp\kotlin-classes\release\expo\modules\kotlin\views\ViewDefinitionBuilder$Prop$$inlined$toAnyType$default$2.class
Sources:
D:\aarambh\frontend\node_modules\expo-modules-core\android\src\main\java\expo\modules\kotlin\views\ViewDefinitionBuilder.kt
2026-08-14 11:39:20.328 [daemon] INFO: Message: output: output:
D:\aarambh\frontend\node_modules\expo-modules-core\android\build\tmp\kotlin-classes\release\expo\modules\kotlin\views\ViewDefinitionBuilder$Prop$$inlined$toAnyType$default$3.class
Sources:
D:\aarambh\frontend\node_modules\expo-modules-core\android\src\main\java\expo\modules\kotlin\views\ViewDefinitionBuilder.kt
2026-08-14 11:39:20.328 [daemon] INFO: Message: output: output:
D:\aarambh\frontend\node_modules\expo-modules-core\android\build\tmp\kotlin-classes\release\expo\modules\kotlin\views\ViewDefinitionBuilder$PropGroup$1.class
Sources:
D:\aarambh\frontend\node_modules\expo-modules-core\android\src\main\java\expo\modules\kotlin\views\ViewDefinitionBuilder.kt
2026-08-14 11:39:20.328 [daemon] INFO: Message: output: output:
D:\aarambh\frontend\node_modules\expo-modules-core\android\build\tmp\kotlin-classes\release\expo\modules\kotlin\views\ViewDefinitionBuilder$PropGroup$$inlined$PropGeneric$1.class
Sources:
D:\aarambh\frontend\node_modules\expo-modules-core\android\src\main\java\expo\modules\kotlin\views\ViewDefinitionBuilder.kt
2026-08-14 11:39:20.328 [daemon] INFO: Message: output: output:
D:\aarambh\frontend\node_modules\expo-modules-core\android\build\tmp\kotlin-classes\release\expo\modules\kotlin\views\ViewDefinitionBuilder$PropGroup$2$1.class
Sources:
D:\aarambh\frontend\node_modules\expo-modules-core\android\src\main\java\expo\modules\kotlin\views\ViewDefinitionBuilder.kt
2026-08-14 11:39:20.328 [daemon] INFO: Message: output: output:
D:\aarambh\frontend\node_modules\expo-modules-core\android\build\tmp\kotlin-classes\release\expo\modules\kotlin\views\ViewDefinitionBuilder$PropGroup$lambda$2$$inlined$PropGeneric$1.class
Sources:
D:\aarambh\frontend\node_modules\expo-modules-core\android\src\main\java\expo\modules\kotlin\views\ViewDefinitionBuilder.kt
2026-08-14 11:39:20.328 [daemon] INFO: Message: output: output:
D:\aarambh\frontend\node_modules\expo-modules-core\android\build\tmp\kotlin-classes\release\expo\modules\kotlin\views\ViewDefinitionBuilder$PropGroup$$inlined$forEachIndexed$lambda$1.class
Sources:
D:\aarambh\frontend\node_modules\expo-modules-core\android\src\main\java\expo\modules\kotlin\views\ViewDefinitionBuilder.kt
2026-08-14 11:39:20.328 [daemon] INFO: Message: output: output:
D:\aarambh\frontend\node_modules\expo-modules-core\android\build\tmp\kotlin-classes\release\expo\modules\kotlin\views\ViewDefinitionBuilder$AsyncFunction$1.class
Sources:
D:\aarambh\frontend\node_modules\expo-modules-core\android\src\main\java\expo\modules\kotlin\views\ViewDefinitionBuilder.kt
2026-08-14 11:39:20.328 [daemon] INFO: Message: output: output:
D:\aarambh\frontend\node_modules\expo-modules-core\android\build\tmp\kotlin-classes\release\expo\modules\kotlin\views\ViewDefinitionBuilder$AsyncFunction$3.class
Sources:
D:\aarambh\frontend\node_modules\expo-modules-core\android\src\main\java\expo\modules\kotlin\views\ViewDefinitionBuilder.kt
2026-08-14 11:39:20.329 [daemon] INFO: Message: output: output:
D:\aarambh\frontend\node_modules\expo-modules-core\android\build\tmp\kotlin-classes\release\expo\modules\kotlin\views\ViewDefinitionBuilder$AsyncFunction$5.class
Sources:
D:\aarambh\frontend\node_modules\expo-modules-core\android\src\main\java\expo\modules\kotlin\views\ViewDefinitionBuilder.kt
2026-08-14 11:39:20.329 [daemon] INFO: Message: output: output:
D:\aarambh\frontend\node_modules\expo-modules-core\android\build\tmp\kotlin-classes\release\expo\modules\kotlin\views\ViewDefinitionBuilder$AsyncFunction$$inlined$toArgsArray$default$1.class
Sources:
D:\aarambh\frontend\node_modules\expo-modules-core\android\src\main\java\expo\modules\kotlin\views\ViewDefinitionBuilder.kt
2026-08-14 11:39:20.329 [daemon] INFO: Message: output: output:
D:\aarambh\frontend\node_modules\expo-modules-core\android\build\tmp\kotlin-classes\release\expo\modules\kotlin\views\ViewDefinitionBuilder$AsyncFunction$6.class
Sources:
D:\aarambh\frontend\node_modules\expo-modules-core\android\src\main\java\expo\modules\kotlin\views\ViewDefinitionBuilder.kt
2026-08-14 11:39:20.329 [daemon] INFO: Message: output: output:
D:\aarambh\frontend\node_modules\expo-modules-core\android\build\tmp\kotlin-classes\release\expo\modules\kotlin\views\ViewDefinitionBuilder$AsyncFunction$$inlined$toArgsArray$default$2.class
Sources:
D:\aarambh\frontend\node_modules\expo-modules-core\android\src\main\java\expo\modules\kotlin\views\ViewDefinitionBuilder.kt
2026-08-14 11:39:20.329 [daemon] INFO: Message: output: output:
D:\aarambh\frontend\node_modules\expo-modules-core\android\build\tmp\kotlin-classes\release\expo\modules\kotlin\views\ViewDefinitionBuilder$AsyncFunction$$inlined$toArgsArray$default$3.class
Sources:
D:\aarambh\frontend\node_modules\expo-modules-core\android\src\main\java\expo\modules\kotlin\views\ViewDefinitionBuilder.kt
2026-08-14 11:39:20.329 [daemon] INFO: Message: output: output:
D:\aarambh\frontend\node_modules\expo-modules-core\android\build\tmp\kotlin-classes\release\expo\modules\kotlin\views\ViewDefinitionBuilder$AsyncFunction$8.class
Sources:
D:\aarambh\frontend\node_modules\expo-modules-core\android\src\main\java\expo\modules\kotlin\views\ViewDefinitionBuilder.kt
2026-08-14 11:39:20.329 [daemon] INFO: Message: output: output:
D:\aarambh\frontend\node_modules\expo-modules-core\android\build\tmp\kotlin-classes\release\expo\modules\kotlin\views\ViewDefinitionBuilder$AsyncFunction$$inlined$toArgsArray$default$4.class
Sources:
D:\aarambh\frontend\node_modules\expo-modules-core\android\src\main\java\expo\modules\kotlin\views\ViewDefinitionBuilder.kt
2026-08-14 11:39:20.329 [daemon] INFO: Message: output: output:
D:\aarambh\frontend\node_modules\expo-modules-core\android\build\tmp\kotlin-classes\release\expo\modules\kotlin\views\ViewDefinitionBuilder$AsyncFunction$10.class
Sources:
D:\aarambh\frontend\node_modules\expo-modules-core\android\src\main\java\expo\modules\kotlin\views\ViewDefinitionBuilder.kt
2026-08-14 11:39:20.329 [daemon] INFO: Message: output: output:
D:\aarambh\frontend\node_modules\expo-modules-core\android\build\tmp\kotlin-classes\release\expo\modules\kotlin\views\ViewDefinitionBuilder$AsyncFunction$$inlined$toArgsArray$default$5.class
Sources:
D:\aarambh\frontend\node_modules\expo-modules-core\android\src\main\java\expo\modules\kotlin\views\ViewDefinitionBuilder.kt
2026-08-14 11:39:20.330 [daemon] INFO: Message: output: output:
D:\aarambh\frontend\node_modules\expo-modules-core\android\build\tmp\kotlin-classes\release\expo\modules\kotlin\views\ViewDefinitionBuilder$AsyncFunction$$inlined$toArgsArray$default$6.class
Sources:
D:\aarambh\frontend\node_modules\expo-modules-core\android\src\main\java\expo\modules\kotlin\views\ViewDefinitionBuilder.kt
2026-08-14 11:39:20.330 [daemon] INFO: Message: output: output:
D:\aarambh\frontend\node_modules\expo-modules-core\android\build\tmp\kotlin-classes\release\expo\modules\kotlin\views\ViewDefinitionBuilder$AsyncFunction$$inlined$toArgsArray$default$7.class
Sources:
D:\aarambh\frontend\node_modules\expo-modules-core\android\src\main\java\expo\modules\kotlin\views\ViewDefinitionBuilder.kt
2026-08-14 11:39:20.330 [daemon] INFO: Message: output: output:
D:\aarambh\frontend\node_modules\expo-modules-core\android\build\tmp\kotlin-classes\release\expo\modules\kotlin\views\ViewDefinitionBuilder$AsyncFunction$12.class
Sources:
D:\aarambh\frontend\node_modules\expo-modules-core\android\src\main\java\expo\modules\kotlin\views\ViewDefinitionBuilder.kt
2026-08-14 11:39:20.330 [daemon] INFO: Message: output: output:
D:\aarambh\frontend\node_modules\expo-modules-core\android\build\tmp\kotlin-classes\release\expo\modules\kotlin\views\ViewDefinitionBuilder$AsyncFunction$$inlined$toArgsArray$default$8.class
Sources:
D:\aarambh\frontend\node_modules\expo-modules-core\android\src\main\java\expo\modules\kotlin\views\ViewDefinitionBuilder.kt
2026-08-14 11:39:20.330 [daemon] INFO: Message: output: output:
D:\aarambh\frontend\node_modules\expo-modules-core\android\build\tmp\kotlin-classes\release\expo\modules\kotlin\views\ViewDefinitionBuilder$AsyncFunction$$inlined$toArgsArray$default$9.class
Sources:
D:\aarambh\frontend\node_modules\expo-modules-core\android\src\main\java\expo\modules\kotlin\views\ViewDefinitionBuilder.kt
2026-08-14 11:39:20.330 [daemon] INFO: Message: output: output:
D:\aarambh\frontend\node_modules\expo-modules-core\android\build\tmp\kotlin-classes\release\expo\modules\kotlin\views\ViewDefinitionBuilder$AsyncFunction$14.class
Sources:
D:\aarambh\frontend\node_modules\expo-modules-core\android\src\main\java\expo\modules\kotlin\views\ViewDefinitionBuilder.kt
2026-08-14 11:39:20.330 [daemon] INFO: Message: output: output:
D:\aarambh\frontend\node_modules\expo-modules-core\android\build\tmp\kotlin-classes\release\expo\modules\kotlin\views\ViewDefinitionBuilder$AsyncFunction$$inlined$toArgsArray$default$10.class
Sources:
D:\aarambh\frontend\node_modules\expo-modules-core\android\src\main\java\expo\modules\kotlin\views\ViewDefinitionBuilder.kt
2026-08-14 11:39:20.330 [daemon] INFO: Message: output: output:
D:\aarambh\frontend\node_modules\expo-modules-core\android\build\tmp\kotlin-classes\release\expo\modules\kotlin\views\ViewDefinitionBuilder$AsyncFunction$$inlined$toArgsArray$default$11.class
Sources:
D:\aarambh\frontend\node_modules\expo-modules-core\android\src\main\java\expo\modules\kotlin\views\ViewDefinitionBuilder.kt
2026-08-14 11:39:20.331 [daemon] INFO: Message: output: output:
D:\aarambh\frontend\node_modules\expo-modules-core\android\build\tmp\kotlin-classes\release\expo\modules\kotlin\views\ViewDefinitionBuilder$AsyncFunction$$inlined$toArgsArray$default$12.class
Sources:
D:\aarambh\frontend\node_modules\expo-modules-core\android\src\main\java\expo\modules\kotlin\views\ViewDefinitionBuilder.kt
2026-08-14 11:39:20.331 [daemon] INFO: Message: output: output:
D:\aarambh\frontend\node_modules\expo-modules-core\android\build\tmp\kotlin-classes\release\expo\modules\kotlin\views\ViewDefinitionBuilder$AsyncFunction$$inlined$toArgsArray$default$13.class
Sources:
D:\aarambh\frontend\node_modules\expo-modules-core\android\src\main\java\expo\modules\kotlin\views\ViewDefinitionBuilder.kt
2026-08-14 11:39:20.331 [daemon] INFO: Message: output: output:
D:\aarambh\frontend\node_modules\expo-modules-core\android\build\tmp\kotlin-classes\release\expo\modules\kotlin\views\ViewDefinitionBuilder$AsyncFunction$16.class
Sources:
D:\aarambh\frontend\node_modules\expo-modules-core\android\src\main\java\expo\modules\kotlin\views\ViewDefinitionBuilder.kt
2026-08-14 11:39:20.331 [daemon] INFO: Message: output: output:
D:\aarambh\frontend\node_modules\expo-modules-core\android\build\tmp\kotlin-classes\release\expo\modules\kotlin\views\ViewDefinitionBuilder$AsyncFunction$$inlined$toArgsArray$default$14.class
Sources:
D:\aarambh\frontend\node_modules\expo-modules-core\android\src\main\java\expo\modules\kotlin\views\ViewDefinitionBuilder.kt
2026-08-14 11:39:20.331 [daemon] INFO: Message: output: output:
D:\aarambh\frontend\node_modules\expo-modules-core\android\build\tmp\kotlin-classes\release\expo\modules\kotlin\views\ViewDefinitionBuilder$AsyncFunction$$inlined$toArgsArray$default$15.class
Sources:
D:\aarambh\frontend\node_modules\expo-modules-core\android\src\main\java\expo\modules\kotlin\views\ViewDefinitionBuilder.kt
2026-08-14 11:39:20.331 [daemon] INFO: Message: output: output:
D:\aarambh\frontend\node_modules\expo-modules-core\android\build\tmp\kotlin-classes\release\expo\modules\kotlin\views\ViewDefinitionBuilder$AsyncFunction$$inlined$toArgsArray$default$16.class
Sources:
D:\aarambh\frontend\node_modules\expo-modules-core\android\src\main\java\expo\modules\kotlin\views\ViewDefinitionBuilder.kt
2026-08-14 11:39:20.332 [daemon] INFO: Message: output: output:
D:\aarambh\frontend\node_modules\expo-modules-core\android\build\tmp\kotlin-classes\release\expo\modules\kotlin\views\ViewDefinitionBuilder$AsyncFunction$18.class
Sources:
D:\aarambh\frontend\node_modules\expo-modules-core\android\src\main\java\expo\modules\kotlin\views\ViewDefinitionBuilder.kt
2026-08-14 11:39:20.332 [daemon] INFO: Message: output: output:
D:\aarambh\frontend\node_modules\expo-modules-core\android\build\tmp\kotlin-classes\release\expo\modules\kotlin\views\ViewDefinitionBuilder$AsyncFunction$$inlined$toArgsArray$default$17.class
Sources:
D:\aarambh\frontend\node_modules\expo-modules-core\android\src\main\java\expo\modules\kotlin\views\ViewDefinitionBuilder.kt
2026-08-14 11:39:20.332 [daemon] INFO: Message: output: output:
D:\aarambh\frontend\node_modules\expo-modules-core\android\build\tmp\kotlin-classes\release\expo\modules\kotlin\views\ViewDefinitionBuilder$AsyncFunction$$inlined$toArgsArray$default$18.class
Sources:
D:\aarambh\frontend\node_modules\expo-modules-core\android\src\main\java\expo\modules\kotlin\views\ViewDefinitionBuilder.kt
2026-08-14 11:39:20.332 [daemon] INFO: Message: output: output:
D:\aarambh\frontend\node_modules\expo-modules-core\android\build\tmp\kotlin-classes\release\expo\modules\kotlin\views\ViewDefinitionBuilder$AsyncFunction$$inlined$toArgsArray$default$19.class
Sources:
D:\aarambh\frontend\node_modules\expo-modules-core\android\src\main\java\expo\modules\kotlin\views\ViewDefinitionBuilder.kt
2026-08-14 11:39:20.332 [daemon] INFO: Message: output: output:
D:\aarambh\frontend\node_modules\expo-modules-core\android\build\tmp\kotlin-classes\release\expo\modules\kotlin\views\ViewDefinitionBuilder$AsyncFunction$$inlined$toArgsArray$default$20.class
Sources:
D:\aarambh\frontend\node_modules\expo-modules-core\android\src\main\java\expo\modules\kotlin\views\ViewDefinitionBuilder.kt
2026-08-14 11:39:20.332 [daemon] INFO: Message: output: output:
D:\aarambh\frontend\node_modules\expo-modules-core\android\build\tmp\kotlin-classes\release\expo\modules\kotlin\views\ViewDefinitionBuilder$AsyncFunction$$inlined$toArgsArray$default$21.class
Sources:
D:\aarambh\frontend\node_modules\expo-modules-core\android\src\main\java\expo\modules\kotlin\views\ViewDefinitionBuilder.kt
2026-08-14 11:39:20.332 [daemon] INFO: Message: output: output:
D:\aarambh\frontend\node_modules\expo-modules-core\android\build\tmp\kotlin-classes\release\expo\modules\kotlin\views\ViewDefinitionBuilder$AsyncFunction$20.class
Sources:
D:\aarambh\frontend\node_modules\expo-modules-core\android\src\main\java\expo\modules\kotlin\views\ViewDefinitionBuilder.kt
2026-08-14 11:39:20.332 [daemon] INFO: Message: output: output:
D:\aarambh\frontend\node_modules\expo-modules-core\android\build\tmp\kotlin-classes\release\expo\modules\kotlin\views\ViewDefinitionBuilder$AsyncFunction$$inlined$toArgsArray$default$22.class
Sources:
D:\aarambh\frontend\node_modules\expo-modules-core\android\src\main\java\expo\modules\kotlin\views\ViewDefinitionBuilder.kt
2026-08-14 11:39:20.332 [daemon] INFO: Message: output: output:
D:\aarambh\frontend\node_modules\expo-modules-core\android\build\tmp\kotlin-classes\release\expo\modules\kotlin\views\ViewDefinitionBuilder$AsyncFunction$$inlined$toArgsArray$default$23.class
Sources:
D:\aarambh\frontend\node_modules\expo-modules-core\android\src\main\java\expo\modules\kotlin\views\ViewDefinitionBuilder.kt
2026-08-14 11:39:20.332 [daemon] INFO: Message: output: output:
D:\aarambh\frontend\node_modules\expo-modules-core\android\build\tmp\kotlin-classes\release\expo\modules\kotlin\views\ViewDefinitionBuilder$AsyncFunction$$inlined$toArgsArray$default$24.class
Sources:
D:\aarambh\frontend\node_modules\expo-modules-core\android\src\main\java\expo\modules\kotlin\views\ViewDefinitionBuilder.kt
2026-08-14 11:39:20.333 [daemon] INFO: Message: output: output:
D:\aarambh\frontend\node_modules\expo-modules-core\android\build\tmp\kotlin-classes\release\expo\modules\kotlin\views\ViewDefinitionBuilder$AsyncFunction$$inlined$toArgsArray$default$25.class
Sources:
D:\aarambh\frontend\node_modules\expo-modules-core\android\src\main\java\expo\modules\kotlin\views\ViewDefinitionBuilder.kt
2026-08-14 11:39:20.333 [daemon] INFO: Message: output: output:
D:\aarambh\frontend\node_modules\expo-modules-core\android\build\tmp\kotlin-classes\release\expo\modules\kotlin\views\ViewDefinitionBuilder$AsyncFunction$22.class
Sources:
D:\aarambh\frontend\node_modules\expo-modules-core\android\src\main\java\expo\modules\kotlin\views\ViewDefinitionBuilder.kt
2026-08-14 11:39:20.333 [daemon] INFO: Message: output: output:
D:\aarambh\frontend\node_modules\expo-modules-core\android\build\tmp\kotlin-classes\release\expo\modules\kotlin\views\ViewDefinitionBuilder$AsyncFunction$$inlined$toArgsArray$default$26.class
Sources:
D:\aarambh\frontend\node_modules\expo-modules-core\android\src\main\java\expo\modules\kotlin\views\ViewDefinitionBuilder.kt
2026-08-14 11:39:20.333 [daemon] INFO: Message: output: output:
D:\aarambh\frontend\node_modules\expo-modules-core\android\build\tmp\kotlin-classes\release\expo\modules\kotlin\views\ViewDefinitionBuilder$AsyncFunction$$inlined$toArgsArray$default$27.class
Sources:
D:\aarambh\frontend\node_modules\expo-modules-core\android\src\main\java\expo\modules\kotlin\views\ViewDefinitionBuilder.kt
2026-08-14 11:39:20.333 [daemon] INFO: Message: output: output:
D:\aarambh\frontend\node_modules\expo-modules-core\android\build\tmp\kotlin-classes\release\expo\modules\kotlin\views\ViewDefinitionBuilder$AsyncFunction$$inlined$toArgsArray$default$28.class
Sources:
D:\aarambh\frontend\node_modules\expo-modules-core\android\src\main\java\expo\modules\kotlin\views\ViewDefinitionBuilder.kt
2026-08-14 11:39:20.333 [daemon] INFO: Message: output: output:
D:\aarambh\frontend\node_modules\expo-modules-core\android\build\tmp\kotlin-classes\release\expo\modules\kotlin\views\ViewDefinitionBuilder$AsyncFunction$$inlined$toArgsArray$default$29.class
Sources:
D:\aarambh\frontend\node_modules\expo-modules-core\android\src\main\java\expo\modules\kotlin\views\ViewDefinitionBuilder.kt
2026-08-14 11:39:20.333 [daemon] INFO: Message: output: output:
D:\aarambh\frontend\node_modules\expo-modules-core\android\build\tmp\kotlin-classes\release\expo\modules\kotlin\views\ViewDefinitionBuilder$AsyncFunction$$inlined$toArgsArray$default$30.class
Sources:
D:\aarambh\frontend\node_modules\expo-modules-core\android\src\main\java\expo\modules\kotlin\views\ViewDefinitionBuilder.kt
2026-08-14 11:39:20.333 [daemon] INFO: Message: output: output:
D:\aarambh\frontend\node_modules\expo-modules-core\android\build\tmp\kotlin-classes\release\expo\modules\kotlin\views\ViewDefinitionBuilder$AsyncFunction$$inlined$toArgsArray$default$31.class
Sources:
D:\aarambh\frontend\node_modules\expo-modules-core\android\src\main\java\expo\modules\kotlin\views\ViewDefinitionBuilder.kt
2026-08-14 11:39:20.333 [daemon] INFO: Message: output: output:
D:\aarambh\frontend\node_modules\expo-modules-core\android\build\tmp\kotlin-classes\release\expo\modules\kotlin\views\ViewDefinitionBuilder$AsyncFunction$24.class
Sources:
D:\aarambh\frontend\node_modules\expo-modules-core\android\src\main\java\expo\modules\kotlin\views\ViewDefinitionBuilder.kt
2026-08-14 11:39:20.333 [daemon] INFO: Message: output: output:
D:\aarambh\frontend\node_modules\expo-modules-core\android\build\tmp\kotlin-classes\release\expo\modules\kotlin\views\ViewDefinitionBuilder$AsyncFunction$$inlined$toArgsArray$default$32.class
Sources:
D:\aarambh\frontend\node_modules\expo-modules-core\android\src\main\java\expo\modules\kotlin\views\ViewDefinitionBuilder.kt
2026-08-14 11:39:20.334 [daemon] INFO: Message: output: output:
D:\aarambh\frontend\node_modules\expo-modules-core\android\build\tmp\kotlin-classes\release\expo\modules\kotlin\views\ViewDefinitionBuilder$AsyncFunction$$inlined$toArgsArray$default$33.class
Sources:
D:\aarambh\frontend\node_modules\expo-modules-core\android\src\main\java\expo\modules\kotlin\views\ViewDefinitionBuilder.kt
2026-08-14 11:39:20.334 [daemon] INFO: Message: output: output:
D:\aarambh\frontend\node_modules\expo-modules-core\android\build\tmp\kotlin-classes\release\expo\modules\kotlin\views\ViewDefinitionBuilder$AsyncFunction$$inlined$toArgsArray$default$34.class
Sources:
D:\aarambh\frontend\node_modules\expo-modules-core\android\src\main\java\expo\modules\kotlin\views\ViewDefinitionBuilder.kt
2026-08-14 11:39:20.334 [daemon] INFO: Message: output: output:
D:\aarambh\frontend\node_modules\expo-modules-core\android\build\tmp\kotlin-classes\release\expo\modules\kotlin\views\ViewDefinitionBuilder$AsyncFunction$$inlined$toArgsArray$default$35.class
Sources:
D:\aarambh\frontend\node_modules\expo-modules-core\android\src\main\java\expo\modules\kotlin\views\ViewDefinitionBuilder.kt
2026-08-14 11:39:20.334 [daemon] INFO: Message: output: output:
D:\aarambh\frontend\node_modules\expo-modules-core\android\build\tmp\kotlin-classes\release\expo\modules\kotlin\views\ViewDefinitionBuilder$AsyncFunction$$inlined$toArgsArray$default$36.class
Sources:
D:\aarambh\frontend\node_modules\expo-modules-core\android\src\main\java\expo\modules\kotlin\views\ViewDefinitionBuilder.kt
2026-08-14 11:39:20.334 [daemon] INFO: Message: output: output:
D:\aarambh\frontend\node_modules\expo-modules-core\android\build\tmp\kotlin-classes\release\expo\modules\kotlin\views\ViewDefinitionBuilder$AsyncFunction$26.class
Sources:
D:\aarambh\frontend\node_modules\expo-modules-core\android\src\main\java\expo\modules\kotlin\views\ViewDefinitionBuilder.kt
2026-08-14 11:39:20.334 [daemon] INFO: Message: output: output:
D:\aarambh\frontend\node_modules\expo-modules-core\android\build\tmp\kotlin-classes\release\expo\modules\kotlin\views\ViewDefinitionBuilder$AsyncFunction$$inlined$toArgsArray$default$37.class
Sources:
D:\aarambh\frontend\node_modules\expo-modules-core\android\src\main\java\expo\modules\kotlin\views\ViewDefinitionBuilder.kt
2026-08-14 11:39:20.336 [daemon] INFO: Message: output: output:
D:\aarambh\frontend\node_modules\expo-modules-core\android\build\tmp\kotlin-classes\release\expo\modules\kotlin\views\ViewDefinitionBuilder$AsyncFunction$$inlined$toArgsArray$default$38.class
Sources:
D:\aarambh\frontend\node_modules\expo-modules-core\android\src\main\java\expo\modules\kotlin\views\ViewDefinitionBuilder.kt
2026-08-14 11:39:20.338 [daemon] INFO: Message: output: output:
D:\aarambh\frontend\node_modules\expo-modules-core\android\build\tmp\kotlin-classes\release\expo\modules\kotlin\views\ViewDefinitionBuilder$AsyncFunction$$inlined$toArgsArray$default$39.class
Sources:
D:\aarambh\frontend\node_modules\expo-modules-core\android\src\main\java\expo\modules\kotlin\views\ViewDefinitionBuilder.kt
2026-08-14 11:39:20.339 [daemon] INFO: Message: output: output:
D:\aarambh\frontend\node_modules\expo-modules-core\android\build\tmp\kotlin-classes\release\expo\modules\kotlin\views\ViewDefinitionBuilder$AsyncFunction$$inlined$toArgsArray$default$40.class
Sources:
D:\aarambh\frontend\node_modules\expo-modules-core\android\src\main\java\expo\modules\kotlin\views\ViewDefinitionBuilder.kt
2026-08-14 11:39:20.339 [daemon] INFO: Message: output: output:
D:\aarambh\frontend\node_modules\expo-modules-core\android\build\tmp\kotlin-classes\release\expo\modules\kotlin\views\ViewDefinitionBuilder$AsyncFunction$$inlined$toArgsArray$default$41.class
Sources:
D:\aarambh\frontend\node_modules\expo-modules-core\android\src\main\java\expo\modules\kotlin\views\ViewDefinitionBuilder.kt
2026-08-14 11:39:20.339 [daemon] INFO: Message: output: output:
D:\aarambh\frontend\node_modules\expo-modules-core\android\build\tmp\kotlin-classes\release\expo\modules\kotlin\views\ViewDefinitionBuilder$AsyncFunction$$inlined$toArgsArray$default$42.class
Sources:
D:\aarambh\frontend\node_modules\expo-modules-core\android\src\main\java\expo\modules\kotlin\views\ViewDefinitionBuilder.kt
2026-08-14 11:39:20.340 [daemon] INFO: Message: output: output:
D:\aarambh\frontend\node_modules\expo-modules-core\android\build\tmp\kotlin-classes\release\expo\modules\kotlin\views\ViewDefinitionBuilder$AsyncFunction$$inlined$toArgsArray$default$43.class
Sources:
D:\aarambh\frontend\node_modules\expo-modules-core\android\src\main\java\expo\modules\kotlin\views\ViewDefinitionBuilder.kt
2026-08-14 11:39:20.340 [daemon] INFO: Message: output: output:
D:\aarambh\frontend\node_modules\expo-modules-core\android\build\tmp\kotlin-classes\release\expo\modules\kotlin\views\ViewDefinitionBuilder$AsyncFunction$28.class
Sources:
D:\aarambh\frontend\node_modules\expo-modules-core\android\src\main\java\expo\modules\kotlin\views\ViewDefinitionBuilder.kt
2026-08-14 11:39:20.340 [daemon] INFO: Message: output: output:
D:\aarambh\frontend\node_modules\expo-modules-core\android\build\tmp\kotlin-classes\release\expo\modules\kotlin\views\ViewDefinitionBuilder$AsyncFunction$$inlined$toArgsArray$default$44.class
Sources:
D:\aarambh\frontend\node_modules\expo-modules-core\android\src\main\java\expo\modules\kotlin\views\ViewDefinitionBuilder.kt
2026-08-14 11:39:20.340 [daemon] INFO: Message: output: output:
D:\aarambh\frontend\node_modules\expo-modules-core\android\build\tmp\kotlin-classes\release\expo\modules\kotlin\views\ViewDefinitionBuilder$AsyncFunction$$inlined$toArgsArray$default$45.class
Sources:
D:\aarambh\frontend\node_modules\expo-modules-core\android\src\main\java\expo\modules\kotlin\views\ViewDefinitionBuilder.kt
2026-08-14 11:39:20.340 [daemon] INFO: Message: output: output:
D:\aarambh\frontend\node_modules\expo-modules-core\android\build\tmp\kotlin-classes\release\expo\modules\kotlin\views\ViewDefinitionBuilder$AsyncFunction$$inlined$toArgsArray$default$46.class
Sources:
D:\aarambh\frontend\node_modules\expo-modules-core\android\src\main\java\expo\modules\kotlin\views\ViewDefinitionBuilder.kt
2026-08-14 11:39:20.340 [daemon] INFO: Message: output: output:
D:\aarambh\frontend\node_modules\expo-modules-core\android\build\tmp\kotlin-classes\release\expo\modules\kotlin\views\ViewDefinitionBuilder$AsyncFunction$$inlined$toArgsArray$default$47.class
Sources:
D:\aarambh\frontend\node_modules\expo-modules-core\android\src\main\java\expo\modules\kotlin\views\ViewDefinitionBuilder.kt
2026-08-14 11:39:20.340 [daemon] INFO: Message: output: output:
D:\aarambh\frontend\node_modules\expo-modules-core\android\build\tmp\kotlin-classes\release\expo\modules\kotlin\views\ViewDefinitionBuilder$AsyncFunction$$inlined$toArgsArray$default$48.class
Sources:
D:\aarambh\frontend\node_modules\expo-modules-core\android\src\main\java\expo\modules\kotlin\views\ViewDefinitionBuilder.kt
2026-08-14 11:39:20.340 [daemon] INFO: Message: output: output:
D:\aarambh\frontend\node_modules\expo-modules-core\android\build\tmp\kotlin-classes\release\expo\modules\kotlin\views\ViewDefinitionBuilder$AsyncFunction$$inlined$toArgsArray$default$49.class
Sources:
D:\aarambh\frontend\node_modules\expo-modules-core\android\src\main\java\expo\modules\kotlin\views\ViewDefinitionBuilder.kt
2026-08-14 11:39:20.341 [daemon] INFO: Message: output: output:
D:\aarambh\frontend\node_modules\expo-modules-core\android\build\tmp\kotlin-classes\release\expo\modules\kotlin\views\ViewDefinitionBuilder$AsyncFunction$30.class
Sources:
D:\aarambh\frontend\node_modules\expo-modules-core\android\src\main\java\expo\modules\kotlin\views\ViewDefinitionBuilder.kt
2026-08-14 11:39:20.341 [daemon] INFO: Message: output: output:
D:\aarambh\frontend\node_modules\expo-modules-core\android\build\tmp\kotlin-classes\release\expo\modules\kotlin\views\ViewDefinitionBuilder$AsyncFunction$$inlined$toArgsArray$default$50.class
Sources:
D:\aarambh\frontend\node_modules\expo-modules-core\android\src\main\java\expo\modules\kotlin\views\ViewDefinitionBuilder.kt
2026-08-14 11:39:20.341 [daemon] INFO: Message: output: output:
D:\aarambh\frontend\node_modules\expo-modules-core\android\build\tmp\kotlin-classes\release\expo\modules\kotlin\views\ViewDefinitionBuilder$AsyncFunction$$inlined$toArgsArray$default$51.class
Sources:
D:\aarambh\frontend\node_modules\expo-modules-core\android\src\main\java\expo\modules\kotlin\views\ViewDefinitionBuilder.kt
2026-08-14 11:39:20.341 [daemon] INFO: Message: output: output:
D:\aarambh\frontend\node_modules\expo-modules-core\android\build\tmp\kotlin-classes\release\expo\modules\kotlin\views\ViewDefinitionBuilder$AsyncFunction$$inlined$toArgsArray$default$52.class
Sources:
D:\aarambh\frontend\node_modules\expo-modules-core\android\src\main\java\expo\modules\kotlin\views\ViewDefinitionBuilder.kt
2026-08-14 11:39:20.341 [daemon] INFO: Message: output: output:
D:\aarambh\frontend\node_modules\expo-modules-core\android\build\tmp\kotlin-classes\release\expo\modules\kotlin\views\ViewDefinitionBuilder$AsyncFunction$$inlined$toArgsArray$default$53.class
Sources:
D:\aarambh\frontend\node_modules\expo-modules-core\android\src\main\java\expo\modules\kotlin\views\ViewDefinitionBuilder.kt
2026-08-14 11:39:20.341 [daemon] INFO: Message: output: output:
D:\aarambh\frontend\node_modules\expo-modules-core\android\build\tmp\kotlin-classes\release\expo\modules\kotlin\views\ViewDefinitionBuilder$AsyncFunction$$inlined$toArgsArray$default$54.class
Sources:
D:\aarambh\frontend\node_modules\expo-modules-core\android\src\main\java\expo\modules\kotlin\views\ViewDefinitionBuilder.kt
2026-08-14 11:39:20.341 [daemon] INFO: Message: output: output:
D:\aarambh\frontend\node_modules\expo-modules-core\android\build\tmp\kotlin-classes\release\expo\modules\kotlin\views\ViewDefinitionBuilder$AsyncFunction$$inlined$toArgsArray$default$55.class
Sources:
D:\aarambh\frontend\node_modules\expo-modules-core\android\src\main\java\expo\modules\kotlin\views\ViewDefinitionBuilder.kt
2026-08-14 11:39:20.341 [daemon] INFO: Message: output: output:
D:\aarambh\frontend\node_modules\expo-modules-core\android\build\tmp\kotlin-classes\release\expo\modules\kotlin\views\ViewDefinitionBuilder$AsyncFunction$$inlined$toArgsArray$default$56.class
Sources:
D:\aarambh\frontend\node_modules\expo-modules-core\android\src\main\java\expo\modules\kotlin\views\ViewDefinitionBuilder.kt
2026-08-14 11:39:20.341 [daemon] INFO: Message: output: output:
D:\aarambh\frontend\node_modules\expo-modules-core\android\build\tmp\kotlin-classes\release\expo\modules\kotlin\views\ViewDefinitionBuilder$AsyncFunction$$inlined$toArgsArray$default$57.class
Sources:
D:\aarambh\frontend\node_modules\expo-modules-core\android\src\main\java\expo\modules\kotlin\views\ViewDefinitionBuilder.kt
2026-08-14 11:39:20.341 [daemon] INFO: Message: output: output:
D:\aarambh\frontend\node_modules\expo-modules-core\android\build\tmp\kotlin-classes\release\expo\modules\kotlin\views\ViewDefinitionBuilder$AsyncFunction$32.class
Sources:
D:\aarambh\frontend\node_modules\expo-modules-core\android\src\main\java\expo\modules\kotlin\views\ViewDefinitionBuilder.kt
2026-08-14 11:39:20.341 [daemon] INFO: Message: output: output:
D:\aarambh\frontend\node_modules\expo-modules-core\android\build\tmp\kotlin-classes\release\expo\modules\kotlin\views\ViewDefinitionBuilder$AsyncFunction$$inlined$toArgsArray$default$58.class
Sources:
D:\aarambh\frontend\node_modules\expo-modules-core\android\src\main\java\expo\modules\kotlin\views\ViewDefinitionBuilder.kt
2026-08-14 11:39:20.341 [daemon] INFO: Message: output: output:
D:\aarambh\frontend\node_modules\expo-modules-core\android\build\tmp\kotlin-classes\release\expo\modules\kotlin\views\ViewDefinitionBuilder$AsyncFunction$$inlined$toArgsArray$default$59.class
Sources:
D:\aarambh\frontend\node_modules\expo-modules-core\android\src\main\java\expo\modules\kotlin\views\ViewDefinitionBuilder.kt
2026-08-14 11:39:20.343 [daemon] INFO: Message: output: output:
D:\aarambh\frontend\node_modules\expo-modules-core\android\build\tmp\kotlin-classes\release\expo\modules\kotlin\views\ViewDefinitionBuilder$AsyncFunction$$inlined$toArgsArray$default$60.class
Sources:
D:\aarambh\frontend\node_modules\expo-modules-core\android\src\main\java\expo\modules\kotlin\views\ViewDefinitionBuilder.kt
2026-08-14 11:39:20.343 [daemon] INFO: Message: output: output:
D:\aarambh\frontend\node_modules\expo-modules-core\android\build\tmp\kotlin-classes\release\expo\modules\kotlin\views\ViewDefinitionBuilder$AsyncFunction$$inlined$toArgsArray$default$61.class
Sources:
D:\aarambh\frontend\node_modules\expo-modules-core\android\src\main\java\expo\modules\kotlin\views\ViewDefinitionBuilder.kt
2026-08-14 11:39:20.343 [daemon] INFO: Message: output: output:
D:\aarambh\frontend\node_modules\expo-modules-core\android\build\tmp\kotlin-classes\release\expo\modules\kotlin\views\ViewDefinitionBuilder$AsyncFunction$$inlined$toArgsArray$default$62.class
Sources:
D:\aarambh\frontend\node_modules\expo-modules-core\android\src\main\java\expo\modules\kotlin\views\ViewDefinitionBuilder.kt
2026-08-14 11:39:20.343 [daemon] INFO: Message: output: output:
D:\aarambh\frontend\node_modules\expo-modules-core\android\build\tmp\kotlin-classes\release\expo\modules\kotlin\views\ViewDefinitionBuilder$AsyncFunction$$inlined$toArgsArray$default$63.class
Sources:
D:\aarambh\frontend\node_modules\expo-modules-core\android\src\main\java\expo\modules\kotlin\views\ViewDefinitionBuilder.kt
2026-08-14 11:39:20.343 [daemon] INFO: Message: output: output:
D:\aarambh\frontend\node_modules\expo-modules-core\android\build\tmp\kotlin-classes\release\expo\modules\kotlin\views\ViewDefinitionBuilder$AsyncFunction$$inlined$toArgsArray$default$64.class
Sources:
D:\aarambh\frontend\node_modules\expo-modules-core\android\src\main\java\expo\modules\kotlin\views\ViewDefinitionBuilder.kt
2026-08-14 11:39:20.343 [daemon] INFO: Message: output: output:
D:\aarambh\frontend\node_modules\expo-modules-core\android\build\tmp\kotlin-classes\release\expo\modules\kotlin\views\ViewDefinitionBuilder$AsyncFunction$34.class
Sources:
D:\aarambh\frontend\node_modules\expo-modules-core\android\src\main\java\expo\modules\kotlin\views\ViewDefinitionBuilder.kt
2026-08-14 11:39:20.343 [daemon] INFO: Message: output: output:
D:\aarambh\frontend\node_modules\expo-modules-core\android\build\tmp\kotlin-classes\release\expo\modules\kotlin\views\ViewGroupDefinition.class
Sources:
D:\aarambh\frontend\node_modules\expo-modules-core\android\src\main\java\expo\modules\kotlin\views\ViewGroupDefinition.kt
2026-08-14 11:39:20.343 [daemon] INFO: Message: output: output:
D:\aarambh\frontend\node_modules\expo-modules-core\android\build\tmp\kotlin-classes\release\expo\modules\kotlin\views\ViewGroupDefinitionKt.class
Sources:
D:\aarambh\frontend\node_modules\expo-modules-core\android\src\main\java\expo\modules\kotlin\views\ViewGroupDefinition.kt
2026-08-14 11:39:20.343 [daemon] INFO: Message: output: output:
D:\aarambh\frontend\node_modules\expo-modules-core\android\build\tmp\kotlin-classes\release\expo\modules\kotlin\views\ViewGroupDefinitionBuilder.class
Sources:
D:\aarambh\frontend\node_modules\expo-modules-core\android\src\main\java\expo\modules\kotlin\views\ViewGroupDefinitionBuilder.kt
2026-08-14 11:39:20.343 [daemon] INFO: Message: output: output:
D:\aarambh\frontend\node_modules\expo-modules-core\android\build\tmp\kotlin-classes\release\expo\modules\kotlin\views\ViewGroupDefinitionBuilder$AddChildView$1.class
Sources:
D:\aarambh\frontend\node_modules\expo-modules-core\android\src\main\java\expo\modules\kotlin\views\ViewGroupDefinitionBuilder.kt
2026-08-14 11:39:20.344 [daemon] INFO: Message: output: output:
D:\aarambh\frontend\node_modules\expo-modules-core\android\build\tmp\kotlin-classes\release\expo\modules\kotlin\views\ViewGroupDefinitionBuilder$GetChildCount$1.class
Sources:
D:\aarambh\frontend\node_modules\expo-modules-core\android\src\main\java\expo\modules\kotlin\views\ViewGroupDefinitionBuilder.kt
2026-08-14 11:39:20.344 [daemon] INFO: Message: output: output:
D:\aarambh\frontend\node_modules\expo-modules-core\android\build\tmp\kotlin-classes\release\expo\modules\kotlin\views\ViewGroupDefinitionBuilder$GetChildViewAt$1.class
Sources:
D:\aarambh\frontend\node_modules\expo-modules-core\android\src\main\java\expo\modules\kotlin\views\ViewGroupDefinitionBuilder.kt
2026-08-14 11:39:20.344 [daemon] INFO: Message: output: output:
D:\aarambh\frontend\node_modules\expo-modules-core\android\build\tmp\kotlin-classes\release\expo\modules\kotlin\views\ViewGroupDefinitionBuilder$RemoveChildViewAt$1.class
Sources:
D:\aarambh\frontend\node_modules\expo-modules-core\android\src\main\java\expo\modules\kotlin\views\ViewGroupDefinitionBuilder.kt
2026-08-14 11:39:20.344 [daemon] INFO: Message: output: output:
D:\aarambh\frontend\node_modules\expo-modules-core\android\build\tmp\kotlin-classes\release\expo\modules\kotlin\views\ViewGroupDefinitionBuilder$RemoveChildView$1.class
Sources:
D:\aarambh\frontend\node_modules\expo-modules-core\android\src\main\java\expo\modules\kotlin\views\ViewGroupDefinitionBuilder.kt
2026-08-14 11:39:20.344 [daemon] INFO: Message: output: output:
D:\aarambh\frontend\node_modules\expo-modules-core\android\build\tmp\kotlin-classes\release\expo\modules\kotlin\views\ViewManagerDefinition.class
Sources:
D:\aarambh\frontend\node_modules\expo-modules-core\android\src\main\java\expo\modules\kotlin\views\ViewManagerDefinition.kt
2026-08-14 11:39:20.344 [daemon] INFO: Message: output: output:
D:\aarambh\frontend\node_modules\expo-modules-core\android\build\tmp\kotlin-classes\release\expo\modules\kotlin\views\ViewManagerType.class
Sources:
D:\aarambh\frontend\node_modules\expo-modules-core\android\src\main\java\expo\modules\kotlin\views\ViewManagerType.kt
2026-08-14 11:39:20.345 [daemon] INFO: Message: output: output:
D:\aarambh\frontend\node_modules\expo-modules-core\android\build\tmp\kotlin-classes\release\expo\modules\kotlin\views\ViewManagerWrapperDelegate.class
Sources:
D:\aarambh\frontend\node_modules\expo-modules-core\android\src\main\java\expo\modules\kotlin\views\ViewManagerWrapperDelegate.kt
2026-08-14 11:39:20.345 [daemon] INFO: Message: output: output:
D:\aarambh\frontend\node_modules\expo-modules-core\android\build\tmp\kotlin-classes\release\expo\modules\kotlin\views\ViewTypeConverter.class
Sources:
D:\aarambh\frontend\node_modules\expo-modules-core\android\src\main\java\expo\modules\kotlin\views\ViewTypeConverter.kt
2026-08-14 11:39:20.345 [daemon] INFO: Message: output: output:
D:\aarambh\frontend\node_modules\expo-modules-core\android\build\tmp\kotlin-classes\release\expo\modules\kotlin\views\ViewWrapperDelegateHolder.class
Sources:
D:\aarambh\frontend\node_modules\expo-modules-core\android\src\main\java\expo\modules\kotlin\views\ViewWrapperDelegateHolder.kt
2026-08-14 11:39:20.345 [daemon] INFO: Message: output: output:
D:\aarambh\frontend\node_modules\expo-modules-core\android\build\tmp\kotlin-classes\release\expo\modules\kotlin\views\decorators\CSSPropsKt.class
Sources:
D:\aarambh\frontend\node_modules\expo-modules-core\android\src\main\java\expo\modules\kotlin\views\decorators\CSSProps.kt
2026-08-14 11:39:20.345 [daemon] INFO: Message: output: output:
D:\aarambh\frontend\node_modules\expo-modules-core\android\build\tmp\kotlin-classes\release\expo\modules\kotlin\views\decorators\CSSPropsKt$UseBorderColorProps$1.class
Sources:
D:\aarambh\frontend\node_modules\expo-modules-core\android\src\main\java\expo\modules\kotlin\views\decorators\CSSProps.kt
2026-08-14 11:39:20.345 [daemon] INFO: Message: output: output:
D:\aarambh\frontend\node_modules\expo-modules-core\android\build\tmp\kotlin-classes\release\expo\modules\kotlin\views\decorators\CSSPropsKt$UseBorderColorProps$$inlined$PropGroup$1.class
Sources:
D:\aarambh\frontend\node_modules\expo-modules-core\android\src\main\java\expo\modules\kotlin\views\decorators\CSSProps.kt
2026-08-14 11:39:20.345 [daemon] INFO: Message: output: output:
D:\aarambh\frontend\node_modules\expo-modules-core\android\build\tmp\kotlin-classes\release\expo\modules\kotlin\views\decorators\CSSPropsKt$UseBorderColorProps$$inlined$PropGroup$2.class
Sources:
D:\aarambh\frontend\node_modules\expo-modules-core\android\src\main\java\expo\modules\kotlin\views\decorators\CSSProps.kt
2026-08-14 11:39:20.345 [daemon] INFO: Message: output: output:
D:\aarambh\frontend\node_modules\expo-modules-core\android\build\tmp\kotlin-classes\release\expo\modules\kotlin\views\decorators\CSSPropsKt$UseBorderColorProps$$inlined$UseBorderColorProps$1.class
Sources:
D:\aarambh\frontend\node_modules\expo-modules-core\android\src\main\java\expo\modules\kotlin\views\decorators\CSSProps.kt
2026-08-14 11:39:20.345 [daemon] INFO: Message: output: output:
D:\aarambh\frontend\node_modules\expo-modules-core\android\build\tmp\kotlin-classes\release\expo\modules\kotlin\views\decorators\CSSPropsKt$UseBorderColorProps$$inlined$UseBorderColorProps$2.class
Sources:
D:\aarambh\frontend\node_modules\expo-modules-core\android\src\main\java\expo\modules\kotlin\views\decorators\CSSProps.kt
2026-08-14 11:39:20.345 [daemon] INFO: Message: output: output:
D:\aarambh\frontend\node_modules\expo-modules-core\android\build\tmp\kotlin-classes\release\expo\modules\kotlin\views\decorators\CSSPropsKt$UseBorderWidthProps$1.class
Sources:
D:\aarambh\frontend\node_modules\expo-modules-core\android\src\main\java\expo\modules\kotlin\views\decorators\CSSProps.kt
2026-08-14 11:39:20.346 [daemon] INFO: Message: output: output:
D:\aarambh\frontend\node_modules\expo-modules-core\android\build\tmp\kotlin-classes\release\expo\modules\kotlin\views\decorators\CSSPropsKt$UseBorderWidthProps$$inlined$PropGroup$1.class
Sources:
D:\aarambh\frontend\node_modules\expo-modules-core\android\src\main\java\expo\modules\kotlin\views\decorators\CSSProps.kt
2026-08-14 11:39:20.346 [daemon] INFO: Message: output: output:
D:\aarambh\frontend\node_modules\expo-modules-core\android\build\tmp\kotlin-classes\release\expo\modules\kotlin\views\decorators\CSSPropsKt$UseBorderWidthProps$$inlined$PropGroup$2.class
Sources:
D:\aarambh\frontend\node_modules\expo-modules-core\android\src\main\java\expo\modules\kotlin\views\decorators\CSSProps.kt
2026-08-14 11:39:20.346 [daemon] INFO: Message: output: output:
D:\aarambh\frontend\node_modules\expo-modules-core\android\build\tmp\kotlin-classes\release\expo\modules\kotlin\views\decorators\CSSPropsKt$UseBorderWidthProps$$inlined$UseBorderWidthProps$1.class
Sources:
D:\aarambh\frontend\node_modules\expo-modules-core\android\src\main\java\expo\modules\kotlin\views\decorators\CSSProps.kt
2026-08-14 11:39:20.346 [daemon] INFO: Message: output: output:
D:\aarambh\frontend\node_modules\expo-modules-core\android\build\tmp\kotlin-classes\release\expo\modules\kotlin\views\decorators\CSSPropsKt$UseBorderWidthProps$$inlined$UseBorderWidthProps$2.class
Sources:
D:\aarambh\frontend\node_modules\expo-modules-core\android\src\main\java\expo\modules\kotlin\views\decorators\CSSProps.kt
2026-08-14 11:39:20.346 [daemon] INFO: Message: output: output:
D:\aarambh\frontend\node_modules\expo-modules-core\android\build\tmp\kotlin-classes\release\expo\modules\kotlin\views\decorators\CSSPropsKt$UseBorderRadiusProps$1.class
Sources:
D:\aarambh\frontend\node_modules\expo-modules-core\android\src\main\java\expo\modules\kotlin\views\decorators\CSSProps.kt
2026-08-14 11:39:20.346 [daemon] INFO: Message: output: output:
D:\aarambh\frontend\node_modules\expo-modules-core\android\build\tmp\kotlin-classes\release\expo\modules\kotlin\views\decorators\CSSPropsKt$UseBorderRadiusProps$$inlined$PropGroup$1.class
Sources:
D:\aarambh\frontend\node_modules\expo-modules-core\android\src\main\java\expo\modules\kotlin\views\decorators\CSSProps.kt
2026-08-14 11:39:20.346 [daemon] INFO: Message: output: output:
D:\aarambh\frontend\node_modules\expo-modules-core\android\build\tmp\kotlin-classes\release\expo\modules\kotlin\views\decorators\CSSPropsKt$UseBorderRadiusProps$$inlined$PropGroup$2.class
Sources:
D:\aarambh\frontend\node_modules\expo-modules-core\android\src\main\java\expo\modules\kotlin\views\decorators\CSSProps.kt
2026-08-14 11:39:20.346 [daemon] INFO: Message: output: output:
D:\aarambh\frontend\node_modules\expo-modules-core\android\build\tmp\kotlin-classes\release\expo\modules\kotlin\views\decorators\CSSPropsKt$UseBorderRadiusProps$$inlined$UseBorderRadiusProps$1.class
Sources:
D:\aarambh\frontend\node_modules\expo-modules-core\android\src\main\java\expo\modules\kotlin\views\decorators\CSSProps.kt
2026-08-14 11:39:20.346 [daemon] INFO: Message: output: output:
D:\aarambh\frontend\node_modules\expo-modules-core\android\build\tmp\kotlin-classes\release\expo\modules\kotlin\views\decorators\CSSPropsKt$UseBorderRadiusProps$$inlined$UseBorderRadiusProps$2.class
Sources:
D:\aarambh\frontend\node_modules\expo-modules-core\android\src\main\java\expo\modules\kotlin\views\decorators\CSSProps.kt
2026-08-14 11:39:20.346 [daemon] INFO: Message: output: output:
D:\aarambh\frontend\node_modules\expo-modules-core\android\build\tmp\kotlin-classes\release\expo\modules\kotlin\views\decorators\CSSPropsKt$UseBorderStyleProp$1.class
Sources:
D:\aarambh\frontend\node_modules\expo-modules-core\android\src\main\java\expo\modules\kotlin\views\decorators\CSSProps.kt
2026-08-14 11:39:20.347 [daemon] INFO: Message: output: output:
D:\aarambh\frontend\node_modules\expo-modules-core\android\build\tmp\kotlin-classes\release\expo\modules\kotlin\views\decorators\CSSPropsKt$UseBorderStyleProp$$inlined$Prop$1.class
Sources:
D:\aarambh\frontend\node_modules\expo-modules-core\android\src\main\java\expo\modules\kotlin\views\decorators\CSSProps.kt
2026-08-14 11:39:20.347 [daemon] INFO: Message: output: output:
D:\aarambh\frontend\node_modules\expo-modules-core\android\build\tmp\kotlin-classes\release\expo\modules\kotlin\views\decorators\CSSPropsKt$UseBorderStyleProp$$inlined$UseBorderStyleProp$1.class
Sources:
D:\aarambh\frontend\node_modules\expo-modules-core\android\src\main\java\expo\modules\kotlin\views\decorators\CSSProps.kt
2026-08-14 11:39:20.347 [daemon] INFO: Message: output: output:
D:\aarambh\frontend\node_modules\expo-modules-core\android\build\tmp\kotlin-classes\release\expo\modules\kotlin\views\decorators\CSSPropsKt$UseBackgroundProp$1.class
Sources:
D:\aarambh\frontend\node_modules\expo-modules-core\android\src\main\java\expo\modules\kotlin\views\decorators\CSSProps.kt
2026-08-14 11:39:20.347 [daemon] INFO: Message: output: output:
D:\aarambh\frontend\node_modules\expo-modules-core\android\build\tmp\kotlin-classes\release\expo\modules\kotlin\views\decorators\CSSPropsKt$UseBackgroundProp$$inlined$Prop$1.class
Sources:
D:\aarambh\frontend\node_modules\expo-modules-core\android\src\main\java\expo\modules\kotlin\views\decorators\CSSProps.kt
2026-08-14 11:39:20.347 [daemon] INFO: Message: output: output:
D:\aarambh\frontend\node_modules\expo-modules-core\android\build\tmp\kotlin-classes\release\expo\modules\kotlin\views\decorators\CSSPropsKt$UseBackgroundProp$$inlined$UseBackgroundProp$1.class
Sources:
D:\aarambh\frontend\node_modules\expo-modules-core\android\src\main\java\expo\modules\kotlin\views\decorators\CSSProps.kt
2026-08-14 11:39:20.347 [daemon] INFO: Message: output: output:
D:\aarambh\frontend\node_modules\expo-modules-core\android\build\tmp\kotlin-classes\release\expo\modules\kotlin\views\decorators\CSSPropsKt$UseBoxShadowProp$1.class
Sources:
D:\aarambh\frontend\node_modules\expo-modules-core\android\src\main\java\expo\modules\kotlin\views\decorators\CSSProps.kt
2026-08-14 11:39:20.347 [daemon] INFO: Message: output: output:
D:\aarambh\frontend\node_modules\expo-modules-core\android\build\tmp\kotlin-classes\release\expo\modules\kotlin\views\decorators\CSSPropsKt$UseBoxShadowProp$$inlined$Prop$1.class
Sources:
D:\aarambh\frontend\node_modules\expo-modules-core\android\src\main\java\expo\modules\kotlin\views\decorators\CSSProps.kt
2026-08-14 11:39:20.347 [daemon] INFO: Message: output: output:
D:\aarambh\frontend\node_modules\expo-modules-core\android\build\tmp\kotlin-classes\release\expo\modules\kotlin\views\decorators\CSSPropsKt$UseBoxShadowProp$$inlined$UseBoxShadowProp$1.class
Sources:
D:\aarambh\frontend\node_modules\expo-modules-core\android\src\main\java\expo\modules\kotlin\views\decorators\CSSProps.kt
2026-08-14 11:39:20.347 [daemon] INFO: Message: output: output:
D:\aarambh\frontend\node_modules\expo-modules-core\android\build\tmp\kotlin-classes\release\expo\modules\rncompatibility\ReactNativeFeatureFlags.class
Sources:
D:\aarambh\frontend\node_modules\expo-modules-core\android\src\main\java\expo\modules\rncompatibility\ReactNativeFeatureFlags.kt
2026-08-14 11:39:20.347 [daemon] INFO: Message: output: output:
D:\aarambh\frontend\node_modules\expo-modules-core\android\build\tmp\kotlin-classes\release\expo\modules\kotlin\views\ModuleDefinitionBuilderWithCompose.class
Sources:
D:\aarambh\frontend\node_modules\expo-modules-core\android\src\withoutCompose\expo\modules\kotlin\views\ModuleDefinitionBuilderComposeExtension.kt
2026-08-14 11:39:20.348 [daemon] INFO: Message: output: output:
D:\aarambh\frontend\node_modules\expo-modules-core\android\build\tmp\kotlin-classes\release\META-INF\expo-modules-core_release.kotlin_module
Sources:
D:\aarambh\frontend\node_modules\expo-modules-core\android\src\main\java\expo\modules\adapters\react\apploader\RNHeadlessAppLoader.kt
D:\aarambh\frontend\node_modules\expo-modules-core\android\src\main\java\expo\modules\kotlin\ModuleHolder.kt
D:\aarambh\frontend\node_modules\expo-modules-core\android\src\main\java\expo\modules\kotlin\viewevent\ViewEvent.kt
D:\aarambh\frontend\node_modules\expo-modules-core\android\src\main\java\expo\modules\kotlin\uuidv5\Exceptions.kt
D:\aarambh\frontend\node_modules\expo-modules-core\android\src\main\java\expo\modules\kotlin\modules\ModuleDefinitionBuilder.kt
D:\aarambh\frontend\node_modules\expo-modules-core\android\src\main\java\expo\modules\kotlin\types\AnyType.kt
D:\aarambh\frontend\node_modules\expo-modules-core\android\src\main\java\expo\modules\kotlin\types\MapTypeConverter.kt
D:\aarambh\frontend\node_modules\expo-modules-core\android\src\main\java\expo\modules\kotlin\views\ViewGroupDefinition.kt
D:\aarambh\frontend\node_modules\expo-modules-core\android\src\main\java\expo\modules\kotlin\jni\JNIDeallocator.kt
D:\aarambh\frontend\node_modules\expo-modules-core\android\src\main\java\expo\modules\core\utilities\VRUtilities.kt
D:\aarambh\frontend\node_modules\expo-modules-core\android\src\main\java\expo\modules\rncompatibility\ReactNativeFeatureFlags.kt
D:\aarambh\frontend\node_modules\expo-modules-core\android\src\main\java\expo\modules\kotlin\jni\JavaScriptModuleObject.kt
D:\aarambh\frontend\node_modules\expo-modules-core\android\src\main\java\expo\modules\kotlin\jni\JNIFunctionBody.kt
D:\aarambh\frontend\node_modules\expo-modules-core\android\src\main\java\expo\modules\kotlin\types\ByteArrayTypeConverter.kt
D:\aarambh\frontend\node_modules\expo-modules-core\android\src\main\java\expo\modules\kotlin\AppContext.kt
D:\aarambh\frontend\node_modules\expo-modules-core\android\src\main\java\expo\modules\kotlin\types\ColorTypeConverter.kt
D:\aarambh\frontend\node_modules\expo-modules-core\android\src\main\java\expo\modules\kotlin\ConcatIterator.kt
D:\aarambh\frontend\node_modules\expo-modules-core\android\src\main\java\expo\modules\adapters\react\permissions\PermissionsService.kt
D:\aarambh\frontend\node_modules\expo-modules-core\android\src\main\java\expo\modules\kotlin\events\EventListener.kt
D:\aarambh\frontend\node_modules\expo-modules-core\android\src\main\java\expo\modules\kotlin\ExpoBridgeModule.kt
D:\aarambh\frontend\node_modules\expo-modules-core\android\src\main\java\expo\modules\kotlin\sharedobjects\SharedObject.kt
D:\aarambh\frontend\node_modules\expo-modules-core\android\src\main\java\expo\modules\core\utilities\KotlinUtilities.kt
D:\aarambh\frontend\node_modules\expo-modules-core\android\src\main\java\expo\modules\interfaces\permissions\PermissionsResponse.kt
D:\aarambh\frontend\node_modules\expo-modules-core\android\src\main\java\expo\modules\kotlin\types\DateTypeConverter.kt
D:\aarambh\frontend\node_modules\expo-modules-core\android\src\main\java\expo\modules\kotlin\types\SetTypeConverter.kt
D:\aarambh\frontend\node_modules\expo-modules-core\android\src\main\java\expo\modules\kotlin\records\Validators.kt
D:\aarambh\frontend\node_modules\expo-modules-core\android\src\main\java\expo\modules\kotlin\objects\ObjectDefinitionBuilder.kt
D:\aarambh\frontend\node_modules\expo-modules-core\android\src\main\java\expo\modules\kotlin\types\Either.kt
D:\aarambh\frontend\node_modules\expo-modules-core\android\src\main\java\expo\modules\kotlin\records\Required.kt
D:\aarambh\frontend\node_modules\expo-modules-core\android\src\main\java\expo\modules\adapters\react\FabricComponentsRegistry.kt
D:\aarambh\frontend\node_modules\expo-modules-core\android\src\main\java\expo\modules\kotlin\sharedobjects\SharedObjectTypeConverter.kt
D:\aarambh\frontend\node_modules\expo-modules-core\android\src\main\java\expo\modules\core\logging\LogType.kt
D:\aarambh\frontend\node_modules\expo-modules-core\android\src\main\java\expo\modules\kotlin\typedarray\GenericTypedArray.kt
D:\aarambh\frontend\node_modules\expo-modules-core\android\src\main\java\expo\modules\kotlin\allocators\UnsafeAllocator.kt
D:\aarambh\frontend\node_modules\expo-modules-core\android\src\main\java\expo\modules\kotlin\records\Record.kt
D:\aarambh\frontend\node_modules\expo-modules-core\android\src\main\java\expo\modules\kotlin\typedarray\TypedArrayIterator.kt
D:\aarambh\frontend\node_modules\expo-modules-core\android\src\main\java\expo\modules\kotlin\AndroidExtensions.kt
D:\aarambh\frontend\node_modules\expo-modules-core\android\src\main\java\expo\modules\kotlin\activityresult\DataPersistor.kt
D:\aarambh\frontend\node_modules\expo-modules-core\android\src\main\java\expo\modules\kotlin\objects\PropertyComponentBuilder.kt
D:\aarambh\frontend\node_modules\expo-modules-core\android\src\main\java\expo\modules\kotlin\Utils.kt
D:\aarambh\frontend\node_modules\expo-modules-core\android\src\main\java\expo\modules\kotlin\jni\JavaScriptFunction.kt
D:\aarambh\frontend\node_modules\expo-modules-core\android\src\main\java\expo\modules\kotlin\views\ExpoView.kt
D:\aarambh\frontend\node_modules\expo-modules-core\android\src\main\java\expo\modules\kotlin\modules\ModuleDefinitionData.kt
D:\aarambh\frontend\node_modules\expo-modules-core\android\src\main\java\expo\modules\kotlin\types\TypeConverterCollection.kt
D:\aarambh\frontend\node_modules\expo-modules-core\android\src\main\java\expo\modules\kotlin\views\AnyViewProp.kt
D:\aarambh\frontend\node_modules\expo-modules-core\android\src\main\java\expo\modules\kotlin\jni\JNIUtils.kt
D:\aarambh\frontend\node_modules\expo-modules-core\android\src\main\java\expo\modules\kotlin\views\FilteredReadableMap.kt
D:\aarambh\frontend\node_modules\expo-modules-core\android\src\main\java\expo\modules\interfaces\taskManager\TaskServiceProviderHelper.kt
D:\aarambh\frontend\node_modules\expo-modules-core\android\src\main\java\expo\modules\kotlin\edgeToEdge\EdgeToEdgePackage.kt
D:\aarambh\frontend\node_modules\expo-modules-core\android\src\main\java\expo\modules\kotlin\defaultmodules\AppDirectoriesModule.kt
D:\aarambh\frontend\node_modules\expo-modules-core\android\src\main\java\expo\modules\kotlin\jni\ExpectedType.kt
D:\aarambh\frontend\node_modules\expo-modules-core\android\src\main\java\expo\modules\core\logging\OSLogHandler.kt
D:\aarambh\frontend\node_modules\expo-modules-core\android\src\main\java\expo\modules\kotlin\views\SimpleViewManagerWrapper.kt
D:\aarambh\frontend\node_modules\expo-modules-core\android\src\main\java\expo\modules\kotlin\sharedobjects\SharedObjectRegistry.kt
D:\aarambh\frontend\node_modules\expo-modules-core\android\src\main\java\expo\modules\kotlin\activityaware\AppCompatActivityAwareHelper.kt
D:\aarambh\frontend\node_modules\expo-modules-core\android\src\main\java\expo\modules\kotlin\KClassExtensions.kt
D:\aarambh\frontend\node_modules\expo-modules-core\android\src\main\java\expo\modules\kotlin\allocators\ObjectConstructor.kt
D:\aarambh\frontend\node_modules\expo-modules-core\android\src\main\java\expo\modules\kotlin\events\OnActivityResultPayload.kt
D:\aarambh\frontend\node_modules\expo-modules-core\android\src\main\java\expo\modules\kotlin\jni\JavaCallback.kt
D:\aarambh\frontend\node_modules\expo-modules-core\android\src\main\java\expo\modules\kotlin\defaultmodules\FilePermissionModule.kt
D:\aarambh\frontend\node_modules\expo-modules-core\android\src\main\java\expo\modules\kotlin\events\EventEmitter.kt
D:\aarambh\frontend\node_modules\expo-modules-core\android\src\main\java\expo\modules\kotlin\activityresult\AppContextActivityResultCaller.kt
D:\aarambh\frontend\node_modules\expo-modules-core\android\src\main\java\expo\modules\kotlin\functions\AnyFunction.kt
D:\aarambh\frontend\node_modules\expo-modules-core\android\src\main\java\expo\modules\core\logging\PersistentFileLogHandler.kt
D:\aarambh\frontend\node_modules\expo-modules-core\android\src\main\java\expo\modules\kotlin\types\net\URLTypConverter.kt
D:\aarambh\frontend\node_modules\expo-modules-core\android\src\main\java\expo\modules\kotlin\records\ValidationBinder.kt
D:\aarambh\frontend\node_modules\expo-modules-core\android\src\main\java\expo\modules\kotlin\jni\PromiseImpl.kt
D:\aarambh\frontend\node_modules\expo-modules-core\android\src\main\java\expo\modules\kotlin\CoreLogger.kt
D:\aarambh\frontend\node_modules\expo-modules-core\android\src\main\java\expo\modules\kotlin\providers\CurrentActivityProvider.kt
D:\aarambh\frontend\node_modules\expo-modules-core\android\src\main\java\expo\modules\kotlin\viewevent\ViewEventDelegate.kt
D:\aarambh\frontend\node_modules\expo-modules-core\android\src\main\java\expo\modules\kotlin\jni\JavaScriptValue.kt
D:\aarambh\frontend\node_modules\expo-modules-core\android\src\main\java\expo\modules\kotlin\jni\decorators\JSDecoratorsBridgingObject.kt
D:\aarambh\frontend\node_modules\expo-modules-core\android\src\main\java\expo\modules\kotlin\types\net\UriTypeConverter.kt
D:\aarambh\frontend\node_modules\expo-modules-core\android\src\main\java\expo\modules\kotlin\traits\Trait.kt
D:\aarambh\frontend\node_modules\expo-modules-core\android\src\main\java\expo\modules\kotlin\types\NullableTypeConverter.kt
D:\aarambh\frontend\node_modules\expo-modules-core\android\src\main\java\expo\modules\kotlin\activityaware\AppCompatActivityAware.kt
D:\aarambh\frontend\node_modules\expo-modules-core\android\src\main\java\expo\modules\kotlin\exception\CommonExceptions.kt
D:\aarambh\frontend\node_modules\expo-modules-core\android\src\main\java\expo\modules\kotlin\types\AnyTypeConverter.kt
D:\aarambh\frontend\node_modules\expo-modules-core\android\src\main\java\expo\modules\kotlin\types\JSTypeConverterHelper.kt
D:\aarambh\frontend\node_modules\expo-modules-core\android\src\main\java\expo\modules\core\logging\LogHandlers.kt
D:\aarambh\frontend\node_modules\expo-modules-core\android\src\main\java\expo\modules\kotlin\uuidv5\Uuidv5.kt
D:\aarambh\frontend\node_modules\expo-modules-core\android\src\main\java\expo\modules\kotlin\types\PairTypeConverter.kt
D:\aarambh\frontend\node_modules\expo-modules-core\android\src\main\java\expo\modules\kotlin\types\JSTypeConverter.kt
D:\aarambh\frontend\node_modules\expo-modules-core\android\src\main\java\expo\modules\kotlin\views\ViewGroupDefinitionBuilder.kt
D:\aarambh\frontend\node_modules\expo-modules-core\android\src\main\java\expo\modules\kotlin\classcomponent\ClassDefinitionData.kt
D:\aarambh\frontend\node_modules\expo-modules-core\android\src\main\java\expo\modules\core\logging\Logger.kt
D:\aarambh\frontend\node_modules\expo-modules-core\android\src\main\java\expo\modules\kotlin\views\ViewTypeConverter.kt
D:\aarambh\frontend\node_modules\expo-modules-core\android\src\main\java\expo\modules\kotlin\KotlinInteropModuleRegistry.kt
D:\aarambh\frontend\node_modules\expo-modules-core\android\src\main\java\expo\modules\kotlin\RuntimeContext.kt
D:\aarambh\frontend\node_modules\expo-modules-core\android\src\main\java\expo\modules\kotlin\typedarray\ConcreteTypedArrays.kt
D:\aarambh\frontend\node_modules\expo-modules-core\android\src\main\java\expo\modules\kotlin\Promise.kt
D:\aarambh\frontend\node_modules\expo-modules-core\android\src\main\java\expo\modules\kotlin\devtools\ExpoNetworkInspectOkHttpInterceptors.kt
D:\aarambh\frontend\node_modules\expo-modules-core\android\src\main\java\expo\modules\kotlin\types\JavaScriptFunctionTypeConverter.kt
D:\aarambh\frontend\node_modules\expo-modules-core\android\src\main\java\expo\modules\kotlin\views\GroupViewManagerWrapper.kt
D:\aarambh\frontend\node_modules\expo-modules-core\android\src\main\java\expo\modules\kotlin\modules\DefinitionMarker.kt
D:\aarambh\frontend\node_modules\expo-modules-core\android\src\main\java\expo\modules\kotlin\jni\tests\RuntimeHolder.kt
D:\aarambh\frontend\node_modules\expo-modules-core\android\src\main\java\expo\modules\kotlin\objects\ObjectDefinitionData.kt
D:\aarambh\frontend\node_modules\expo-modules-core\android\src\main\java\expo\modules\kotlin\views\ConcreteViewProp.kt
D:\aarambh\frontend\node_modules\expo-modules-core\android\src\main\java\expo\modules\kotlin\types\TypeConverterProvider.kt
D:\aarambh\frontend\node_modules\expo-modules-core\android\src\main\java\expo\modules\kotlin\devtools\ExpoRequestCdpInterceptor.kt
D:\aarambh\frontend\node_modules\expo-modules-core\android\src\main\java\expo\modules\kotlin\functions\AsyncFunctionComponent.kt
D:\aarambh\frontend\node_modules\expo-modules-core\android\src\main\java\expo\modules\kotlin\ReactExtensions.kt
D:\aarambh\frontend\node_modules\expo-modules-core\android\src\main\java\expo\modules\kotlin\devtools\OkHttpExtensions.kt
D:\aarambh\frontend\node_modules\expo-modules-core\android\src\main\java\expo\modules\kotlin\activityresult\AppContextActivityResultLauncher.kt
D:\aarambh\frontend\node_modules\expo-modules-core\android\src\main\java\expo\modules\kotlin\activityresult\AppContextActivityResultFallbackCallback.kt
D:\aarambh\frontend\node_modules\expo-modules-core\android\src\main\java\expo\modules\kotlin\types\ReadableArgumentsTypeConverter.kt
D:\aarambh\frontend\node_modules\expo-modules-core\android\src\main\java\expo\modules\kotlin\types\TypedArrayTypeConverter.kt
D:\aarambh\frontend\node_modules\expo-modules-core\android\src\main\java\expo\modules\kotlin\ReadableTypeExtensions.kt
D:\aarambh\frontend\node_modules\expo-modules-core\android\src\main\java\expo\modules\kotlin\activityresult\ActivityResultsManager.kt
D:\aarambh\frontend\node_modules\expo-modules-core\android\src\main\java\expo\modules\kotlin\types\Enumerable.kt
D:\aarambh\frontend\node_modules\expo-modules-core\android\src\main\java\expo\modules\adapters\react\apploader\HeadlessAppLoaderNotifier.kt
D:\aarambh\frontend\node_modules\expo-modules-core\android\src\main\java\expo\modules\core\logging\LoggerTimer.kt
D:\aarambh\frontend\node_modules\expo-modules-core\android\src\main\java\expo\modules\kotlin\types\ExpoDynamic.kt
D:\aarambh\frontend\node_modules\expo-modules-core\android\src\main\java\com\facebook\react\uimanager\ReactStylesDiffMapHelper.kt
D:\aarambh\frontend\node_modules\expo-modules-core\android\src\main\java\expo\modules\kotlin\EnumExtensions.kt
D:\aarambh\frontend\node_modules\expo-modules-core\android\src\main\java\expo\modules\kotlin\views\ViewManagerWrapperDelegate.kt
D:\aarambh\frontend\node_modules\expo-modules-core\android\src\main\java\expo\modules\kotlin\types\io\PathTypeConverter.kt
D:\aarambh\frontend\node_modules\expo-modules-core\android\src\main\java\expo\modules\kotlin\KPromiseWrapper.kt
D:\aarambh\frontend\node_modules\expo-modules-core\android\src\main\java\expo\modules\kotlin\types\EnumTypeConverter.kt
D:\aarambh\frontend\node_modules\expo-modules-core\android\src\main\java\expo\modules\kotlin\types\io\FileTypeConverter.kt
D:\aarambh\frontend\node_modules\expo-modules-core\android\src\main\java\expo\modules\kotlin\sharedobjects\ClassRegistry.kt
D:\aarambh\frontend\node_modules\expo-modules-core\android\src\main\java\expo\modules\kotlin\types\TypeConverter.kt
D:\aarambh\frontend\node_modules\expo-modules-core\android\src\main\java\expo\modules\kotlin\types\ValueOrUndefinedTypeConverter.kt
D:\aarambh\frontend\node_modules\expo-modules-core\android\src\main\java\expo\modules\kotlin\jni\JSIContext.kt
D:\aarambh\frontend\node_modules\expo-modules-core\android\src\main\java\expo\modules\core\errors\ContextDestroyedException.kt
D:\aarambh\frontend\node_modules\expo-modules-core\android\src\main\java\expo\modules\kotlin\activityresult\AppContextActivityResultRegistry.kt
D:\aarambh\frontend\node_modules\expo-modules-core\android\src\main\java\expo\modules\kotlin\events\KModuleEventEmitterWrapper.kt
D:\aarambh\frontend\node_modules\expo-modules-core\android\src\main\java\expo\modules\kotlin\types\EitherTypeConverter.kt
D:\aarambh\frontend\node_modules\expo-modules-core\android\src\main\java\expo\modules\kotlin\jni\CppType.kt
D:\aarambh\frontend\node_modules\expo-modules-core\android\src\main\java\expo\modules\kotlin\modules\Module.kt
D:\aarambh\frontend\node_modules\expo-modules-core\android\src\main\java\expo\modules\kotlin\sharedobjects\SharedRef.kt
D:\aarambh\frontend\node_modules\expo-modules-core\android\src\main\java\expo\modules\apploader\AppLoaderProvider.kt
D:\aarambh\frontend\node_modules\expo-modules-core\android\src\main\java\expo\modules\kotlin\ModuleRegistry.kt
D:\aarambh\frontend\node_modules\expo-modules-core\android\src\main\java\expo\modules\kotlin\views\CallbacksDefinition.kt
D:\aarambh\frontend\node_modules\expo-modules-core\android\src\main\java\expo\modules\kotlin\tracing\ExpoTrace.kt
D:\aarambh\frontend\node_modules\expo-modules-core\android\src\main\java\expo\modules\core\errors\ModuleDestroyedException.kt
D:\aarambh\frontend\node_modules\expo-modules-core\android\src\main\java\expo\modules\kotlin\objects\ConstantComponentBuilder.kt
D:\aarambh\frontend\node_modules\expo-modules-core\android\src\main\java\expo\modules\kotlin\types\UnitTypeConverter.kt
D:\aarambh\frontend\node_modules\expo-modules-core\android\src\main\java\expo\modules\core\logging\PersistentFileLog.kt
D:\aarambh\frontend\node_modules\expo-modules-core\android\src\main\java\expo\modules\kotlin\types\ReturnType.kt
D:\aarambh\frontend\node_modules\expo-modules-core\android\src\main\java\expo\modules\kotlin\views\ViewManagerDefinition.kt
D:\aarambh\frontend\node_modules\expo-modules-core\android\src\main\java\expo\modules\kotlin\ArrayExtenstions.kt
D:\aarambh\frontend\node_modules\expo-modules-core\android\src\main\java\expo\modules\kotlin\classcomponent\ClassComponentBuilder.kt
D:\aarambh\frontend\node_modules\expo-modules-core\android\src\main\java\expo\modules\kotlin\jni\JavaScriptObject.kt
D:\aarambh\frontend\node_modules\expo-modules-core\android\src\main\java\expo\modules\kotlin\views\ViewManagerType.kt
D:\aarambh\frontend\node_modules\expo-modules-core\android\src\main\java\expo\modules\kotlin\views\ErrorView.kt
D:\aarambh\frontend\node_modules\expo-modules-core\android\src\main\java\expo\modules\kotlin\views\ViewWrapperDelegateHolder.kt
D:\aarambh\frontend\node_modules\expo-modules-core\android\src\main\java\expo\modules\kotlin\typedarray\TypedArray.kt
D:\aarambh\frontend\node_modules\expo-modules-core\android\src\main\java\expo\modules\kotlin\types\ArrayTypeConverter.kt
D:\aarambh\frontend\node_modules\expo-modules-core\android\src\main\java\expo\modules\kotlin\exception\ExceptionDecorator.kt
D:\aarambh\frontend\node_modules\expo-modules-core\android\src\main\java\expo\modules\kotlin\views\decorators\CSSProps.kt
D:\aarambh\frontend\node_modules\expo-modules-core\android\src\main\java\expo\modules\kotlin\ModulesProvider.kt
D:\aarambh\frontend\node_modules\expo-modules-core\android\src\main\java\expo\modules\kotlin\defaultmodules\CoreModule.kt
D:\aarambh\frontend\node_modules\expo-modules-core\android\src\main\java\expo\modules\interfaces\filesystem\AppDirectoriesModuleInterface.kt
D:\aarambh\frontend\node_modules\expo-modules-core\android\src\main\java\expo\modules\kotlin\jni\JavaScriptTypedArray.kt
D:\aarambh\frontend\node_modules\expo-modules-core\android\src\main\java\expo\modules\kotlin\types\ListTypeConverter.kt
D:\aarambh\frontend\node_modules\expo-modules-core\android\src\main\java\expo\modules\core\logging\PersistentFileLogSerialDispatchQueue.kt
D:\aarambh\frontend\node_modules\expo-modules-core\android\src\main\java\expo\modules\kotlin\ReadableArrayIterator.kt
D:\aarambh\frontend\node_modules\expo-modules-core\android\src\main\java\expo\modules\kotlin\views\ViewDefinitionBuilder.kt
D:\aarambh\frontend\node_modules\expo-modules-core\android\src\main\java\expo\modules\core\utilities\EmulatorUtilities.kt
D:\aarambh\frontend\node_modules\expo-modules-core\android\src\main\java\expo\modules\kotlin\jni\JavaScriptWeakObject.kt
D:\aarambh\frontend\node_modules\expo-modules-core\android\src\main\java\expo\modules\kotlin\DynamicExtenstions.kt
D:\aarambh\frontend\node_modules\expo-modules-core\android\src\main\java\expo\modules\kotlin\ExpoModulesHelper.kt
D:\aarambh\frontend\node_modules\expo-modules-core\android\src\main\java\expo\modules\kotlin\records\FieldValidator.kt
D:\aarambh\frontend\node_modules\expo-modules-core\android\src\main\java\expo\modules\core\logging\LogHandler.kt
D:\aarambh\frontend\node_modules\expo-modules-core\android\src\main\java\expo\modules\kotlin\functions\AsyncFunctionBuilder.kt
D:\aarambh\frontend\node_modules\expo-modules-core\android\src\main\java\expo\modules\kotlin\FilteredIterator.kt
D:\aarambh\frontend\node_modules\expo-modules-core\android\src\main\java\expo\modules\kotlin\objects\ConstantComponent.kt
D:\aarambh\frontend\node_modules\expo-modules-core\android\src\main\java\expo\modules\kotlin\objects\PropertyComponent.kt
D:\aarambh\frontend\node_modules\expo-modules-core\android\src\main\java\expo\modules\kotlin\types\ValueOrUndefined.kt
D:\aarambh\frontend\node_modules\expo-modules-core\android\src\main\java\expo\modules\kotlin\functions\SuspendFunctionComponent.kt
D:\aarambh\frontend\node_modules\expo-modules-core\android\src\main\java\expo\modules\kotlin\activityaware\OnActivityAvailableListener.kt
D:\aarambh\frontend\node_modules\expo-modules-core\android\src\main\java\expo\modules\kotlin\types\folly\FollyDynamicExtensionConverter.kt
D:\aarambh\frontend\node_modules\expo-modules-core\android\src\main\java\expo\modules\kotlin\defaultmodules\JSLoggerModule.kt
D:\aarambh\frontend\node_modules\expo-modules-core\android\src\main\java\expo\modules\kotlin\events\EventsDefinition.kt
D:\aarambh\frontend\node_modules\expo-modules-core\android\src\withoutCompose\expo\modules\kotlin\views\ModuleDefinitionBuilderComposeExtension.kt
D:\aarambh\frontend\node_modules\expo-modules-core\android\src\main\java\expo\modules\kotlin\functions\BaseAsyncFunctionComponent.kt
D:\aarambh\frontend\node_modules\expo-modules-core\android\src\main\java\expo\modules\kotlin\views\ShadowNodeProxy.kt
D:\aarambh\frontend\node_modules\expo-modules-core\android\src\main\java\expo\modules\kotlin\events\EventName.kt
D:\aarambh\frontend\node_modules\expo-modules-core\android\src\main\java\expo\modules\kotlin\defaultmodules\NativeModulesProxyModule.kt
D:\aarambh\frontend\node_modules\expo-modules-core\android\src\main\java\expo\modules\core\logging\LoggerUtils.kt
D:\aarambh\frontend\node_modules\expo-modules-core\android\src\main\java\expo\modules\kotlin\activityresult\AppContextActivityResultContract.kt
D:\aarambh\frontend\node_modules\expo-modules-core\android\src\main\java\expo\modules\kotlin\allocators\ObjectConstructorFactory.kt
D:\aarambh\frontend\node_modules\expo-modules-core\android\src\main\java\expo\modules\kotlin\exception\CodedException.kt
D:\aarambh\frontend\node_modules\expo-modules-core\android\src\main\java\expo\modules\kotlin\functions\AsyncFunctionWithPromiseComponent.kt
D:\aarambh\frontend\node_modules\expo-modules-core\android\src\main\java\expo\modules\kotlin\objects\EventObservingDefinition.kt
D:\aarambh\frontend\node_modules\expo-modules-core\android\src\main\java\expo\modules\kotlin\apifeatures\Features.kt
D:\aarambh\frontend\node_modules\expo-modules-core\android\src\main\java\expo\modules\kotlin\modules\ModuleConvertersBuilder.kt
D:\aarambh\frontend\node_modules\expo-modules-core\android\src\main\java\expo\modules\kotlin\functions\SyncFunctionComponent.kt
D:\aarambh\frontend\node_modules\expo-modules-core\android\src\main\java\expo\modules\core\ModulePriorities.kt
D:\aarambh\frontend\node_modules\expo-modules-core\android\src\main\java\expo\modules\kotlin\records\RecordTypeConverter.kt
D:\aarambh\frontend\node_modules\expo-modules-core\android\src\main\java\expo\modules\kotlin\types\DurationTypeConverter.kt
D:\aarambh\frontend\node_modules\expo-modules-core\android\src\main\java\expo\modules\kotlin\functions\FunctionBuilder.kt
D:\aarambh\frontend\node_modules\expo-modules-core\android\src\main\java\expo\modules\kotlin\functions\UntypedAsyncFunctionComponent.kt
D:\aarambh\frontend\node_modules\expo-modules-core\android\src\main\java\expo\modules\kotlin\devtools\cdp\CdpNetworkTypes.kt
D:\aarambh\frontend\node_modules\expo-modules-core\android\src\main\java\expo\modules\kotlin\providers\AppContextProvider.kt
D:\aarambh\frontend\node_modules\expo-modules-core\android\src\main\java\expo\modules\kotlin\traits\SavableTrait.kt
D:\aarambh\frontend\node_modules\expo-modules-core\android\src\main\java\expo\modules\kotlin\ReactLifecycleDelegate.kt
D:\aarambh\frontend\node_modules\expo-modules-core\android\src\main\java\expo\modules\kotlin\records\Field.kt
D:\aarambh\frontend\node_modules\expo-modules-core\android\src\main\java\expo\modules\kotlin\types\EnforceType.kt
2026-08-14 11:39:20.348 [daemon] INFO: Message: warning: 'val reactNativeHost: ReactNativeHost' is deprecated. You should not use ReactNativeHost directly in the New Architecture. Use ReactHost instead.
          val reactInstanceManager = (context.applicationContext as ReactApplication).reactNativeHost.reactInstanceManager
                                                                                      ^^^^^^^^^^^^^^^
2026-08-14 11:39:20.348 [daemon] INFO: Message: warning: 'val reactNativeHost: ReactNativeHost' is deprecated. You should not use ReactNativeHost directly in the New Architecture. Use ReactHost instead.
        val reactNativeHost = (reactContext.applicationContext as ReactApplication).reactNativeHost
                                                                                    ^^^^^^^^^^^^^^^
2026-08-14 11:39:20.348 [daemon] INFO: Message: warning: 'val reactNativeHost: ReactNativeHost' is deprecated. You should not use ReactNativeHost directly in the New Architecture. Use ReactHost instead.
      val reactNativeHost = (reactContext.applicationContext as ReactApplication).reactNativeHost
                                                                                  ^^^^^^^^^^^^^^^
2026-08-14 11:39:20.349 [daemon] INFO: Message: warning: unchecked cast of 'Class<*>!' to 'Class<out HeadlessAppLoader>'.
      loaderClass = Class.forName(loaderClassName) as Class<out HeadlessAppLoader>
                                                   ^^^^^^^^^^^^^^^^^^^^^^^^^^^^^^^
2026-08-14 11:39:20.349 [daemon] INFO: Message: warning: 'typealias ErrorManagerModule = JSLoggerModule' is deprecated. Use JSLoggerModule instead.
import expo.modules.kotlin.defaultmodules.ErrorManagerModule
       ^^^^^^^^^^^^^^^^^^^^^^^^^^^^^^^^^^^^^^^^^^^^^^^^^^^^^
2026-08-14 11:39:20.349 [daemon] INFO: Message: warning: 'typealias ErrorManagerModule = JSLoggerModule' is deprecated. Use JSLoggerModule instead.
  val errorManager: ErrorManagerModule? by lazy {
                    ^^^^^^^^^^^^^^^^^^
2026-08-14 11:39:20.349 [daemon] INFO: Message: warning: 'val DEFAULT: Int' is deprecated. UIManagerType.DEFAULT will be deleted in the next release of React Native. Use [LEGACY] instead.
      UIManagerType.DEFAULT
                    ^^^^^^^
2026-08-14 11:39:20.349 [daemon] INFO: Message: warning: 'fun Constants(legacyConstantsProvider: () -> Map<String, Any?>): Unit' is deprecated. Use `Constant` or `Property` instead.
    Constants {
    ^^^^^^^^^
2026-08-14 11:39:20.349 [daemon] INFO: Message: warning: 'val errorManager: JSLoggerModule?' is deprecated. Use AppContext.jsLogger instead.
      val errorManager = appContextHolder?.get()?.errorManager
                                                  ^^^^^^^^^^^^
2026-08-14 11:39:20.349 [daemon] INFO: Message: warning: 'fun reportExceptionToLogBox(codedException: CodedException): Unit' is deprecated. Use appContext.jsLogger.error(...) instead.
        errorManager.reportExceptionToLogBox(exception)
                     ^^^^^^^^^^^^^^^^^^^^^^^
2026-08-14 11:39:20.349 [daemon] INFO: Message: warning: 'val errorManager: JSLoggerModule?' is deprecated. Use AppContext.jsLogger instead.
    appContext.errorManager?.reportExceptionToLogBox(
               ^^^^^^^^^^^^
2026-08-14 11:39:20.350 [daemon] INFO: Message: warning: 'fun reportExceptionToLogBox(codedException: CodedException): Unit' is deprecated. Use appContext.jsLogger.error(...) instead.
    appContext.errorManager?.reportExceptionToLogBox(
                             ^^^^^^^^^^^^^^^^^^^^^^^
2026-08-14 11:39:20.350 [daemon] INFO: Message: warning: 'val errorManager: JSLoggerModule?' is deprecated. Use AppContext.jsLogger instead.
    appContext.errorManager?.reportExceptionToLogBox(exception)
               ^^^^^^^^^^^^
2026-08-14 11:39:20.350 [daemon] INFO: Message: warning: 'fun reportExceptionToLogBox(codedException: CodedException): Unit' is deprecated. Use appContext.jsLogger.error(...) instead.
    appContext.errorManager?.reportExceptionToLogBox(exception)
                             ^^^^^^^^^^^^^^^^^^^^^^^
2026-08-14 11:39:23.468 [compiler] INFO: Done with result 0
2026-08-14 11:39:23.473 [compiler] INFO: cleaning after session 8
2026-08-14 11:40:25.269 [compiler] INFO: getDaemonJVMOptions: DaemonJVMOptions(maxMemory=2048m, maxMetaspaceSize=512m, reservedCodeCacheSize=320m, jvmParams=[-Djava.io.tmpdir=D:/aarambh/.tmp-build, -Djava.awt.headless=true, -Djava.rmi.server.hostname=127.0.0.1, -Dkotlin.environment.keepalive, -ea, -XX:+UseCodeCacheFlushing, -XX:+UseParallelGC, -Dkotlin.daemon.initiator.marker.file=D:\aarambh\.tmp-build\kotlin-compiler-in-expogradleplugin-16492466878395323379.alive, --add-exports=java.base/sun.nio.ch=ALL-UNNAMED, Dkotlin.environment.keepalive, ea])
2026-08-14 11:40:25.270 [compiler] INFO: Registered a client alive file: D:\aarambh\.tmp-build\kotlin-compiler-in-hms-8567579073821835045.alive
2026-08-14 11:40:25.271 [compiler] INFO: leased a new session 9, session alive file: D:\aarambh\frontend\android\.kotlin\sessions\kotlin-compiler-15786901465648546014.salive
2026-08-14 11:40:25.281 [compiler] INFO: Starting compilation with args: -Xallow-no-source-files -classpath C:\Users\USER\AppData\Local\Android\Sdk\platforms\android-35\android.jar;C:\Users\USER\AppData\Local\Android\Sdk\build-tools\35.0.0\core-lambda-stubs.jar;D:\aarambh\frontend\node_modules\expo-constants\android\build\intermediates\compile_r_class_jar\release\generateReleaseRFile\R.jar;D:\aarambh\frontend\node_modules\expo-modules-core\android\build\intermediates\compile_library_classes_jar\release\bundleLibCompileToJarRelease\classes.jar;C:\Users\USER\.gradle\caches\8.14.3\transforms\4a0ca62bd78b1f68356b71f965088457\transformed\core-ktx-1.13.1-api.jar;C:\Users\USER\.gradle\caches\8.14.3\transforms\d318b0cd10ef97c153883e0296921532\transformed\core-1.13.1-api.jar;C:\Users\USER\.gradle\caches\modules-2\files-2.1\androidx.lifecycle\lifecycle-common\2.6.2\10f354fdb64868baecd67128560c5a0d6312c495\lifecycle-common-2.6.2.jar;C:\Users\USER\.gradle\caches\8.14.3\transforms\e3f9a29beb4bf4a081a9fa6d3130cda0\transformed\lifecycle-runtime-2.6.2-api.jar;C:\Users\USER\.gradle\caches\8.14.3\transforms\94bb797470a6866e2e8007defe3e14d1\transformed\versionedparcelable-1.1.1-api.jar;C:\Users\USER\.gradle\caches\modules-2\files-2.1\androidx.arch.core\core-common\2.2.0\5e1b8b81dfd5f52c56a8d53b18ca759c19a301f3\core-common-2.2.0.jar;C:\Users\USER\.gradle\caches\modules-2\files-2.1\androidx.collection\collection\1.0.0\42858b26cafdaa69b6149f45dfc2894007bc2c7a\collection-1.0.0.jar;C:\Users\USER\.gradle\caches\modules-2\files-2.1\androidx.annotation\annotation\1.0.0\45599f2cd5965ac05a1488fa2a5c0cdd7c499ead\annotation-1.0.0.jar;C:\Users\USER\.gradle\caches\modules-2\files-2.1\org.jetbrains.kotlinx\kotlinx-coroutines-core-jvm\1.7.3\2b09627576f0989a436a00a4a54b55fa5026fb86\kotlinx-coroutines-core-jvm-1.7.3.jar;C:\Users\USER\.gradle\caches\modules-2\files-2.1\org.jetbrains.kotlinx\kotlinx-coroutines-android\1.7.3\38d9cad3a0b03a10453b56577984bdeb48edeed5\kotlinx-coroutines-android-1.7.3.jar;C:\Users\USER\.gradle\caches\modules-2\files-2.1\org.jetbrains.kotlin\kotlin-stdlib-jdk8\1.8.20\73576ddf378c5b4f1f6b449fe6b119b8183fc078\kotlin-stdlib-jdk8-1.8.20.jar;C:\Users\USER\.gradle\caches\8.14.3\transforms\fe4765dadb362e889f4ccdd9a1c954c0\transformed\annotation-experimental-1.4.0-api.jar;C:\Users\USER\.gradle\caches\modules-2\files-2.1\org.jetbrains.kotlin\kotlin-stdlib\2.1.20\aa8ca79cd50578314f6d1180c47cbe14c0fee567\kotlin-stdlib-2.1.20.jar;C:\Users\USER\.gradle\caches\modules-2\files-2.1\org.jetbrains.kotlin\kotlin-stdlib-jdk7\2.1.20\72672df5e83231744c00550955b10acb71ed49d6\kotlin-stdlib-jdk7-2.1.20.jar;C:\Users\USER\.gradle\caches\modules-2\files-2.1\commons-io\commons-io\2.6\815893df5f31da2ece4040fe0a12fd44b577afaf\commons-io-2.6.jar;C:\Users\USER\.gradle\caches\modules-2\files-2.1\org.jetbrains\annotations\13.0\919f0dfe192fb4e063e7dacadee7f8bb9a2672a9\annotations-13.0.jar -d D:\aarambh\frontend\node_modules\expo-constants\android\build\tmp\kotlin-classes\release -jvm-target 17 -module-name expo-constants_release -no-jdk -no-reflect -no-stdlib D:\aarambh\frontend\node_modules\expo-constants\android\build\generated\source\buildConfig\release\expo\modules\constants\BuildConfig.java D:\aarambh\frontend\node_modules\expo-constants\android\src\main\java\expo\modules\constants\ConstantsModule.kt D:\aarambh\frontend\node_modules\expo-constants\android\src\main\java\expo\modules\constants\ConstantsPackage.kt D:\aarambh\frontend\node_modules\expo-constants\android\src\main\java\expo\modules\constants\ConstantsService.kt
2026-08-14 11:40:26.517 [daemon] INFO: Message: logging: using Kotlin home directory <no_path>
2026-08-14 11:40:26.517 [daemon] INFO: Message: logging: exception on loading scripting plugin: java.lang.ClassNotFoundException: org.jetbrains.kotlin.scripting.compiler.plugin.ScriptingCompilerConfigurationComponentRegistrar
2026-08-14 11:40:26.517 [daemon] INFO: Message: logging: scripting plugin will not be loaded: not all required jars are present in the classpath (missing files: [.\kotlin-scripting-compiler.jar, .\kotlin-scripting-compiler-impl.jar, .\kotlin-scripting-common.jar, .\kotlin-scripting-jvm.jar])
2026-08-14 11:40:26.517 [daemon] INFO: Message: logging: configuring the compilation environment
2026-08-14 11:40:26.517 [daemon] INFO: Message: output: output:
D:\aarambh\frontend\node_modules\expo-constants\android\build\tmp\kotlin-classes\release\expo\modules\constants\ConstantsModule.class
Sources:
D:\aarambh\frontend\node_modules\expo-constants\android\src\main\java\expo\modules\constants\ConstantsModule.kt
2026-08-14 11:40:26.518 [daemon] INFO: Message: output: output:
D:\aarambh\frontend\node_modules\expo-constants\android\build\tmp\kotlin-classes\release\expo\modules\constants\ConstantsModule$definition$1$1.class
Sources:
D:\aarambh\frontend\node_modules\expo-constants\android\src\main\java\expo\modules\constants\ConstantsModule.kt
2026-08-14 11:40:26.518 [daemon] INFO: Message: output: output:
D:\aarambh\frontend\node_modules\expo-constants\android\build\tmp\kotlin-classes\release\expo\modules\constants\ConstantsModule$definition$lambda$1$$inlined$AsyncFunction$1.class
Sources:
D:\aarambh\frontend\node_modules\expo-constants\android\src\main\java\expo\modules\constants\ConstantsModule.kt
2026-08-14 11:40:26.518 [daemon] INFO: Message: output: output:
D:\aarambh\frontend\node_modules\expo-constants\android\build\tmp\kotlin-classes\release\expo\modules\constants\ConstantsPackage.class
Sources:
D:\aarambh\frontend\node_modules\expo-constants\android\src\main\java\expo\modules\constants\ConstantsPackage.kt
2026-08-14 11:40:26.519 [daemon] INFO: Message: output: output:
D:\aarambh\frontend\node_modules\expo-constants\android\build\tmp\kotlin-classes\release\expo\modules\constants\ConstantsService.class
Sources:
D:\aarambh\frontend\node_modules\expo-constants\android\src\main\java\expo\modules\constants\ConstantsService.kt
2026-08-14 11:40:26.519 [daemon] INFO: Message: output: output:
D:\aarambh\frontend\node_modules\expo-constants\android\build\tmp\kotlin-classes\release\expo\modules\constants\ConstantsService$ExecutionEnvironment.class
Sources:
D:\aarambh\frontend\node_modules\expo-constants\android\src\main\java\expo\modules\constants\ConstantsService.kt
2026-08-14 11:40:26.519 [daemon] INFO: Message: output: output:
D:\aarambh\frontend\node_modules\expo-constants\android\build\tmp\kotlin-classes\release\expo\modules\constants\ConstantsService$Companion.class
Sources:
D:\aarambh\frontend\node_modules\expo-constants\android\src\main\java\expo\modules\constants\ConstantsService.kt
2026-08-14 11:40:26.519 [daemon] INFO: Message: output: output:
D:\aarambh\frontend\node_modules\expo-constants\android\build\tmp\kotlin-classes\release\expo\modules\constants\ConstantsServiceKt.class
Sources:
D:\aarambh\frontend\node_modules\expo-constants\android\src\main\java\expo\modules\constants\ConstantsService.kt
2026-08-14 11:40:26.521 [daemon] INFO: Message: output: output:
D:\aarambh\frontend\node_modules\expo-constants\android\build\tmp\kotlin-classes\release\META-INF\expo-constants_release.kotlin_module
Sources:
D:\aarambh\frontend\node_modules\expo-constants\android\src\main\java\expo\modules\constants\ConstantsModule.kt
D:\aarambh\frontend\node_modules\expo-constants\android\src\main\java\expo\modules\constants\ConstantsPackage.kt
D:\aarambh\frontend\node_modules\expo-constants\android\src\main\java\expo\modules\constants\ConstantsService.kt
2026-08-14 11:40:26.521 [daemon] INFO: Message: warning: 'fun Constants(legacyConstantsProvider: () -> Map<String, Any?>): Unit' is deprecated. Use `Constant` or `Property` instead.
    Constants {
    ^^^^^^^^^
2026-08-14 11:40:27.017 [compiler] INFO: Done with result 0
2026-08-14 11:40:27.018 [compiler] INFO: cleaning after session 9
2026-08-14 11:40:40.524 [compiler] INFO: getDaemonJVMOptions: DaemonJVMOptions(maxMemory=2048m, maxMetaspaceSize=512m, reservedCodeCacheSize=320m, jvmParams=[-Djava.io.tmpdir=D:/aarambh/.tmp-build, -Djava.awt.headless=true, -Djava.rmi.server.hostname=127.0.0.1, -Dkotlin.environment.keepalive, -ea, -XX:+UseCodeCacheFlushing, -XX:+UseParallelGC, -Dkotlin.daemon.initiator.marker.file=D:\aarambh\.tmp-build\kotlin-compiler-in-expogradleplugin-16492466878395323379.alive, --add-exports=java.base/sun.nio.ch=ALL-UNNAMED, Dkotlin.environment.keepalive, ea])
2026-08-14 11:40:40.525 [compiler] INFO: Registered a client alive file: D:\aarambh\.tmp-build\kotlin-compiler-in-hms-8567579073821835045.alive
2026-08-14 11:40:40.527 [compiler] INFO: leased a new session 10, session alive file: D:\aarambh\frontend\android\.kotlin\sessions\kotlin-compiler-15786901465648546014.salive
2026-08-14 11:40:40.565 [compiler] INFO: Starting compilation with args: -Xallow-no-source-files -classpath C:\Users\USER\AppData\Local\Android\Sdk\platforms\android-35\android.jar;C:\Users\USER\AppData\Local\Android\Sdk\build-tools\35.0.0\core-lambda-stubs.jar;D:\aarambh\frontend\node_modules\expo\android\build\intermediates\compile_r_class_jar\release\generateReleaseRFile\R.jar;D:\aarambh\frontend\node_modules\expo-constants\android\build\intermediates\compile_library_classes_jar\release\bundleLibCompileToJarRelease\classes.jar;D:\aarambh\frontend\node_modules\expo-modules-core\android\build\intermediates\compile_library_classes_jar\release\bundleLibCompileToJarRelease\classes.jar;C:\Users\USER\.gradle\caches\8.14.3\transforms\1fa96372100b708b50c0d0db7f464213\transformed\expo.modules.asset-12.0.13-api.jar;C:\Users\USER\.gradle\caches\8.14.3\transforms\2416aae898d47c9e3a119be79de7b60b\transformed\expo.modules.av-16.0.8-api.jar;C:\Users\USER\.gradle\caches\8.14.3\transforms\4bcc5e7ad33f3cbe3c22d51681162c22\transformed\expo.modules.camera-17.0.10-api.jar;C:\Users\USER\.gradle\caches\8.14.3\transforms\c023bd3fdd86995cf79f12bd73af60fa\transformed\expo.modules.filesystem-19.0.23-api.jar;C:\Users\USER\.gradle\caches\8.14.3\transforms\67fbb4009f46facd572ee96b6230465c\transformed\expo.modules.font-14.0.12-api.jar;C:\Users\USER\.gradle\caches\8.14.3\transforms\e863cdc698d30954d748e8101002893d\transformed\expo.modules.haptics-15.0.8-api.jar;C:\Users\USER\.gradle\caches\8.14.3\transforms\057b31f3b28403d6dfa2269ae0af19e4\transformed\expo.modules.image-3.0.11-api.jar;C:\Users\USER\.gradle\caches\8.14.3\transforms\7270324095a941b263a6c405b54f3e20\transformed\expo.modules.imageloader-6.0.0-api.jar;C:\Users\USER\.gradle\caches\8.14.3\transforms\2ec0f6fbc9a0162d14e4ed7372f88637\transformed\expo.modules.imagepicker-17.0.11-api.jar;C:\Users\USER\.gradle\caches\8.14.3\transforms\be1f4b9cb8f186570fe27acaebf3b50b\transformed\expo.modules.keepawake-15.0.8-api.jar;C:\Users\USER\.gradle\caches\8.14.3\transforms\2f789bdbd8b3ddd8bc8862b9181e87a7\transformed\expo.modules.lineargradient-15.0.8-api.jar;C:\Users\USER\.gradle\caches\8.14.3\transforms\7819b0b019164bbe7002fdf2f8aeee23\transformed\expo.modules.linking-8.0.12-api.jar;C:\Users\USER\.gradle\caches\8.14.3\transforms\a0c77073197a47686ebaf000a5403e27\transformed\expo.modules.screenorientation-9.0.9-api.jar;C:\Users\USER\.gradle\caches\8.14.3\transforms\53abc72f26b631dd81208ad0b6c32b3e\transformed\expo.modules.speech-14.0.8-api.jar;C:\Users\USER\.gradle\caches\8.14.3\transforms\6663758ab8561ef3d9541d1f852272ef\transformed\expo.modules.splashscreen-31.0.13-api.jar;C:\Users\USER\.gradle\caches\8.14.3\transforms\03a3ea4b2853cba0cad17e6520059197\transformed\expo.modules.systemui-6.0.9-api.jar;C:\Users\USER\.gradle\caches\8.14.3\transforms\a5b7afef427647bd813fe7110fb232c0\transformed\expo.modules.webbrowser-15.0.11-api.jar;C:\Users\USER\.gradle\caches\8.14.3\transforms\d1ff2d2667f7d4e152e45f9118f2ba54\transformed\react-android-0.81.5-release-api.jar;C:\Users\USER\.gradle\caches\modules-2\files-2.1\org.jetbrains.kotlinx\kotlinx-coroutines-core-jvm\1.8.1\bb0e192bd7c2b6b8217440d36e9758e377e450\kotlinx-coroutines-core-jvm-1.8.1.jar;C:\Users\USER\.gradle\caches\8.14.3\transforms\1f5ea2951bb611e7f591bd6687a5e4e1\transformed\appcompat-resources-1.7.1-api.jar;C:\Users\USER\.gradle\caches\8.14.3\transforms\955f900ada12ab85ea6f23888ec6d01c\transformed\appcompat-1.7.1-api.jar;C:\Users\USER\.gradle\caches\8.14.3\transforms\df043c4b05566b07f43b273707dfd326\transformed\legacy-support-v4-1.0.0-api.jar;C:\Users\USER\.gradle\caches\8.14.3\transforms\4d0292250667680c20e25575f9a37987\transformed\okhttp3-integration-4.11.0-api.jar;C:\Users\USER\.gradle\caches\8.14.3\transforms\bab356546965b2457c0599f2f932c7c8\transformed\glide-4.16.0-api.jar;C:\Users\USER\.gradle\caches\8.14.3\transforms\c460eb590b0f6beb0f9946f0bce8f08e\transformed\fragment-1.5.4-api.jar;C:\Users\USER\.gradle\caches\8.14.3\transforms\023e641e1c73ac3e83a64fe2449c549e\transformed\activity-1.10.0-api.jar;C:\Users\USER\.gradle\caches\8.14.3\transforms\eca7756d41a46e9bd358e4f0acb9b779\transformed\legacy-support-core-ui-1.0.0-api.jar;C:\Users\USER\.gradle\caches\8.14.3\transforms\14bfa4f4c56347b12d1dca078fe5a968\transformed\legacy-support-core-utils-1.0.0-api.jar;C:\Users\USER\.gradle\caches\8.14.3\transforms\83befa9fe345790bcb86999c9ab833a9\transformed\loader-1.0.0-api.jar;C:\Users\USER\.gradle\caches\8.14.3\transforms\5b9dc94874c69aceffcbcf1289f733a5\transformed\lifecycle-livedata-2.6.2-api.jar;C:\Users\USER\.gradle\caches\8.14.3\transforms\2aab3f128cbfa120a57c7d864ad46606\transformed\lifecycle-livedata-core-2.6.2-api.jar;C:\Users\USER\.gradle\caches\8.14.3\transforms\d639df3c93d57cde14d3952cacc96571\transformed\lifecycle-viewmodel-2.6.2-api.jar;C:\Users\USER\.gradle\caches\8.14.3\transforms\8e120a65084baef22be3a36d56477435\transformed\lifecycle-viewmodel-savedstate-2.6.2-api.jar;C:\Users\USER\.gradle\caches\8.14.3\transforms\4a0ca62bd78b1f68356b71f965088457\transformed\core-ktx-1.13.1-api.jar;C:\Users\USER\.gradle\caches\8.14.3\transforms\0fe100c47143b76accb5b7d7ae4a710b\transformed\browser-1.6.0-api.jar;C:\Users\USER\.gradle\caches\8.14.3\transforms\6e738d9f7137c038d33487deec09956f\transformed\swiperefreshlayout-1.1.0-api.jar;C:\Users\USER\.gradle\caches\8.14.3\transforms\8c4d73a67a927c2fc1a0e415d4127a6f\transformed\drawerlayout-1.0.0-api.jar;C:\Users\USER\.gradle\caches\8.14.3\transforms\b4223055add3eec120d35a05bd629137\transformed\exoplayer-2.18.1-api.jar;C:\Users\USER\.gradle\caches\8.14.3\transforms\3825a67be219e17ad6a3924531576036\transformed\exoplayer-ui-2.18.1-api.jar;C:\Users\USER\.gradle\caches\8.14.3\transforms\9c8f078dfdfe74992c038324cb57ef36\transformed\media-1.4.3-api.jar;C:\Users\USER\.gradle\caches\8.14.3\transforms\73dd28ce8c5b7965336a8642ba9d0c6b\transformed\vectordrawable-animated-1.1.0-api.jar;C:\Users\USER\.gradle\caches\8.14.3\transforms\9dcf144118bd36515d2f9f5e19d892e8\transformed\vectordrawable-1.1.0-api.jar;C:\Users\USER\.gradle\caches\8.14.3\transforms\d980fb07799502ea8fbc668cb38687e3\transformed\viewpager-1.0.0-api.jar;C:\Users\USER\.gradle\caches\8.14.3\transforms\fa66c6858c67d947193f720c8a86aa0a\transformed\coordinatorlayout-1.0.0-api.jar;C:\Users\USER\.gradle\caches\8.14.3\transforms\c6341e864d20da35cff6db74731eeea4\transformed\slidingpanelayout-1.0.0-api.jar;C:\Users\USER\.gradle\caches\8.14.3\transforms\7bb9bee32eb95885e69ad729cf192403\transformed\customview-1.0.0-api.jar;C:\Users\USER\.gradle\caches\8.14.3\transforms\d55654f9aa66709e13a622895892e2d6\transformed\asynclayoutinflater-1.0.0-api.jar;C:\Users\USER\.gradle\caches\8.14.3\transforms\d318b0cd10ef97c153883e0296921532\transformed\core-1.13.1-api.jar;C:\Users\USER\.gradle\caches\8.14.3\transforms\e3f9a29beb4bf4a081a9fa6d3130cda0\transformed\lifecycle-runtime-2.6.2-api.jar;C:\Users\USER\.gradle\caches\modules-2\files-2.1\androidx.lifecycle\lifecycle-common\2.6.2\10f354fdb64868baecd67128560c5a0d6312c495\lifecycle-common-2.6.2.jar;C:\Users\USER\.gradle\caches\modules-2\files-2.1\org.jetbrains.kotlinx\kotlinx-coroutines-android\1.8.1\73e2acdd18df99dd4849d99f188dff529fc0afe0\kotlinx-coroutines-android-1.8.1.jar;C:\Users\USER\.gradle\caches\8.14.3\transforms\6020e9fef9040d063341cdc85de54e29\transformed\extension-okhttp-2.18.1-api.jar;C:\Users\USER\.gradle\caches\modules-2\files-2.1\com.squareup.okhttp3\okhttp-urlconnection\4.9.2\3b9e64d3d56370bc7488ed8b336d17a8013cb336\okhttp-urlconnection-4.9.2.jar;C:\Users\USER\.gradle\caches\8.14.3\transforms\671cb54975d8f40a4a1e92a0e3d032e4\transformed\imagepipeline-okhttp3-3.6.0-api.jar;C:\Users\USER\.gradle\caches\modules-2\files-2.1\com.squareup.okhttp3\okhttp\4.9.2\5302714ee9320b64cf65ed865e5f65981ef9ba46\okhttp-4.9.2.jar;C:\Users\USER\.gradle\caches\modules-2\files-2.1\com.squareup.okio\okio\2.9.0\dcc813b08ce5933f8bdfd1dfbab4ad4bd170e7a\okio-jvm-2.9.0.jar;C:\Users\USER\.gradle\caches\8.14.3\transforms\a8355b39797f4cf2f67a0fa6d49c06c4\transformed\fresco-3.6.0-api.jar;C:\Users\USER\.gradle\caches\8.14.3\transforms\64d0fa98e2fdd18bd92058f853bb2b86\transformed\middleware-3.6.0-api.jar;C:\Users\USER\.gradle\caches\8.14.3\transforms\a202ed36926b5a76a703cb7e2f2c5751\transformed\ui-common-3.6.0-api.jar;C:\Users\USER\.gradle\caches\8.14.3\transforms\3a775bbafbb9cb49a1391eb92850dd8c\transformed\cursoradapter-1.0.0-api.jar;C:\Users\USER\.gradle\caches\8.14.3\transforms\f32a874dc8eeb4a88ed7b518904d2cb5\transformed\savedstate-1.2.1-api.jar;C:\Users\USER\.gradle\caches\8.14.3\transforms\1364bc70ecb254f2e9cfb17c7dfa11cb\transformed\gifdecoder-4.16.0-api.jar;C:\Users\USER\.gradle\caches\8.14.3\transforms\36fc2506a8d74a32e2907d227725bcb5\transformed\interpolator-1.0.0-api.jar;C:\Users\USER\.gradle\caches\8.14.3\transforms\94bb797470a6866e2e8007defe3e14d1\transformed\versionedparcelable-1.1.1-api.jar;C:\Users\USER\.gradle\caches\modules-2\files-2.1\androidx.collection\collection\1.1.0\1f27220b47669781457de0d600849a5de0e89909\collection-1.1.0.jar;C:\Users\USER\.gradle\caches\8.14.3\transforms\49cd3ec05ef241cd5b4523bc66382495\transformed\localbroadcastmanager-1.0.0-api.jar;C:\Users\USER\.gradle\caches\8.14.3\transforms\c01918becd85ee843b2a0a4c59047d1c\transformed\print-1.0.0-api.jar;C:\Users\USER\.gradle\caches\8.14.3\transforms\2ab20d9d5d474cf53e1e3f253abb1f2d\transformed\core-runtime-2.2.0-api.jar;C:\Users\USER\.gradle\caches\modules-2\files-2.1\androidx.arch.core\core-common\2.2.0\5e1b8b81dfd5f52c56a8d53b18ca759c19a301f3\core-common-2.2.0.jar;C:\Users\USER\.gradle\caches\modules-2\files-2.1\androidx.annotation\annotation-jvm\1.8.1\b8a16fe526014b7941c1debaccaf9c5153692dbb\annotation-jvm-1.8.1.jar;C:\Users\USER\.gradle\caches\modules-2\files-2.1\org.jetbrains.kotlin\kotlin-stdlib-jdk8\1.8.0\ed04f49e186a116753ad70d34f0ac2925d1d8020\kotlin-stdlib-jdk8-1.8.0.jar;C:\Users\USER\.gradle\caches\8.14.3\transforms\4e4010baa57e6a86d782abc833c927fd\transformed\fbcore-3.6.0-api.jar;C:\Users\USER\.gradle\caches\8.14.3\transforms\0de1c15f3e05c31c8d70661bfd1d6a47\transformed\drawee-3.6.0-api.jar;C:\Users\USER\.gradle\caches\8.14.3\transforms\e1e52e548cd431bef86ab3a75a5c57de\transformed\annotation-experimental-1.4.1-api.jar;C:\Users\USER\.gradle\caches\8.14.3\transforms\b1e85b97fa94f4b4f51a96cf3bc4a184\transformed\ui-core-3.6.0-api.jar;C:\Users\USER\.gradle\caches\8.14.3\transforms\4c3663dde0ea3f7565f2c57944c8f1e4\transformed\imagepipeline-3.6.0-api.jar;C:\Users\USER\.gradle\caches\8.14.3\transforms\befab0bcb77e7b2e3959c99126ce0b97\transformed\imagepipeline-base-3.6.0-api.jar;C:\Users\USER\.gradle\caches\modules-2\files-2.1\org.jetbrains.kotlin\kotlin-stdlib\2.1.20\aa8ca79cd50578314f6d1180c47cbe14c0fee567\kotlin-stdlib-2.1.20.jar;C:\Users\USER\.gradle\caches\modules-2\files-2.1\org.jetbrains.kotlin\kotlin-stdlib-jdk7\2.1.20\72672df5e83231744c00550955b10acb71ed49d6\kotlin-stdlib-jdk7-2.1.20.jar;C:\Users\USER\.gradle\caches\modules-2\files-2.1\org.jetbrains\annotations\23.0.0\8cc20c07506ec18e0834947b84a864bfc094484e\annotations-23.0.0.jar;C:\Users\USER\.gradle\caches\modules-2\files-2.1\commons-io\commons-io\2.6\815893df5f31da2ece4040fe0a12fd44b577afaf\commons-io-2.6.jar;C:\Users\USER\.gradle\caches\8.14.3\transforms\5b1784285565ab57b49cb1855fd15998\transformed\exoplayer-core-2.18.1-api.jar;C:\Users\USER\.gradle\caches\8.14.3\transforms\781bd79a515e2e17c32e813f01ff6c62\transformed\exoplayer-common-2.18.1-api.jar;C:\Users\USER\.gradle\caches\modules-2\files-2.1\com.google.guava\guava\31.0.1-android\b400db548e748a1a60ba18543ad4fbb44a675a69\guava-31.0.1-android.jar;C:\Users\USER\.gradle\caches\modules-2\files-2.1\com.google.guava\listenablefuture\9999.0-empty-to-avoid-conflict-with-guava\b421526c5f297295adef1c886e5246c39d4ac629\listenablefuture-9999.0-empty-to-avoid-conflict-with-guava.jar;C:\Users\USER\.gradle\caches\8.14.3\transforms\4da89da7893dafdd0519ee6d5f348d7c\transformed\tracing-1.2.0-api.jar;C:\Users\USER\.gradle\caches\8.14.3\transforms\4e111bc800d855cf56e037e7617c86e0\transformed\autofill-1.1.0-api.jar;C:\Users\USER\.gradle\caches\8.14.3\transforms\6f43cc58917cfcc57bfebe52d8937386\transformed\fbjni-0.7.0-api.jar;C:\Users\USER\.gradle\caches\8.14.3\transforms\706c4a8633264bb32af03ccd4b8da323\transformed\soloader-0.12.1-api.jar;C:\Users\USER\.gradle\caches\modules-2\files-2.1\com.facebook.soloader\nativeloader\0.12.1\492cc5082540e19b29328f2f56c53255cb6e7cc6\nativeloader-0.12.1.jar;C:\Users\USER\.gradle\caches\modules-2\files-2.1\com.facebook.soloader\annotation\0.12.1\945ada76f62253ba8e72cbf755d0e85ea7362cfe\annotation-0.12.1.jar;C:\Users\USER\.gradle\caches\modules-2\files-2.1\com.facebook.infer.annotation\infer-annotation\0.18.0\27539793fe93ed7d92b6376281c16cda8278ab2f\infer-annotation-0.18.0.jar;C:\Users\USER\.gradle\caches\modules-2\files-2.1\com.google.code.findbugs\jsr305\3.0.2\25ea2e8b0c338a877313bd4672d3fe056ea78f0d\jsr305-3.0.2.jar;C:\Users\USER\.gradle\caches\modules-2\files-2.1\org.jetbrains.kotlin\kotlin-annotations-jvm\1.3.72\7dba6c57de526588d8080317bda0c14cd88c8055\kotlin-annotations-jvm-1.3.72.jar;C:\Users\USER\.gradle\caches\8.14.3\transforms\f979db765c17764c8b881882b62e00c4\transformed\imagepipeline-native-3.6.0-api.jar;C:\Users\USER\.gradle\caches\8.14.3\transforms\c7fc4207dda0e4117bf7889d48864637\transformed\memory-type-ashmem-3.6.0-api.jar;C:\Users\USER\.gradle\caches\8.14.3\transforms\c8c7746c931f093cab61effeec53d35c\transformed\memory-type-native-3.6.0-api.jar;C:\Users\USER\.gradle\caches\8.14.3\transforms\31ba3c11c4274d08ea298783793ef95a\transformed\memory-type-java-3.6.0-api.jar;C:\Users\USER\.gradle\caches\8.14.3\transforms\2944c452ee02efe4f56aa06f0da44f09\transformed\nativeimagefilters-3.6.0-api.jar;C:\Users\USER\.gradle\caches\8.14.3\transforms\2ba82a540b29b924e7c18ccec0c9febd\transformed\nativeimagetranscoder-3.6.0-api.jar;C:\Users\USER\.gradle\caches\modules-2\files-2.1\com.facebook.yoga\proguard-annotations\1.19.0\fcbbb39052e6490eaaf6a6959c49c3a4fbe87c63\proguard-annotations-1.19.0.jar;C:\Users\USER\.gradle\caches\modules-2\files-2.1\javax.inject\javax.inject\1\6975da39a7040257bd51d21a231b76c915872d38\javax.inject-1.jar;C:\Users\USER\.gradle\caches\modules-2\files-2.1\com.google.guava\failureaccess\1.0.1\1dcf1de382a0bf95a3d8b0849546c88bac1292c9\failureaccess-1.0.1.jar;C:\Users\USER\.gradle\caches\8.14.3\transforms\56380cbf8cddcd4593cbc04c18d5c50f\transformed\exoplayer-database-2.18.1-api.jar;C:\Users\USER\.gradle\caches\8.14.3\transforms\4f747b708f033dd0cd624c64cfc124fd\transformed\exoplayer-datasource-2.18.1-api.jar;C:\Users\USER\.gradle\caches\8.14.3\transforms\58184616e26f643d3fd940e03a1359aa\transformed\exoplayer-decoder-2.18.1-api.jar;C:\Users\USER\.gradle\caches\8.14.3\transforms\af5478adde75ec4da370894303b4d825\transformed\exoplayer-extractor-2.18.1-api.jar;C:\Users\USER\.gradle\caches\8.14.3\transforms\322d4084b530fa42d006808123d64751\transformed\exoplayer-dash-2.18.1-api.jar;C:\Users\USER\.gradle\caches\8.14.3\transforms\edf3af24518bd862504b383afb8e3866\transformed\exoplayer-hls-2.18.1-api.jar;C:\Users\USER\.gradle\caches\8.14.3\transforms\397cf8f3e6ce4888619ca6e4804e2b38\transformed\exoplayer-rtsp-2.18.1-api.jar;C:\Users\USER\.gradle\caches\8.14.3\transforms\dccd2b07951075698c93b68608bd5eab\transformed\exoplayer-smoothstreaming-2.18.1-api.jar;C:\Users\USER\.gradle\caches\8.14.3\transforms\118aaf44475c7bb5096dab15ce9e5ca5\transformed\exifinterface-1.4.1-api.jar;C:\Users\USER\.gradle\caches\8.14.3\transforms\6464d83c2b24a90816835c73f397a795\transformed\documentfile-1.1.0-api.jar;C:\Users\USER\.gradle\caches\modules-2\files-2.1\org.jspecify\jspecify\1.0.0\7425a601c1c7ec76645a78d22b8c6a627edee507\jspecify-1.0.0.jar;C:\Users\USER\.gradle\caches\modules-2\files-2.1\commons-codec\commons-codec\1.10\4b95f4897fa13f2cd904aee711aeafc0c5295cd8\commons-codec-1.10.jar;C:\Users\USER\.gradle\caches\modules-2\files-2.1\com.github.bumptech.glide\disklrucache\4.16.0\411aa175d50d10b37c7a1a04d21a4e7145249557\disklrucache-4.16.0.jar;C:\Users\USER\.gradle\caches\modules-2\files-2.1\com.github.bumptech.glide\annotations\4.16.0\90730f6498299d207aa0878124ab7585969808f0\annotations-4.16.0.jar;C:\Users\USER\.gradle\caches\8.14.3\transforms\d905c142ef17370e13b16bb84bb82276\transformed\androidsvg-aar-1.4-api.jar -d D:\aarambh\frontend\node_modules\expo\android\build\tmp\kotlin-classes\release -jvm-target 17 -module-name expo_release -no-jdk -no-reflect -no-stdlib D:\aarambh\frontend\node_modules\expo\android\build\generated\expo\src\main\java\expo\modules\ExpoModulesPackageList.java D:\aarambh\frontend\node_modules\expo\android\build\generated\source\buildConfig\release\expo\core\BuildConfig.java D:\aarambh\frontend\node_modules\expo\android\src\main\java\expo\modules\ApplicationLifecycleDispatcher.kt D:\aarambh\frontend\node_modules\expo\android\src\main\java\expo\modules\ExpoModulesPackage.kt D:\aarambh\frontend\node_modules\expo\android\src\main\java\expo\modules\ExpoReactHostFactory.kt D:\aarambh\frontend\node_modules\expo\android\src\main\java\expo\modules\fetch\ExpoFetchModule.kt D:\aarambh\frontend\node_modules\expo\android\src\main\java\expo\modules\fetch\FetchExceptions.kt D:\aarambh\frontend\node_modules\expo\android\src\main\java\expo\modules\fetch\NativeRequest.kt D:\aarambh\frontend\node_modules\expo\android\src\main\java\expo\modules\fetch\NativeRequestCredentials.kt D:\aarambh\frontend\node_modules\expo\android\src\main\java\expo\modules\fetch\NativeRequestInit.kt D:\aarambh\frontend\node_modules\expo\android\src\main\java\expo\modules\fetch\NativeRequestRedirect.kt D:\aarambh\frontend\node_modules\expo\android\src\main\java\expo\modules\fetch\NativeResponse.kt D:\aarambh\frontend\node_modules\expo\android\src\main\java\expo\modules\fetch\NativeResponseInit.kt D:\aarambh\frontend\node_modules\expo\android\src\main\java\expo\modules\fetch\OkHttpFileUrlInterceptor.kt D:\aarambh\frontend\node_modules\expo\android\src\main\java\expo\modules\fetch\RequestUtils.kt D:\aarambh\frontend\node_modules\expo\android\src\main\java\expo\modules\fetch\ResponseSink.kt D:\aarambh\frontend\node_modules\expo\android\src\main\java\expo\modules\fetch\ResponseState.kt D:\aarambh\frontend\node_modules\expo\android\src\main\java\expo\modules\ReactActivityDelegateWrapper.kt D:\aarambh\frontend\node_modules\expo\android\src\main\java\expo\modules\ReactNativeHostWrapper.kt D:\aarambh\frontend\node_modules\expo\android\src\main\java\expo\modules\ReactNativeHostWrapperBase.kt
2026-08-14 11:40:46.949 [daemon] INFO: Message: logging: using Kotlin home directory <no_path>
2026-08-14 11:40:46.950 [daemon] INFO: Message: logging: exception on loading scripting plugin: java.lang.ClassNotFoundException: org.jetbrains.kotlin.scripting.compiler.plugin.ScriptingCompilerConfigurationComponentRegistrar
2026-08-14 11:40:46.950 [daemon] INFO: Message: logging: scripting plugin will not be loaded: not all required jars are present in the classpath (missing files: [.\kotlin-scripting-compiler.jar, .\kotlin-scripting-compiler-impl.jar, .\kotlin-scripting-common.jar, .\kotlin-scripting-jvm.jar])
2026-08-14 11:40:46.950 [daemon] INFO: Message: logging: configuring the compilation environment
2026-08-14 11:40:46.950 [daemon] INFO: Message: output: output:
D:\aarambh\frontend\node_modules\expo\android\build\tmp\kotlin-classes\release\expo\modules\ApplicationLifecycleDispatcher.class
Sources:
D:\aarambh\frontend\node_modules\expo\android\src\main\java\expo\modules\ApplicationLifecycleDispatcher.kt
2026-08-14 11:40:46.950 [daemon] INFO: Message: output: output:
D:\aarambh\frontend\node_modules\expo\android\build\tmp\kotlin-classes\release\expo\modules\ExpoModulesPackage.class
Sources:
D:\aarambh\frontend\node_modules\expo\android\src\main\java\expo\modules\ExpoModulesPackage.kt
2026-08-14 11:40:46.950 [daemon] INFO: Message: output: output:
D:\aarambh\frontend\node_modules\expo\android\build\tmp\kotlin-classes\release\expo\modules\ExpoModulesPackage$packageList_delegate$lambda$1$$inlined$sortedByDescending$1.class
Sources:
D:\aarambh\frontend\node_modules\expo\android\src\main\java\expo\modules\ExpoModulesPackage.kt
2026-08-14 11:40:46.950 [daemon] INFO: Message: output: output:
D:\aarambh\frontend\node_modules\expo\android\build\tmp\kotlin-classes\release\expo\modules\ExpoModulesPackage$Companion.class
Sources:
D:\aarambh\frontend\node_modules\expo\android\src\main\java\expo\modules\ExpoModulesPackage.kt
2026-08-14 11:40:46.950 [daemon] INFO: Message: output: output:
D:\aarambh\frontend\node_modules\expo\android\build\tmp\kotlin-classes\release\expo\modules\ExpoReactHostFactory.class
Sources:
D:\aarambh\frontend\node_modules\expo\android\src\main\java\expo\modules\ExpoReactHostFactory.kt
2026-08-14 11:40:46.950 [daemon] INFO: Message: output: output:
D:\aarambh\frontend\node_modules\expo\android\build\tmp\kotlin-classes\release\expo\modules\ExpoReactHostFactory$createFromReactNativeHost$4.class
Sources:
D:\aarambh\frontend\node_modules\expo\android\src\main\java\expo\modules\ExpoReactHostFactory.kt
2026-08-14 11:40:46.950 [daemon] INFO: Message: output: output:
D:\aarambh\frontend\node_modules\expo\android\build\tmp\kotlin-classes\release\expo\modules\ExpoReactHostFactory$ExpoReactHostDelegate.class
Sources:
D:\aarambh\frontend\node_modules\expo\android\src\main\java\expo\modules\ExpoReactHostFactory.kt
2026-08-14 11:40:46.951 [daemon] INFO: Message: output: output:
D:\aarambh\frontend\node_modules\expo\android\build\tmp\kotlin-classes\release\expo\modules\ReactActivityDelegateWrapper.class
Sources:
D:\aarambh\frontend\node_modules\expo\android\src\main\java\expo\modules\ReactActivityDelegateWrapper.kt
2026-08-14 11:40:46.951 [daemon] INFO: Message: output: output:
D:\aarambh\frontend\node_modules\expo\android\build\tmp\kotlin-classes\release\expo\modules\ReactActivityDelegateWrapper$loadApp$1.class
Sources:
D:\aarambh\frontend\node_modules\expo\android\src\main\java\expo\modules\ReactActivityDelegateWrapper.kt
2026-08-14 11:40:46.951 [daemon] INFO: Message: output: output:
D:\aarambh\frontend\node_modules\expo\android\build\tmp\kotlin-classes\release\expo\modules\ReactActivityDelegateWrapper$onCreate$1.class
Sources:
D:\aarambh\frontend\node_modules\expo\android\src\main\java\expo\modules\ReactActivityDelegateWrapper.kt
2026-08-14 11:40:46.951 [daemon] INFO: Message: output: output:
D:\aarambh\frontend\node_modules\expo\android\build\tmp\kotlin-classes\release\expo\modules\ReactActivityDelegateWrapper$onCreate$1$1.class
Sources:
D:\aarambh\frontend\node_modules\expo\android\src\main\java\expo\modules\ReactActivityDelegateWrapper.kt
2026-08-14 11:40:46.951 [daemon] INFO: Message: output: output:
D:\aarambh\frontend\node_modules\expo\android\build\tmp\kotlin-classes\release\expo\modules\ReactActivityDelegateWrapper$onResume$1.class
Sources:
D:\aarambh\frontend\node_modules\expo\android\src\main\java\expo\modules\ReactActivityDelegateWrapper.kt
2026-08-14 11:40:46.951 [daemon] INFO: Message: output: output:
D:\aarambh\frontend\node_modules\expo\android\build\tmp\kotlin-classes\release\expo\modules\ReactActivityDelegateWrapper$onPause$1.class
Sources:
D:\aarambh\frontend\node_modules\expo\android\src\main\java\expo\modules\ReactActivityDelegateWrapper.kt
2026-08-14 11:40:46.951 [daemon] INFO: Message: output: output:
D:\aarambh\frontend\node_modules\expo\android\build\tmp\kotlin-classes\release\expo\modules\ReactActivityDelegateWrapper$onUserLeaveHint$1.class
Sources:
D:\aarambh\frontend\node_modules\expo\android\src\main\java\expo\modules\ReactActivityDelegateWrapper.kt
2026-08-14 11:40:46.951 [daemon] INFO: Message: output: output:
D:\aarambh\frontend\node_modules\expo\android\build\tmp\kotlin-classes\release\expo\modules\ReactActivityDelegateWrapper$onDestroy$1.class
Sources:
D:\aarambh\frontend\node_modules\expo\android\src\main\java\expo\modules\ReactActivityDelegateWrapper.kt
2026-08-14 11:40:46.952 [daemon] INFO: Message: output: output:
D:\aarambh\frontend\node_modules\expo\android\build\tmp\kotlin-classes\release\expo\modules\ReactActivityDelegateWrapper$onActivityResult$1.class
Sources:
D:\aarambh\frontend\node_modules\expo\android\src\main\java\expo\modules\ReactActivityDelegateWrapper.kt
2026-08-14 11:40:46.952 [daemon] INFO: Message: output: output:
D:\aarambh\frontend\node_modules\expo\android\build\tmp\kotlin-classes\release\expo\modules\ReactActivityDelegateWrapper$onActivityResult$1$reactContextListener$1.class
Sources:
D:\aarambh\frontend\node_modules\expo\android\src\main\java\expo\modules\ReactActivityDelegateWrapper.kt
2026-08-14 11:40:46.952 [daemon] INFO: Message: output: output:
D:\aarambh\frontend\node_modules\expo\android\build\tmp\kotlin-classes\release\expo\modules\ReactActivityDelegateWrapper$onWindowFocusChanged$1.class
Sources:
D:\aarambh\frontend\node_modules\expo\android\src\main\java\expo\modules\ReactActivityDelegateWrapper.kt
2026-08-14 11:40:46.952 [daemon] INFO: Message: output: output:
D:\aarambh\frontend\node_modules\expo\android\build\tmp\kotlin-classes\release\expo\modules\ReactActivityDelegateWrapper$requestPermissions$1.class
Sources:
D:\aarambh\frontend\node_modules\expo\android\src\main\java\expo\modules\ReactActivityDelegateWrapper.kt
2026-08-14 11:40:46.952 [daemon] INFO: Message: output: output:
D:\aarambh\frontend\node_modules\expo\android\build\tmp\kotlin-classes\release\expo\modules\ReactActivityDelegateWrapper$onRequestPermissionsResult$1.class
Sources:
D:\aarambh\frontend\node_modules\expo\android\src\main\java\expo\modules\ReactActivityDelegateWrapper.kt
2026-08-14 11:40:46.952 [daemon] INFO: Message: output: output:
D:\aarambh\frontend\node_modules\expo\android\build\tmp\kotlin-classes\release\expo\modules\ReactActivityDelegateWrapper$onConfigurationChanged$1.class
Sources:
D:\aarambh\frontend\node_modules\expo\android\src\main\java\expo\modules\ReactActivityDelegateWrapper.kt
2026-08-14 11:40:46.952 [daemon] INFO: Message: output: output:
D:\aarambh\frontend\node_modules\expo\android\build\tmp\kotlin-classes\release\expo\modules\ReactActivityDelegateWrapper$loadAppImpl$1.class
Sources:
D:\aarambh\frontend\node_modules\expo\android\src\main\java\expo\modules\ReactActivityDelegateWrapper.kt
2026-08-14 11:40:46.952 [daemon] INFO: Message: output: output:
D:\aarambh\frontend\node_modules\expo\android\build\tmp\kotlin-classes\release\expo\modules\ReactActivityDelegateWrapper$awaitDelayLoadAppWhenReady$2$1.class
Sources:
D:\aarambh\frontend\node_modules\expo\android\src\main\java\expo\modules\ReactActivityDelegateWrapper.kt
2026-08-14 11:40:46.954 [daemon] INFO: Message: output: output:
D:\aarambh\frontend\node_modules\expo\android\build\tmp\kotlin-classes\release\expo\modules\ReactActivityDelegateWrapper$launchLifecycleScopeWithLock$1.class
Sources:
D:\aarambh\frontend\node_modules\expo\android\src\main\java\expo\modules\ReactActivityDelegateWrapper.kt
2026-08-14 11:40:46.954 [daemon] INFO: Message: output: output:
D:\aarambh\frontend\node_modules\expo\android\build\tmp\kotlin-classes\release\expo\modules\ReactActivityDelegateWrapper$Companion.class
Sources:
D:\aarambh\frontend\node_modules\expo\android\src\main\java\expo\modules\ReactActivityDelegateWrapper.kt
2026-08-14 11:40:46.954 [daemon] INFO: Message: output: output:
D:\aarambh\frontend\node_modules\expo\android\build\tmp\kotlin-classes\release\expo\modules\ReactNativeHostWrapper.class
Sources:
D:\aarambh\frontend\node_modules\expo\android\src\main\java\expo\modules\ReactNativeHostWrapper.kt
2026-08-14 11:40:46.954 [daemon] INFO: Message: output: output:
D:\aarambh\frontend\node_modules\expo\android\build\tmp\kotlin-classes\release\expo\modules\ReactNativeHostWrapper$Companion.class
Sources:
D:\aarambh\frontend\node_modules\expo\android\src\main\java\expo\modules\ReactNativeHostWrapper.kt
2026-08-14 11:40:46.954 [daemon] INFO: Message: output: output:
D:\aarambh\frontend\node_modules\expo\android\build\tmp\kotlin-classes\release\expo\modules\ReactNativeHostWrapperBase.class
Sources:
D:\aarambh\frontend\node_modules\expo\android\src\main\java\expo\modules\ReactNativeHostWrapperBase.kt
2026-08-14 11:40:46.955 [daemon] INFO: Message: output: output:
D:\aarambh\frontend\node_modules\expo\android\build\tmp\kotlin-classes\release\expo\modules\ReactNativeHostWrapperBase$createReactInstanceManager$3.class
Sources:
D:\aarambh\frontend\node_modules\expo\android\src\main\java\expo\modules\ReactNativeHostWrapperBase.kt
2026-08-14 11:40:46.955 [daemon] INFO: Message: output: output:
D:\aarambh\frontend\node_modules\expo\android\build\tmp\kotlin-classes\release\expo\modules\fetch\ExpoFetchModule.class
Sources:
D:\aarambh\frontend\node_modules\expo\android\src\main\java\expo\modules\fetch\ExpoFetchModule.kt
2026-08-14 11:40:46.955 [daemon] INFO: Message: output: output:
D:\aarambh\frontend\node_modules\expo\android\build\tmp\kotlin-classes\release\expo\modules\fetch\ExpoFetchModule$definition$lambda$22$$inlined$OnCreate$1.class
Sources:
D:\aarambh\frontend\node_modules\expo\android\src\main\java\expo\modules\fetch\ExpoFetchModule.kt
2026-08-14 11:40:46.955 [daemon] INFO: Message: output: output:
D:\aarambh\frontend\node_modules\expo\android\build\tmp\kotlin-classes\release\expo\modules\fetch\ExpoFetchModule$definition$lambda$22$$inlined$OnDestroy$1.class
Sources:
D:\aarambh\frontend\node_modules\expo\android\src\main\java\expo\modules\fetch\ExpoFetchModule.kt
2026-08-14 11:40:46.955 [daemon] INFO: Message: output: output:
D:\aarambh\frontend\node_modules\expo\android\build\tmp\kotlin-classes\release\expo\modules\fetch\ExpoFetchModule$definition$lambda$22$lambda$17$$inlined$Constructor$1.class
Sources:
D:\aarambh\frontend\node_modules\expo\android\src\main\java\expo\modules\fetch\ExpoFetchModule.kt
2026-08-14 11:40:46.956 [daemon] INFO: Message: output: output:
D:\aarambh\frontend\node_modules\expo\android\build\tmp\kotlin-classes\release\expo\modules\fetch\ExpoFetchModule$definition$lambda$22$lambda$17$$inlined$AsyncFunction$1.class
Sources:
D:\aarambh\frontend\node_modules\expo\android\src\main\java\expo\modules\fetch\ExpoFetchModule.kt
2026-08-14 11:40:46.956 [daemon] INFO: Message: output: output:
D:\aarambh\frontend\node_modules\expo\android\build\tmp\kotlin-classes\release\expo\modules\fetch\ExpoFetchModule$definition$lambda$22$lambda$17$$inlined$AsyncFunction$2.class
Sources:
D:\aarambh\frontend\node_modules\expo\android\src\main\java\expo\modules\fetch\ExpoFetchModule.kt
2026-08-14 11:40:46.956 [daemon] INFO: Message: output: output:
D:\aarambh\frontend\node_modules\expo\android\build\tmp\kotlin-classes\release\expo\modules\fetch\ExpoFetchModule$definition$lambda$22$lambda$17$$inlined$AsyncFunction$3.class
Sources:
D:\aarambh\frontend\node_modules\expo\android\src\main\java\expo\modules\fetch\ExpoFetchModule.kt
2026-08-14 11:40:46.956 [daemon] INFO: Message: output: output:
D:\aarambh\frontend\node_modules\expo\android\build\tmp\kotlin-classes\release\expo\modules\fetch\ExpoFetchModule$definition$lambda$22$lambda$17$$inlined$AsyncFunction$4.class
Sources:
D:\aarambh\frontend\node_modules\expo\android\src\main\java\expo\modules\fetch\ExpoFetchModule.kt
2026-08-14 11:40:46.956 [daemon] INFO: Message: output: output:
D:\aarambh\frontend\node_modules\expo\android\build\tmp\kotlin-classes\release\expo\modules\fetch\ExpoFetchModule$definition$lambda$22$lambda$17$$inlined$AsyncFunction$5.class
Sources:
D:\aarambh\frontend\node_modules\expo\android\src\main\java\expo\modules\fetch\ExpoFetchModule.kt
2026-08-14 11:40:46.956 [daemon] INFO: Message: output: output:
D:\aarambh\frontend\node_modules\expo\android\build\tmp\kotlin-classes\release\expo\modules\fetch\ExpoFetchModule$definition$lambda$22$lambda$17$$inlined$AsyncFunction$6.class
Sources:
D:\aarambh\frontend\node_modules\expo\android\src\main\java\expo\modules\fetch\ExpoFetchModule.kt
2026-08-14 11:40:46.956 [daemon] INFO: Message: output: output:
D:\aarambh\frontend\node_modules\expo\android\build\tmp\kotlin-classes\release\expo\modules\fetch\ExpoFetchModule$definition$lambda$22$lambda$17$$inlined$Property$1.class
Sources:
D:\aarambh\frontend\node_modules\expo\android\src\main\java\expo\modules\fetch\ExpoFetchModule.kt
2026-08-14 11:40:46.956 [daemon] INFO: Message: output: output:
D:\aarambh\frontend\node_modules\expo\android\build\tmp\kotlin-classes\release\expo\modules\fetch\ExpoFetchModule$definition$lambda$22$lambda$17$$inlined$Property$2.class
Sources:
D:\aarambh\frontend\node_modules\expo\android\src\main\java\expo\modules\fetch\ExpoFetchModule.kt
2026-08-14 11:40:46.957 [daemon] INFO: Message: output: output:
D:\aarambh\frontend\node_modules\expo\android\build\tmp\kotlin-classes\release\expo\modules\fetch\ExpoFetchModule$definition$lambda$22$lambda$17$$inlined$Property$3.class
Sources:
D:\aarambh\frontend\node_modules\expo\android\src\main\java\expo\modules\fetch\ExpoFetchModule.kt
2026-08-14 11:40:46.957 [daemon] INFO: Message: output: output:
D:\aarambh\frontend\node_modules\expo\android\build\tmp\kotlin-classes\release\expo\modules\fetch\ExpoFetchModule$definition$lambda$22$lambda$17$$inlined$Property$4.class
Sources:
D:\aarambh\frontend\node_modules\expo\android\src\main\java\expo\modules\fetch\ExpoFetchModule.kt
2026-08-14 11:40:46.957 [daemon] INFO: Message: output: output:
D:\aarambh\frontend\node_modules\expo\android\build\tmp\kotlin-classes\release\expo\modules\fetch\ExpoFetchModule$definition$lambda$22$lambda$17$$inlined$Property$5.class
Sources:
D:\aarambh\frontend\node_modules\expo\android\src\main\java\expo\modules\fetch\ExpoFetchModule.kt
2026-08-14 11:40:46.957 [daemon] INFO: Message: output: output:
D:\aarambh\frontend\node_modules\expo\android\build\tmp\kotlin-classes\release\expo\modules\fetch\ExpoFetchModule$definition$lambda$22$lambda$17$$inlined$Property$6.class
Sources:
D:\aarambh\frontend\node_modules\expo\android\src\main\java\expo\modules\fetch\ExpoFetchModule.kt
2026-08-14 11:40:46.957 [daemon] INFO: Message: output: output:
D:\aarambh\frontend\node_modules\expo\android\build\tmp\kotlin-classes\release\expo\modules\fetch\ExpoFetchModule$definition$1$3$10$1.class
Sources:
D:\aarambh\frontend\node_modules\expo\android\src\main\java\expo\modules\fetch\ExpoFetchModule.kt
2026-08-14 11:40:46.957 [daemon] INFO: Message: output: output:
D:\aarambh\frontend\node_modules\expo\android\build\tmp\kotlin-classes\release\expo\modules\fetch\ExpoFetchModule$definition$lambda$22$lambda$17$$inlined$AsyncFunctionWithPromise$1.class
Sources:
D:\aarambh\frontend\node_modules\expo\android\src\main\java\expo\modules\fetch\ExpoFetchModule.kt
2026-08-14 11:40:46.958 [daemon] INFO: Message: output: output:
D:\aarambh\frontend\node_modules\expo\android\build\tmp\kotlin-classes\release\expo\modules\fetch\ExpoFetchModule$definition$lambda$22$lambda$17$$inlined$AsyncFunctionWithPromise$2.class
Sources:
D:\aarambh\frontend\node_modules\expo\android\src\main\java\expo\modules\fetch\ExpoFetchModule.kt
2026-08-14 11:40:46.959 [daemon] INFO: Message: output: output:
D:\aarambh\frontend\node_modules\expo\android\build\tmp\kotlin-classes\release\expo\modules\fetch\ExpoFetchModule$definition$1$3$11$1.class
Sources:
D:\aarambh\frontend\node_modules\expo\android\src\main\java\expo\modules\fetch\ExpoFetchModule.kt
2026-08-14 11:40:46.959 [daemon] INFO: Message: output: output:
D:\aarambh\frontend\node_modules\expo\android\build\tmp\kotlin-classes\release\expo\modules\fetch\ExpoFetchModule$definition$lambda$22$lambda$17$$inlined$AsyncFunctionWithPromise$3.class
Sources:
D:\aarambh\frontend\node_modules\expo\android\src\main\java\expo\modules\fetch\ExpoFetchModule.kt
2026-08-14 11:40:46.959 [daemon] INFO: Message: output: output:
D:\aarambh\frontend\node_modules\expo\android\build\tmp\kotlin-classes\release\expo\modules\fetch\ExpoFetchModule$definition$lambda$22$lambda$17$$inlined$AsyncFunctionWithPromise$4.class
Sources:
D:\aarambh\frontend\node_modules\expo\android\src\main\java\expo\modules\fetch\ExpoFetchModule.kt
2026-08-14 11:40:46.960 [daemon] INFO: Message: output: output:
D:\aarambh\frontend\node_modules\expo\android\build\tmp\kotlin-classes\release\expo\modules\fetch\ExpoFetchModule$definition$lambda$22$$inlined$Class$1.class
Sources:
D:\aarambh\frontend\node_modules\expo\android\src\main\java\expo\modules\fetch\ExpoFetchModule.kt
2026-08-14 11:40:46.960 [daemon] INFO: Message: output: output:
D:\aarambh\frontend\node_modules\expo\android\build\tmp\kotlin-classes\release\expo\modules\fetch\ExpoFetchModule$definition$lambda$22$lambda$21$$inlined$Constructor$1.class
Sources:
D:\aarambh\frontend\node_modules\expo\android\src\main\java\expo\modules\fetch\ExpoFetchModule.kt
2026-08-14 11:40:46.960 [daemon] INFO: Message: output: output:
D:\aarambh\frontend\node_modules\expo\android\build\tmp\kotlin-classes\release\expo\modules\fetch\ExpoFetchModule$definition$lambda$22$lambda$21$$inlined$Constructor$2.class
Sources:
D:\aarambh\frontend\node_modules\expo\android\src\main\java\expo\modules\fetch\ExpoFetchModule.kt
2026-08-14 11:40:46.961 [daemon] INFO: Message: output: output:
D:\aarambh\frontend\node_modules\expo\android\build\tmp\kotlin-classes\release\expo\modules\fetch\ExpoFetchModule$definition$1$4$2$1.class
Sources:
D:\aarambh\frontend\node_modules\expo\android\src\main\java\expo\modules\fetch\ExpoFetchModule.kt
2026-08-14 11:40:46.961 [daemon] INFO: Message: output: output:
D:\aarambh\frontend\node_modules\expo\android\build\tmp\kotlin-classes\release\expo\modules\fetch\ExpoFetchModule$definition$lambda$22$lambda$21$$inlined$AsyncFunctionWithPromise$1.class
Sources:
D:\aarambh\frontend\node_modules\expo\android\src\main\java\expo\modules\fetch\ExpoFetchModule.kt
2026-08-14 11:40:46.962 [daemon] INFO: Message: output: output:
D:\aarambh\frontend\node_modules\expo\android\build\tmp\kotlin-classes\release\expo\modules\fetch\ExpoFetchModule$definition$lambda$22$lambda$21$$inlined$AsyncFunctionWithPromise$2.class
Sources:
D:\aarambh\frontend\node_modules\expo\android\src\main\java\expo\modules\fetch\ExpoFetchModule.kt
2026-08-14 11:40:46.962 [daemon] INFO: Message: output: output:
D:\aarambh\frontend\node_modules\expo\android\build\tmp\kotlin-classes\release\expo\modules\fetch\ExpoFetchModule$definition$lambda$22$lambda$21$$inlined$AsyncFunctionWithPromise$3.class
Sources:
D:\aarambh\frontend\node_modules\expo\android\src\main\java\expo\modules\fetch\ExpoFetchModule.kt
2026-08-14 11:40:46.962 [daemon] INFO: Message: output: output:
D:\aarambh\frontend\node_modules\expo\android\build\tmp\kotlin-classes\release\expo\modules\fetch\ExpoFetchModule$definition$lambda$22$lambda$21$$inlined$AsyncFunctionWithPromise$4.class
Sources:
D:\aarambh\frontend\node_modules\expo\android\src\main\java\expo\modules\fetch\ExpoFetchModule.kt
2026-08-14 11:40:46.962 [daemon] INFO: Message: output: output:
D:\aarambh\frontend\node_modules\expo\android\build\tmp\kotlin-classes\release\expo\modules\fetch\ExpoFetchModule$definition$lambda$22$lambda$21$$inlined$AsyncFunctionWithPromise$5.class
Sources:
D:\aarambh\frontend\node_modules\expo\android\src\main\java\expo\modules\fetch\ExpoFetchModule.kt
2026-08-14 11:40:46.962 [daemon] INFO: Message: output: output:
D:\aarambh\frontend\node_modules\expo\android\build\tmp\kotlin-classes\release\expo\modules\fetch\ExpoFetchModule$definition$lambda$22$lambda$21$$inlined$AsyncFunction$1.class
Sources:
D:\aarambh\frontend\node_modules\expo\android\src\main\java\expo\modules\fetch\ExpoFetchModule.kt
2026-08-14 11:40:46.962 [daemon] INFO: Message: output: output:
D:\aarambh\frontend\node_modules\expo\android\build\tmp\kotlin-classes\release\expo\modules\fetch\ExpoFetchModule$definition$lambda$22$lambda$21$$inlined$AsyncFunction$2.class
Sources:
D:\aarambh\frontend\node_modules\expo\android\src\main\java\expo\modules\fetch\ExpoFetchModule.kt
2026-08-14 11:40:46.962 [daemon] INFO: Message: output: output:
D:\aarambh\frontend\node_modules\expo\android\build\tmp\kotlin-classes\release\expo\modules\fetch\ExpoFetchModule$definition$lambda$22$lambda$21$$inlined$AsyncFunction$3.class
Sources:
D:\aarambh\frontend\node_modules\expo\android\src\main\java\expo\modules\fetch\ExpoFetchModule.kt
2026-08-14 11:40:46.962 [daemon] INFO: Message: output: output:
D:\aarambh\frontend\node_modules\expo\android\build\tmp\kotlin-classes\release\expo\modules\fetch\ExpoFetchModule$definition$lambda$22$$inlined$Class$2.class
Sources:
D:\aarambh\frontend\node_modules\expo\android\src\main\java\expo\modules\fetch\ExpoFetchModule.kt
2026-08-14 11:40:46.962 [daemon] INFO: Message: output: output:
D:\aarambh\frontend\node_modules\expo\android\build\tmp\kotlin-classes\release\expo\modules\fetch\ExpoFetchModule$Companion.class
Sources:
D:\aarambh\frontend\node_modules\expo\android\src\main\java\expo\modules\fetch\ExpoFetchModule.kt
2026-08-14 11:40:46.963 [daemon] INFO: Message: output: output:
D:\aarambh\frontend\node_modules\expo\android\build\tmp\kotlin-classes\release\expo\modules\fetch\FetchUnknownException.class
Sources:
D:\aarambh\frontend\node_modules\expo\android\src\main\java\expo\modules\fetch\FetchExceptions.kt
2026-08-14 11:40:46.963 [daemon] INFO: Message: output: output:
D:\aarambh\frontend\node_modules\expo\android\build\tmp\kotlin-classes\release\expo\modules\fetch\FetchRequestCanceledException.class
Sources:
D:\aarambh\frontend\node_modules\expo\android\src\main\java\expo\modules\fetch\FetchExceptions.kt
2026-08-14 11:40:46.963 [daemon] INFO: Message: output: output:
D:\aarambh\frontend\node_modules\expo\android\build\tmp\kotlin-classes\release\expo\modules\fetch\FetchAndroidContextLostException.class
Sources:
D:\aarambh\frontend\node_modules\expo\android\src\main\java\expo\modules\fetch\FetchExceptions.kt
2026-08-14 11:40:46.963 [daemon] INFO: Message: output: output:
D:\aarambh\frontend\node_modules\expo\android\build\tmp\kotlin-classes\release\expo\modules\fetch\FetchRedirectException.class
Sources:
D:\aarambh\frontend\node_modules\expo\android\src\main\java\expo\modules\fetch\FetchExceptions.kt
2026-08-14 11:40:46.963 [daemon] INFO: Message: output: output:
D:\aarambh\frontend\node_modules\expo\android\build\tmp\kotlin-classes\release\expo\modules\fetch\RequestHolder.class
Sources:
D:\aarambh\frontend\node_modules\expo\android\src\main\java\expo\modules\fetch\NativeRequest.kt
2026-08-14 11:40:46.963 [daemon] INFO: Message: output: output:
D:\aarambh\frontend\node_modules\expo\android\build\tmp\kotlin-classes\release\expo\modules\fetch\NativeRequest.class
Sources:
D:\aarambh\frontend\node_modules\expo\android\src\main\java\expo\modules\fetch\NativeRequest.kt
2026-08-14 11:40:46.963 [daemon] INFO: Message: output: output:
D:\aarambh\frontend\node_modules\expo\android\build\tmp\kotlin-classes\release\expo\modules\fetch\NativeRequestKt.class
Sources:
D:\aarambh\frontend\node_modules\expo\android\src\main\java\expo\modules\fetch\NativeRequest.kt
2026-08-14 11:40:46.963 [daemon] INFO: Message: output: output:
D:\aarambh\frontend\node_modules\expo\android\build\tmp\kotlin-classes\release\expo\modules\fetch\NativeRequestCredentials.class
Sources:
D:\aarambh\frontend\node_modules\expo\android\src\main\java\expo\modules\fetch\NativeRequestCredentials.kt
2026-08-14 11:40:46.963 [daemon] INFO: Message: output: output:
D:\aarambh\frontend\node_modules\expo\android\build\tmp\kotlin-classes\release\expo\modules\fetch\NativeRequestInit.class
Sources:
D:\aarambh\frontend\node_modules\expo\android\src\main\java\expo\modules\fetch\NativeRequestInit.kt
2026-08-14 11:40:46.964 [daemon] INFO: Message: output: output:
D:\aarambh\frontend\node_modules\expo\android\build\tmp\kotlin-classes\release\expo\modules\fetch\NativeRequestRedirect.class
Sources:
D:\aarambh\frontend\node_modules\expo\android\src\main\java\expo\modules\fetch\NativeRequestRedirect.kt
2026-08-14 11:40:46.964 [daemon] INFO: Message: output: output:
D:\aarambh\frontend\node_modules\expo\android\build\tmp\kotlin-classes\release\expo\modules\fetch\NativeResponse.class
Sources:
D:\aarambh\frontend\node_modules\expo\android\src\main\java\expo\modules\fetch\NativeResponse.kt
2026-08-14 11:40:46.964 [daemon] INFO: Message: output: output:
D:\aarambh\frontend\node_modules\expo\android\build\tmp\kotlin-classes\release\expo\modules\fetch\NativeResponse$state$3.class
Sources:
D:\aarambh\frontend\node_modules\expo\android\src\main\java\expo\modules\fetch\NativeResponse.kt
2026-08-14 11:40:46.965 [daemon] INFO: Message: output: output:
D:\aarambh\frontend\node_modules\expo\android\build\tmp\kotlin-classes\release\expo\modules\fetch\NativeResponse$onResponse$1.class
Sources:
D:\aarambh\frontend\node_modules\expo\android\src\main\java\expo\modules\fetch\NativeResponse.kt
2026-08-14 11:40:46.965 [daemon] INFO: Message: output: output:
D:\aarambh\frontend\node_modules\expo\android\build\tmp\kotlin-classes\release\expo\modules\fetch\NativeResponse$Companion.class
Sources:
D:\aarambh\frontend\node_modules\expo\android\src\main\java\expo\modules\fetch\NativeResponse.kt
2026-08-14 11:40:46.965 [daemon] INFO: Message: output: output:
D:\aarambh\frontend\node_modules\expo\android\build\tmp\kotlin-classes\release\expo\modules\fetch\NativeResponseKt.class
Sources:
D:\aarambh\frontend\node_modules\expo\android\src\main\java\expo\modules\fetch\NativeResponse.kt
2026-08-14 11:40:46.966 [daemon] INFO: Message: output: output:
D:\aarambh\frontend\node_modules\expo\android\build\tmp\kotlin-classes\release\expo\modules\fetch\NativeResponseInit.class
Sources:
D:\aarambh\frontend\node_modules\expo\android\src\main\java\expo\modules\fetch\NativeResponseInit.kt
2026-08-14 11:40:46.966 [daemon] INFO: Message: output: output:
D:\aarambh\frontend\node_modules\expo\android\build\tmp\kotlin-classes\release\expo\modules\fetch\OkHttpFileUrlInterceptor.class
Sources:
D:\aarambh\frontend\node_modules\expo\android\src\main\java\expo\modules\fetch\OkHttpFileUrlInterceptor.kt
2026-08-14 11:40:46.966 [daemon] INFO: Message: output: output:
D:\aarambh\frontend\node_modules\expo\android\build\tmp\kotlin-classes\release\expo\modules\fetch\OkHttpFileUrlInterceptor$Companion.class
Sources:
D:\aarambh\frontend\node_modules\expo\android\src\main\java\expo\modules\fetch\OkHttpFileUrlInterceptor.kt
2026-08-14 11:40:46.966 [daemon] INFO: Message: output: output:
D:\aarambh\frontend\node_modules\expo\android\build\tmp\kotlin-classes\release\expo\modules\fetch\OkHttpFileUrlInterceptorKt.class
Sources:
D:\aarambh\frontend\node_modules\expo\android\src\main\java\expo\modules\fetch\OkHttpFileUrlInterceptor.kt
2026-08-14 11:40:46.966 [daemon] INFO: Message: output: output:
D:\aarambh\frontend\node_modules\expo\android\build\tmp\kotlin-classes\release\expo\modules\fetch\RequestUtilsKt.class
Sources:
D:\aarambh\frontend\node_modules\expo\android\src\main\java\expo\modules\fetch\RequestUtils.kt
2026-08-14 11:40:46.967 [daemon] INFO: Message: output: output:
D:\aarambh\frontend\node_modules\expo\android\build\tmp\kotlin-classes\release\expo\modules\fetch\ResponseSink.class
Sources:
D:\aarambh\frontend\node_modules\expo\android\src\main\java\expo\modules\fetch\ResponseSink.kt
2026-08-14 11:40:46.967 [daemon] INFO: Message: output: output:
D:\aarambh\frontend\node_modules\expo\android\build\tmp\kotlin-classes\release\expo\modules\fetch\ResponseState.class
Sources:
D:\aarambh\frontend\node_modules\expo\android\src\main\java\expo\modules\fetch\ResponseState.kt
2026-08-14 11:40:46.967 [daemon] INFO: Message: output: output:
D:\aarambh\frontend\node_modules\expo\android\build\tmp\kotlin-classes\release\META-INF\expo_release.kotlin_module
Sources:
D:\aarambh\frontend\node_modules\expo\android\src\main\java\expo\modules\fetch\ExpoFetchModule.kt
D:\aarambh\frontend\node_modules\expo\android\src\main\java\expo\modules\fetch\FetchExceptions.kt
D:\aarambh\frontend\node_modules\expo\android\src\main\java\expo\modules\fetch\NativeRequest.kt
D:\aarambh\frontend\node_modules\expo\android\src\main\java\expo\modules\ReactNativeHostWrapper.kt
D:\aarambh\frontend\node_modules\expo\android\src\main\java\expo\modules\fetch\NativeRequestCredentials.kt
D:\aarambh\frontend\node_modules\expo\android\src\main\java\expo\modules\fetch\NativeResponse.kt
D:\aarambh\frontend\node_modules\expo\android\src\main\java\expo\modules\ExpoModulesPackage.kt
D:\aarambh\frontend\node_modules\expo\android\src\main\java\expo\modules\ReactActivityDelegateWrapper.kt
D:\aarambh\frontend\node_modules\expo\android\src\main\java\expo\modules\fetch\NativeRequestInit.kt
D:\aarambh\frontend\node_modules\expo\android\src\main\java\expo\modules\fetch\NativeResponseInit.kt
D:\aarambh\frontend\node_modules\expo\android\src\main\java\expo\modules\ExpoReactHostFactory.kt
D:\aarambh\frontend\node_modules\expo\android\src\main\java\expo\modules\fetch\OkHttpFileUrlInterceptor.kt
D:\aarambh\frontend\node_modules\expo\android\src\main\java\expo\modules\ApplicationLifecycleDispatcher.kt
D:\aarambh\frontend\node_modules\expo\android\src\main\java\expo\modules\fetch\RequestUtils.kt
D:\aarambh\frontend\node_modules\expo\android\src\main\java\expo\modules\fetch\ResponseSink.kt
D:\aarambh\frontend\node_modules\expo\android\src\main\java\expo\modules\fetch\ResponseState.kt
D:\aarambh\frontend\node_modules\expo\android\src\main\java\expo\modules\ReactNativeHostWrapperBase.kt
D:\aarambh\frontend\node_modules\expo\android\src\main\java\expo\modules\fetch\NativeRequestRedirect.kt
2026-08-14 11:40:46.967 [daemon] INFO: Message: warning: this declaration overrides a deprecated member but is not marked as deprecated itself. Add the '@Deprecated' annotation or suppress the diagnostic.
  override fun createNativeModules(reactContext: ReactApplicationContext): List<NativeModule> {
               ^^^^^^^^^^^^^^^^^^^
2026-08-14 11:40:46.967 [daemon] INFO: Message: warning: 'class ReactNativeHost : Any' is deprecated. Deprecated in Java.
import com.facebook.react.ReactNativeHost
       ^^^^^^^^^^^^^^^^^^^^^^^^^^^^^^^^^^
2026-08-14 11:40:46.969 [daemon] INFO: Message: warning: 'class ReactNativeHost : Any' is deprecated. Deprecated in Java.
    reactNativeHost: ReactNativeHost
                     ^^^^^^^^^^^^^^^
2026-08-14 11:40:46.969 [daemon] INFO: Message: warning: 'class ReactNativeHost : Any' is deprecated. Deprecated in Java.
import com.facebook.react.ReactNativeHost
       ^^^^^^^^^^^^^^^^^^^^^^^^^^^^^^^^^^
2026-08-14 11:40:46.969 [daemon] INFO: Message: warning: 'class ReactNativeHost : Any' is deprecated. Deprecated in Java.
  private val _reactNativeHost: ReactNativeHost by lazy {
                                ^^^^^^^^^^^^^^^
2026-08-14 11:40:46.969 [daemon] INFO: Message: warning: this declaration overrides a deprecated member but is not marked as deprecated itself. Add the '@Deprecated' annotation or suppress the diagnostic.
  override fun getReactNativeHost(): ReactNativeHost {
               ^^^^^^^^^^^^^^^^^^
2026-08-14 11:40:46.969 [daemon] INFO: Message: warning: 'class ReactNativeHost : Any' is deprecated. Deprecated in Java.
  override fun getReactNativeHost(): ReactNativeHost {
                                     ^^^^^^^^^^^^^^^
2026-08-14 11:40:46.969 [daemon] INFO: Message: warning: this declaration overrides a deprecated member but is not marked as deprecated itself. Add the '@Deprecated' annotation or suppress the diagnostic.
  override fun getReactInstanceManager(): ReactInstanceManager {
               ^^^^^^^^^^^^^^^^^^^^^^^
2026-08-14 11:40:46.969 [daemon] INFO: Message: warning: 'val reactInstanceManager: ReactInstanceManager' is deprecated. Deprecated in Java.
    return delegate.reactInstanceManager
                    ^^^^^^^^^^^^^^^^^^^^
2026-08-14 11:40:46.970 [daemon] INFO: Message: warning: 'constructor(activity: Activity, reactNativeHost: ReactNativeHost?, appKey: String?, launchOptions: Bundle?, fabricEnabled: Boolean): ReactDelegate' is deprecated. Deprecated since 0.81.0, use one of the other constructors instead.
          reactDelegate = object : ReactDelegate(
                                   ^^^^^^^^^^^^^
2026-08-14 11:40:46.970 [daemon] INFO: Message: warning: 'val reactInstanceManager: ReactInstanceManager' is deprecated. Deprecated in Java.
      if (!ReactNativeFeatureFlags.enableBridgelessArchitecture && delegate.reactInstanceManager.currentReactContext == null) {
                                                                            ^^^^^^^^^^^^^^^^^^^^
2026-08-14 11:40:46.970 [daemon] INFO: Message: warning: 'val reactInstanceManager: ReactInstanceManager' is deprecated. Deprecated in Java.
            delegate.reactInstanceManager.removeReactInstanceEventListener(this)
                     ^^^^^^^^^^^^^^^^^^^^
2026-08-14 11:40:46.970 [daemon] INFO: Message: warning: 'val reactInstanceManager: ReactInstanceManager' is deprecated. Deprecated in Java.
        return@launchLifecycleScopeWithLock delegate.reactInstanceManager.addReactInstanceEventListener(
                                                     ^^^^^^^^^^^^^^^^^^^^
2026-08-14 11:40:46.971 [daemon] INFO: Message: warning: 'class ReactNativeHost : Any' is deprecated. Deprecated in Java.
import com.facebook.react.ReactNativeHost
       ^^^^^^^^^^^^^^^^^^^^^^^^^^^^^^^^^^
2026-08-14 11:40:46.971 [daemon] INFO: Message: warning: 'class ReactNativeHost : Any' is deprecated. Deprecated in Java.
  host: ReactNativeHost
        ^^^^^^^^^^^^^^^
2026-08-14 11:40:46.971 [daemon] INFO: Message: warning: 'class ReactNativeHost : Any' is deprecated. Deprecated in Java.
    fun createReactHost(context: Context, reactNativeHost: ReactNativeHost): ReactHost {
                                                           ^^^^^^^^^^^^^^^
2026-08-14 11:40:46.971 [daemon] INFO: Message: warning: 'class ReactNativeHost : Any' is deprecated. Deprecated in Java.
import com.facebook.react.ReactNativeHost
       ^^^^^^^^^^^^^^^^^^^^^^^^^^^^^^^^^^
2026-08-14 11:40:46.971 [daemon] INFO: Message: warning: 'class ReactNativeHost : Any' is deprecated. Deprecated in Java.
  protected val host: ReactNativeHost
                      ^^^^^^^^^^^^^^^
2026-08-14 11:40:46.971 [daemon] INFO: Message: warning: 'class ReactNativeHost : Any' is deprecated. Deprecated in Java.
      method = ReactNativeHost::class.java.getDeclaredMethod(name)
               ^^^^^^^^^^^^^^^
2026-08-14 11:40:46.971 [daemon] INFO: Message: warning: 'class ReactNativeHost : Any' is deprecated. Deprecated in Java.
    val mReactInstanceManagerField = ReactNativeHost::class.java.getDeclaredField("mReactInstanceManager")
                                     ^^^^^^^^^^^^^^^
2026-08-14 11:40:46.972 [daemon] INFO: Message: warning: 'constructor(reactContext: ReactContext): ForwardingCookieHandler' is deprecated. Use the default constructor.
  private val cookieHandler by lazy { ForwardingCookieHandler(reactContext) }
                                      ^^^^^^^^^^^^^^^^^^^^^^^
2026-08-14 11:40:46.972 [daemon] INFO: Message: warning: this declaration overrides a deprecated member but is not marked as deprecated itself. Add the '@Deprecated' annotation or suppress the diagnostic.
  override fun deallocate() {
               ^^^^^^^^^^
2026-08-14 11:40:46.972 [daemon] INFO: Message: warning: 'fun deallocate(): Unit' is deprecated. Use sharedObjectDidRelease() instead.
    super.deallocate()
          ^^^^^^^^^^
2026-08-14 11:40:47.633 [compiler] INFO: Done with result 0
2026-08-14 11:40:47.634 [compiler] INFO: cleaning after session 10
2026-08-14 11:41:11.873 [compiler] INFO: getDaemonJVMOptions: DaemonJVMOptions(maxMemory=2048m, maxMetaspaceSize=512m, reservedCodeCacheSize=320m, jvmParams=[-Djava.io.tmpdir=D:/aarambh/.tmp-build, -Djava.awt.headless=true, -Djava.rmi.server.hostname=127.0.0.1, -Dkotlin.environment.keepalive, -ea, -XX:+UseCodeCacheFlushing, -XX:+UseParallelGC, -Dkotlin.daemon.initiator.marker.file=D:\aarambh\.tmp-build\kotlin-compiler-in-expogradleplugin-16492466878395323379.alive, --add-exports=java.base/sun.nio.ch=ALL-UNNAMED, Dkotlin.environment.keepalive, ea])
2026-08-14 11:41:11.875 [compiler] INFO: Registered a client alive file: D:\aarambh\.tmp-build\kotlin-compiler-in-hms-8567579073821835045.alive
2026-08-14 11:41:11.878 [compiler] INFO: leased a new session 11, session alive file: D:\aarambh\frontend\android\.kotlin\sessions\kotlin-compiler-15786901465648546014.salive
2026-08-14 11:41:11.887 [compiler] INFO: Starting compilation with args: -Xallow-no-source-files -classpath C:\Users\USER\AppData\Local\Android\Sdk\platforms\android-35\android.jar;C:\Users\USER\AppData\Local\Android\Sdk\build-tools\36.0.0\core-lambda-stubs.jar;D:\aarambh\frontend\android\app\build\intermediates\compile_and_runtime_not_namespaced_r_class_jar\release\processReleaseResources\R.jar;D:\aarambh\frontend\node_modules\react-native-screens\android\build\intermediates\compile_library_classes_jar\release\bundleLibCompileToJarRelease\classes.jar;C:\Users\USER\.gradle\caches\8.14.3\transforms\d1ff2d2667f7d4e152e45f9118f2ba54\transformed\react-android-0.81.5-release-api.jar;C:\Users\USER\.gradle\caches\8.14.3\transforms\a8355b39797f4cf2f67a0fa6d49c06c4\transformed\fresco-3.6.0-api.jar;C:\Users\USER\.gradle\caches\8.14.3\transforms\671cb54975d8f40a4a1e92a0e3d032e4\transformed\imagepipeline-okhttp3-3.6.0-api.jar;C:\Users\USER\.gradle\caches\8.14.3\transforms\64d0fa98e2fdd18bd92058f853bb2b86\transformed\middleware-3.6.0-api.jar;C:\Users\USER\.gradle\caches\8.14.3\transforms\a202ed36926b5a76a703cb7e2f2c5751\transformed\ui-common-3.6.0-api.jar;D:\aarambh\frontend\node_modules\expo\android\build\intermediates\compile_library_classes_jar\release\bundleLibCompileToJarRelease\classes.jar;D:\aarambh\frontend\node_modules\expo-modules-core\android\build\intermediates\compile_library_classes_jar\release\bundleLibCompileToJarRelease\classes.jar;C:\Users\USER\.gradle\caches\8.14.3\transforms\4bcc5e7ad33f3cbe3c22d51681162c22\transformed\expo.modules.camera-17.0.10-api.jar;C:\Users\USER\.gradle\caches\8.14.3\transforms\1f5ea2951bb611e7f591bd6687a5e4e1\transformed\appcompat-resources-1.7.1-api.jar;C:\Users\USER\.gradle\caches\8.14.3\transforms\955f900ada12ab85ea6f23888ec6d01c\transformed\appcompat-1.7.1-api.jar;C:\Users\USER\.gradle\caches\8.14.3\transforms\c023bd3fdd86995cf79f12bd73af60fa\transformed\expo.modules.filesystem-19.0.23-api.jar;C:\Users\USER\.gradle\caches\8.14.3\transforms\df043c4b05566b07f43b273707dfd326\transformed\legacy-support-v4-1.0.0-api.jar;C:\Users\USER\.gradle\caches\8.14.3\transforms\057b31f3b28403d6dfa2269ae0af19e4\transformed\expo.modules.image-3.0.11-api.jar;C:\Users\USER\.gradle\caches\8.14.3\transforms\7270324095a941b263a6c405b54f3e20\transformed\expo.modules.imageloader-6.0.0-api.jar;C:\Users\USER\.gradle\caches\8.14.3\transforms\4d0292250667680c20e25575f9a37987\transformed\okhttp3-integration-4.11.0-api.jar;C:\Users\USER\.gradle\caches\8.14.3\transforms\bab356546965b2457c0599f2f932c7c8\transformed\glide-4.16.0-api.jar;C:\Users\USER\.gradle\caches\8.14.3\transforms\d7c59c54a9ef02b74b7006e12ca61c9e\transformed\fragment-1.6.1-api.jar;C:\Users\USER\.gradle\caches\8.14.3\transforms\023e641e1c73ac3e83a64fe2449c549e\transformed\activity-1.10.0-api.jar;C:\Users\USER\.gradle\caches\8.14.3\transforms\eca7756d41a46e9bd358e4f0acb9b779\transformed\legacy-support-core-ui-1.0.0-api.jar;C:\Users\USER\.gradle\caches\8.14.3\transforms\14bfa4f4c56347b12d1dca078fe5a968\transformed\legacy-support-core-utils-1.0.0-api.jar;C:\Users\USER\.gradle\caches\8.14.3\transforms\59a7a5441a70a34a2e5cf0dbb18262a1\transformed\loader-1.1.0-api.jar;C:\Users\USER\.gradle\caches\8.14.3\transforms\6e738d9f7137c038d33487deec09956f\transformed\swiperefreshlayout-1.1.0-api.jar;C:\Users\USER\.gradle\caches\8.14.3\transforms\49916e7a4f16b2e211f9b89330231325\transformed\core-ktx-1.16.0-api.jar;C:\Users\USER\.gradle\caches\8.14.3\transforms\a5b7afef427647bd813fe7110fb232c0\transformed\expo.modules.webbrowser-15.0.11-api.jar;C:\Users\USER\.gradle\caches\8.14.3\transforms\0fe100c47143b76accb5b7d7ae4a710b\transformed\browser-1.6.0-api.jar;C:\Users\USER\.gradle\caches\8.14.3\transforms\2623a7cf6d50cc245f3e27559ad38588\transformed\drawerlayout-1.1.1-api.jar;C:\Users\USER\.gradle\caches\8.14.3\transforms\73dd28ce8c5b7965336a8642ba9d0c6b\transformed\vectordrawable-animated-1.1.0-api.jar;C:\Users\USER\.gradle\caches\8.14.3\transforms\9dcf144118bd36515d2f9f5e19d892e8\transformed\vectordrawable-1.1.0-api.jar;C:\Users\USER\.gradle\caches\8.14.3\transforms\2416aae898d47c9e3a119be79de7b60b\transformed\expo.modules.av-16.0.8-api.jar;C:\Users\USER\.gradle\caches\8.14.3\transforms\b4223055add3eec120d35a05bd629137\transformed\exoplayer-2.18.1-api.jar;C:\Users\USER\.gradle\caches\8.14.3\transforms\3825a67be219e17ad6a3924531576036\transformed\exoplayer-ui-2.18.1-api.jar;C:\Users\USER\.gradle\caches\8.14.3\transforms\9c8f078dfdfe74992c038324cb57ef36\transformed\media-1.4.3-api.jar;C:\Users\USER\.gradle\caches\8.14.3\transforms\d980fb07799502ea8fbc668cb38687e3\transformed\viewpager-1.0.0-api.jar;C:\Users\USER\.gradle\caches\8.14.3\transforms\9792e55707607d682dbe14c77174844d\transformed\coordinatorlayout-1.2.0-api.jar;C:\Users\USER\.gradle\caches\8.14.3\transforms\c6341e864d20da35cff6db74731eeea4\transformed\slidingpanelayout-1.0.0-api.jar;C:\Users\USER\.gradle\caches\8.14.3\transforms\3134c48d43d35659af018f289fc23591\transformed\customview-1.1.0-api.jar;C:\Users\USER\.gradle\caches\8.14.3\transforms\d55654f9aa66709e13a622895892e2d6\transformed\asynclayoutinflater-1.0.0-api.jar;C:\Users\USER\.gradle\caches\8.14.3\transforms\92e2ecfb0439f1971c6445fb46f17a02\transformed\core-1.16.0-api.jar;C:\Users\USER\.gradle\caches\8.14.3\transforms\8ff237c85498e3a3af7926ae88b0ee92\transformed\lifecycle-viewmodel-2.8.7-api.jar;C:\Users\USER\.gradle\caches\8.14.3\transforms\157b2bec69b70de05f04648ade499bc5\transformed\lifecycle-viewmodel-release-api.jar;C:\Users\USER\.gradle\caches\8.14.3\transforms\7f53f78f2fe8df6aa57d24ce029bab63\transformed\lifecycle-runtime-release-api.jar;C:\Users\USER\.gradle\caches\8.14.3\transforms\dfca32d33da3736e0fe62013aba5ee87\transformed\lifecycle-livedata-core-2.8.7-api.jar;C:\Users\USER\.gradle\caches\8.14.3\transforms\b021b12cf64185269b89b95a2ecd4a5f\transformed\lifecycle-viewmodel-savedstate-2.8.7-api.jar;C:\Users\USER\.gradle\caches\modules-2\files-2.1\androidx.lifecycle\lifecycle-common-jvm\2.8.7\7174a594afb73a9ad9ac9074ce78b94af3cc52a7\lifecycle-common-jvm-2.8.7.jar;C:\Users\USER\.gradle\caches\modules-2\files-2.1\org.jetbrains.kotlinx\kotlinx-coroutines-core-jvm\1.9.0\9beade4c1c1569e4f36cbd2c37e02e3e41502601\kotlinx-coroutines-core-jvm-1.9.0.jar;C:\Users\USER\.gradle\caches\modules-2\files-2.1\org.jetbrains.kotlinx\kotlinx-coroutines-android\1.9.0\6cf3b8df5a2ce8c6b0dffe55657a827c405ee2fe\kotlinx-coroutines-android-1.9.0.jar;C:\Users\USER\.gradle\caches\8.14.3\transforms\f32a874dc8eeb4a88ed7b518904d2cb5\transformed\savedstate-1.2.1-api.jar;C:\Users\USER\.gradle\caches\8.14.3\transforms\4e4010baa57e6a86d782abc833c927fd\transformed\fbcore-3.6.0-api.jar;C:\Users\USER\.gradle\caches\8.14.3\transforms\0de1c15f3e05c31c8d70661bfd1d6a47\transformed\drawee-3.6.0-api.jar;C:\Users\USER\.gradle\caches\modules-2\files-2.1\com.squareup.okhttp3\okhttp-urlconnection\4.9.2\3b9e64d3d56370bc7488ed8b336d17a8013cb336\okhttp-urlconnection-4.9.2.jar;C:\Users\USER\.gradle\caches\8.14.3\transforms\6020e9fef9040d063341cdc85de54e29\transformed\extension-okhttp-2.18.1-api.jar;C:\Users\USER\.gradle\caches\modules-2\files-2.1\com.squareup.okhttp3\okhttp\4.12.0\2f4525d4a200e97e1b87449c2cd9bd2e25b7e8cd\okhttp-4.12.0.jar;C:\Users\USER\.gradle\caches\modules-2\files-2.1\org.jetbrains.kotlin\kotlin-stdlib-jdk8\1.8.22\b25c86d47d6b962b9cf0f8c3f320c8a10eea3dd1\kotlin-stdlib-jdk8-1.8.22.jar;C:\Users\USER\.gradle\caches\modules-2\files-2.1\com.squareup.okio\okio-jvm\3.9.1\79696e3f4ff05d41ba2b3dc68adb5808a2e5dc53\okio-jvm-3.9.1.jar;D:\aarambh\frontend\node_modules\expo-constants\android\build\intermediates\compile_library_classes_jar\release\bundleLibCompileToJarRelease\classes.jar;C:\Users\USER\.gradle\caches\8.14.3\transforms\e863cdc698d30954d748e8101002893d\transformed\expo.modules.haptics-15.0.8-api.jar;C:\Users\USER\.gradle\caches\8.14.3\transforms\3a775bbafbb9cb49a1391eb92850dd8c\transformed\cursoradapter-1.0.0-api.jar;C:\Users\USER\.gradle\caches\8.14.3\transforms\36fc2506a8d74a32e2907d227725bcb5\transformed\interpolator-1.0.0-api.jar;C:\Users\USER\.gradle\caches\8.14.3\transforms\1364bc70ecb254f2e9cfb17c7dfa11cb\transformed\gifdecoder-4.16.0-api.jar;C:\Users\USER\.gradle\caches\8.14.3\transforms\94bb797470a6866e2e8007defe3e14d1\transformed\versionedparcelable-1.1.1-api.jar;C:\Users\USER\.gradle\caches\8.14.3\transforms\49cd3ec05ef241cd5b4523bc66382495\transformed\localbroadcastmanager-1.0.0-api.jar;C:\Users\USER\.gradle\caches\8.14.3\transforms\c01918becd85ee843b2a0a4c59047d1c\transformed\print-1.0.0-api.jar;C:\Users\USER\.gradle\caches\modules-2\files-2.1\androidx.collection\collection-jvm\1.4.2\bc60b5568a66d765a9fe8e266fd0c6c727e0b50b\collection-jvm-1.4.2.jar;C:\Users\USER\.gradle\caches\modules-2\files-2.1\androidx.arch.core\core-common\2.2.0\5e1b8b81dfd5f52c56a8d53b18ca759c19a301f3\core-common-2.2.0.jar;C:\Users\USER\.gradle\caches\modules-2\files-2.1\androidx.annotation\annotation-jvm\1.9.1\b17951747e38bf3986a24431b9ba0d039958aa5f\annotation-jvm-1.9.1.jar;C:\Users\USER\.gradle\caches\8.14.3\transforms\e1e52e548cd431bef86ab3a75a5c57de\transformed\annotation-experimental-1.4.1-api.jar;C:\Users\USER\.gradle\caches\8.14.3\transforms\8adfab36472f614a17fa5af86baffe30\transformed\core-viewtree-1.0.0-api.jar;C:\Users\USER\.gradle\caches\8.14.3\transforms\b1e85b97fa94f4b4f51a96cf3bc4a184\transformed\ui-core-3.6.0-api.jar;C:\Users\USER\.gradle\caches\8.14.3\transforms\4c3663dde0ea3f7565f2c57944c8f1e4\transformed\imagepipeline-3.6.0-api.jar;C:\Users\USER\.gradle\caches\8.14.3\transforms\befab0bcb77e7b2e3959c99126ce0b97\transformed\imagepipeline-base-3.6.0-api.jar;C:\Users\USER\.gradle\caches\modules-2\files-2.1\org.jetbrains.kotlin\kotlin-stdlib-jdk7\2.1.20\72672df5e83231744c00550955b10acb71ed49d6\kotlin-stdlib-jdk7-2.1.20.jar;C:\Users\USER\.gradle\caches\modules-2\files-2.1\org.jetbrains.kotlin\kotlin-stdlib\2.1.20\aa8ca79cd50578314f6d1180c47cbe14c0fee567\kotlin-stdlib-2.1.20.jar;D:\aarambh\frontend\node_modules\@react-native-async-storage\async-storage\android\build\intermediates\compile_library_classes_jar\release\bundleLibCompileToJarRelease\classes.jar;D:\aarambh\frontend\node_modules\react-native-gesture-handler\android\build\intermediates\compile_library_classes_jar\release\bundleLibCompileToJarRelease\classes.jar;D:\aarambh\frontend\node_modules\react-native-keyboard-controller\android\build\intermediates\compile_library_classes_jar\release\bundleLibCompileToJarRelease\classes.jar;D:\aarambh\frontend\node_modules\react-native-razorpay\android\build\intermediates\compile_library_classes_jar\release\bundleLibCompileToJarRelease\classes.jar;D:\aarambh\frontend\node_modules\react-native-reanimated\android\build\intermediates\compile_library_classes_jar\release\bundleLibCompileToJarRelease\classes.jar;D:\aarambh\frontend\node_modules\react-native-safe-area-context\android\build\intermediates\compile_library_classes_jar\release\bundleLibCompileToJarRelease\classes.jar;D:\aarambh\frontend\node_modules\react-native-svg\android\build\intermediates\compile_library_classes_jar\release\bundleLibCompileToJarRelease\classes.jar;D:\aarambh\frontend\node_modules\react-native-webrtc\android\build\intermediates\compile_library_classes_jar\release\bundleLibCompileToJarRelease\classes.jar;D:\aarambh\frontend\node_modules\react-native-worklets\android\build\intermediates\compile_library_classes_jar\release\bundleLibCompileToJarRelease\classes.jar;C:\Users\USER\.gradle\caches\8.14.3\transforms\842b39310da88018d971a15a9aa833a0\transformed\animated-gif-3.6.0-api.jar;C:\Users\USER\.gradle\caches\8.14.3\transforms\4bf38638c10471411f1ea80314b27b4d\transformed\webpsupport-3.6.0-api.jar;C:\Users\USER\.gradle\caches\8.14.3\transforms\51dc2e26f9ee4235410fed158a195d75\transformed\hermes-android-0.81.5-release-api.jar;C:\Users\USER\.gradle\caches\modules-2\files-2.1\org.jetbrains\annotations\23.0.0\8cc20c07506ec18e0834947b84a864bfc094484e\annotations-23.0.0.jar;C:\Users\USER\.gradle\caches\8.14.3\transforms\5b1784285565ab57b49cb1855fd15998\transformed\exoplayer-core-2.18.1-api.jar;C:\Users\USER\.gradle\caches\8.14.3\transforms\781bd79a515e2e17c32e813f01ff6c62\transformed\exoplayer-common-2.18.1-api.jar;C:\Users\USER\.gradle\caches\modules-2\files-2.1\com.google.guava\guava\31.0.1-android\b400db548e748a1a60ba18543ad4fbb44a675a69\guava-31.0.1-android.jar;C:\Users\USER\.gradle\caches\modules-2\files-2.1\com.google.guava\listenablefuture\9999.0-empty-to-avoid-conflict-with-guava\b421526c5f297295adef1c886e5246c39d4ac629\listenablefuture-9999.0-empty-to-avoid-conflict-with-guava.jar;C:\Users\USER\.gradle\caches\8.14.3\transforms\4da89da7893dafdd0519ee6d5f348d7c\transformed\tracing-1.2.0-api.jar;C:\Users\USER\.gradle\caches\8.14.3\transforms\118aaf44475c7bb5096dab15ce9e5ca5\transformed\exifinterface-1.4.1-api.jar;C:\Users\USER\.gradle\caches\8.14.3\transforms\6464d83c2b24a90816835c73f397a795\transformed\documentfile-1.1.0-api.jar;C:\Users\USER\.gradle\caches\modules-2\files-2.1\org.jspecify\jspecify\1.0.0\7425a601c1c7ec76645a78d22b8c6a627edee507\jspecify-1.0.0.jar;C:\Users\USER\.gradle\caches\8.14.3\transforms\4e111bc800d855cf56e037e7617c86e0\transformed\autofill-1.1.0-api.jar;C:\Users\USER\.gradle\caches\8.14.3\transforms\6f43cc58917cfcc57bfebe52d8937386\transformed\fbjni-0.7.0-api.jar;C:\Users\USER\.gradle\caches\8.14.3\transforms\706c4a8633264bb32af03ccd4b8da323\transformed\soloader-0.12.1-api.jar;C:\Users\USER\.gradle\caches\modules-2\files-2.1\com.facebook.soloader\nativeloader\0.12.1\492cc5082540e19b29328f2f56c53255cb6e7cc6\nativeloader-0.12.1.jar;C:\Users\USER\.gradle\caches\modules-2\files-2.1\com.facebook.soloader\annotation\0.12.1\945ada76f62253ba8e72cbf755d0e85ea7362cfe\annotation-0.12.1.jar;C:\Users\USER\.gradle\caches\modules-2\files-2.1\com.facebook.infer.annotation\infer-annotation\0.18.0\27539793fe93ed7d92b6376281c16cda8278ab2f\infer-annotation-0.18.0.jar;C:\Users\USER\.gradle\caches\modules-2\files-2.1\com.google.code.findbugs\jsr305\3.0.2\25ea2e8b0c338a877313bd4672d3fe056ea78f0d\jsr305-3.0.2.jar;C:\Users\USER\.gradle\caches\modules-2\files-2.1\org.jetbrains.kotlin\kotlin-annotations-jvm\1.3.72\7dba6c57de526588d8080317bda0c14cd88c8055\kotlin-annotations-jvm-1.3.72.jar;C:\Users\USER\.gradle\caches\8.14.3\transforms\f979db765c17764c8b881882b62e00c4\transformed\imagepipeline-native-3.6.0-api.jar;C:\Users\USER\.gradle\caches\8.14.3\transforms\c7fc4207dda0e4117bf7889d48864637\transformed\memory-type-ashmem-3.6.0-api.jar;C:\Users\USER\.gradle\caches\8.14.3\transforms\c8c7746c931f093cab61effeec53d35c\transformed\memory-type-native-3.6.0-api.jar;C:\Users\USER\.gradle\caches\8.14.3\transforms\31ba3c11c4274d08ea298783793ef95a\transformed\memory-type-java-3.6.0-api.jar;C:\Users\USER\.gradle\caches\8.14.3\transforms\2944c452ee02efe4f56aa06f0da44f09\transformed\nativeimagefilters-3.6.0-api.jar;C:\Users\USER\.gradle\caches\8.14.3\transforms\2ba82a540b29b924e7c18ccec0c9febd\transformed\nativeimagetranscoder-3.6.0-api.jar;C:\Users\USER\.gradle\caches\modules-2\files-2.1\com.facebook.yoga\proguard-annotations\1.19.0\fcbbb39052e6490eaaf6a6959c49c3a4fbe87c63\proguard-annotations-1.19.0.jar;C:\Users\USER\.gradle\caches\modules-2\files-2.1\javax.inject\javax.inject\1\6975da39a7040257bd51d21a231b76c915872d38\javax.inject-1.jar;C:\Users\USER\.gradle\caches\modules-2\files-2.1\commons-io\commons-io\2.6\815893df5f31da2ece4040fe0a12fd44b577afaf\commons-io-2.6.jar;C:\Users\USER\.gradle\caches\8.14.3\transforms\1fa96372100b708b50c0d0db7f464213\transformed\expo.modules.asset-12.0.13-api.jar;C:\Users\USER\.gradle\caches\modules-2\files-2.1\com.google.guava\failureaccess\1.0.1\1dcf1de382a0bf95a3d8b0849546c88bac1292c9\failureaccess-1.0.1.jar;C:\Users\USER\.gradle\caches\8.14.3\transforms\56380cbf8cddcd4593cbc04c18d5c50f\transformed\exoplayer-database-2.18.1-api.jar;C:\Users\USER\.gradle\caches\8.14.3\transforms\4f747b708f033dd0cd624c64cfc124fd\transformed\exoplayer-datasource-2.18.1-api.jar;C:\Users\USER\.gradle\caches\8.14.3\transforms\58184616e26f643d3fd940e03a1359aa\transformed\exoplayer-decoder-2.18.1-api.jar;C:\Users\USER\.gradle\caches\8.14.3\transforms\af5478adde75ec4da370894303b4d825\transformed\exoplayer-extractor-2.18.1-api.jar;C:\Users\USER\.gradle\caches\8.14.3\transforms\322d4084b530fa42d006808123d64751\transformed\exoplayer-dash-2.18.1-api.jar;C:\Users\USER\.gradle\caches\8.14.3\transforms\edf3af24518bd862504b383afb8e3866\transformed\exoplayer-hls-2.18.1-api.jar;C:\Users\USER\.gradle\caches\8.14.3\transforms\397cf8f3e6ce4888619ca6e4804e2b38\transformed\exoplayer-rtsp-2.18.1-api.jar;C:\Users\USER\.gradle\caches\8.14.3\transforms\dccd2b07951075698c93b68608bd5eab\transformed\exoplayer-smoothstreaming-2.18.1-api.jar;C:\Users\USER\.gradle\caches\modules-2\files-2.1\commons-codec\commons-codec\1.10\4b95f4897fa13f2cd904aee711aeafc0c5295cd8\commons-codec-1.10.jar;C:\Users\USER\.gradle\caches\8.14.3\transforms\67fbb4009f46facd572ee96b6230465c\transformed\expo.modules.font-14.0.12-api.jar;C:\Users\USER\.gradle\caches\modules-2\files-2.1\com.github.bumptech.glide\disklrucache\4.16.0\411aa175d50d10b37c7a1a04d21a4e7145249557\disklrucache-4.16.0.jar;C:\Users\USER\.gradle\caches\modules-2\files-2.1\com.github.bumptech.glide\annotations\4.16.0\90730f6498299d207aa0878124ab7585969808f0\annotations-4.16.0.jar;C:\Users\USER\.gradle\caches\8.14.3\transforms\d905c142ef17370e13b16bb84bb82276\transformed\androidsvg-aar-1.4-api.jar;C:\Users\USER\.gradle\caches\8.14.3\transforms\2ec0f6fbc9a0162d14e4ed7372f88637\transformed\expo.modules.imagepicker-17.0.11-api.jar;C:\Users\USER\.gradle\caches\8.14.3\transforms\be1f4b9cb8f186570fe27acaebf3b50b\transformed\expo.modules.keepawake-15.0.8-api.jar;C:\Users\USER\.gradle\caches\8.14.3\transforms\2f789bdbd8b3ddd8bc8862b9181e87a7\transformed\expo.modules.lineargradient-15.0.8-api.jar;C:\Users\USER\.gradle\caches\8.14.3\transforms\7819b0b019164bbe7002fdf2f8aeee23\transformed\expo.modules.linking-8.0.12-api.jar;C:\Users\USER\.gradle\caches\8.14.3\transforms\a0c77073197a47686ebaf000a5403e27\transformed\expo.modules.screenorientation-9.0.9-api.jar;C:\Users\USER\.gradle\caches\8.14.3\transforms\53abc72f26b631dd81208ad0b6c32b3e\transformed\expo.modules.speech-14.0.8-api.jar;C:\Users\USER\.gradle\caches\8.14.3\transforms\6663758ab8561ef3d9541d1f852272ef\transformed\expo.modules.splashscreen-31.0.13-api.jar;C:\Users\USER\.gradle\caches\8.14.3\transforms\03a3ea4b2853cba0cad17e6520059197\transformed\expo.modules.systemui-6.0.9-api.jar;C:\Users\USER\.gradle\caches\8.14.3\transforms\b200c296bd03efca9028fd73af225a8c\transformed\webrtc-124.0.0-api.jar -d D:\aarambh\frontend\android\app\build\tmp\kotlin-classes\release -jvm-target 17 -module-name app_release -no-jdk -no-reflect -no-stdlib D:\aarambh\frontend\android\app\build\generated\source\buildConfig\release\com\ohms\english\BuildConfig.java D:\aarambh\frontend\android\app\build\generated\autolinking\src\main\java\com\facebook\react\PackageList.java D:\aarambh\frontend\android\app\build\generated\autolinking\src\main\java\com\facebook\react\ReactNativeApplicationEntryPoint.java D:\aarambh\frontend\android\app\src\main\java\com\ohms\english\MainActivity.kt D:\aarambh\frontend\android\app\src\main\java\com\ohms\english\MainApplication.kt
2026-08-14 11:41:15.224 [daemon] INFO: Message: logging: using Kotlin home directory <no_path>
2026-08-14 11:41:15.224 [daemon] INFO: Message: logging: exception on loading scripting plugin: java.lang.ClassNotFoundException: org.jetbrains.kotlin.scripting.compiler.plugin.ScriptingCompilerConfigurationComponentRegistrar
2026-08-14 11:41:15.225 [daemon] INFO: Message: logging: scripting plugin will not be loaded: not all required jars are present in the classpath (missing files: [.\kotlin-scripting-compiler.jar, .\kotlin-scripting-compiler-impl.jar, .\kotlin-scripting-common.jar, .\kotlin-scripting-jvm.jar])
2026-08-14 11:41:15.225 [daemon] INFO: Message: logging: configuring the compilation environment
2026-08-14 11:41:15.225 [daemon] INFO: Message: output: output:
D:\aarambh\frontend\android\app\build\tmp\kotlin-classes\release\com\ohms\english\MainActivity.class
Sources:
D:\aarambh\frontend\android\app\src\main\java\com\ohms\english\MainActivity.kt
2026-08-14 11:41:15.225 [daemon] INFO: Message: output: output:
D:\aarambh\frontend\android\app\build\tmp\kotlin-classes\release\com\ohms\english\MainActivity$createReactActivityDelegate$1.class
Sources:
D:\aarambh\frontend\android\app\src\main\java\com\ohms\english\MainActivity.kt
2026-08-14 11:41:15.225 [daemon] INFO: Message: output: output:
D:\aarambh\frontend\android\app\build\tmp\kotlin-classes\release\com\ohms\english\MainApplication.class
Sources:
D:\aarambh\frontend\android\app\src\main\java\com\ohms\english\MainApplication.kt
2026-08-14 11:41:15.228 [daemon] INFO: Message: output: output:
D:\aarambh\frontend\android\app\build\tmp\kotlin-classes\release\com\ohms\english\MainApplication$reactNativeHost$1.class
Sources:
D:\aarambh\frontend\android\app\src\main\java\com\ohms\english\MainApplication.kt
2026-08-14 11:41:15.229 [daemon] INFO: Message: output: output:
D:\aarambh\frontend\android\app\build\tmp\kotlin-classes\release\META-INF\app_release.kotlin_module
Sources:
D:\aarambh\frontend\android\app\src\main\java\com\ohms\english\MainApplication.kt
D:\aarambh\frontend\android\app\src\main\java\com\ohms\english\MainActivity.kt
2026-08-14 11:41:15.229 [daemon] INFO: Message: warning: 'class ReactNativeHost : Any' is deprecated. Deprecated in Java.
import com.facebook.react.ReactNativeHost
       ^^^^^^^^^^^^^^^^^^^^^^^^^^^^^^^^^^
2026-08-14 11:41:15.230 [daemon] INFO: Message: warning: this declaration overrides a deprecated member but is not marked as deprecated itself. Add the '@Deprecated' annotation or suppress the diagnostic.
  override val reactNativeHost: ReactNativeHost = ReactNativeHostWrapper(
               ^^^^^^^^^^^^^^^
2026-08-14 11:41:15.230 [daemon] INFO: Message: warning: 'class ReactNativeHost : Any' is deprecated. Deprecated in Java.
  override val reactNativeHost: ReactNativeHost = ReactNativeHostWrapper(
                                ^^^^^^^^^^^^^^^
2026-08-14 11:41:16.097 [compiler] INFO: Done with result 0
2026-08-14 11:41:16.099 [compiler] INFO: cleaning after session 11
